OriginalPath,NewPath,FileSHA256
/data/data/com.termux/files/home/storage/terminal/universe/bbs/bbs_heritage.md,/data/data/com.termux/files/home/pixelation/docs/markdown_archive/bbs_heritage.md,f76b99d6745c29acf74b4ee60fd493a09d3f605a1fe3ac86fb12c9e1a4b7f2d4
/data/data/com.termux/files/home/storage/terminal/universe/test_file_types/readme.md,/data/data/com.termux/files/home/pixelation/docs/markdown_archive/readme.md,97c866f9cf16b08a6d5e7c207c7e5087bd7d97ab96193e0ce63e7f3d092b204d
/data/data/com.termux/files/home/storage/terminal/gps-app/google-drive-setup.md,/data/data/com.termux/files/home/pixelation/docs/markdown_archive/google-drive-setup.md,ecd1d62696a60f63002a6884198194ffa1ec8f6066cb3b362a2bd56311815fb6
/data/data/com.termux/files/home/storage/terminal/gps-app/CONSCIOUSNESS_COLLABORATION_SUMMARY.md,/data/data/com.termux/files/home/pixelation/docs/markdown_archive/CONSCIOUSNESS_COLLABORATION_SUMMARY.md,82cd6719c1460232f955893b6faccdfe627ea29ef6864a823cfbf1e358585566
/data/data/com.termux/files/home/storage/terminal/gps-app/ATOMIC_SENSOR_INTEGRATION_COMPLETE.md,/data/data/com.termux/files/home/pixelation/docs/markdown_archive/ATOMIC_SENSOR_INTEGRATION_COMPLETE.md,4a40801ac5fb4e25a517f94540d8101873be0d9ee8d491b54649dee34815f2ad
/data/data/com.termux/files/home/storage/terminal/gps-app/SENSOR_ACCESS_INVESTIGATION.md,/data/data/com.termux/files/home/pixelation/docs/markdown_archive/SENSOR_ACCESS_INVESTIGATION.md,43e3b68475bf14320f799ce858eeb215f8d021d22c483ce111a5fde4ac13976d
/data/data/com.termux/files/home/storage/terminal/gps-app/DASHBOARD_CONSCIOUS_COMPLETE.md,/data/data/com.termux/files/home/pixelation/docs/markdown_archive/DASHBOARD_CONSCIOUS_COMPLETE.md,6aa30f8556ce9d893018534529de502638abbdfb1f0d9594c79cef36c95c9dec
/data/data/com.termux/files/home/storage/terminal/gps-app/PIXEL_8A_ENVIRONMENTAL_COMPLETE.md,/data/data/com.termux/files/home/pixelation/docs/markdown_archive/PIXEL_8A_ENVIRONMENTAL_COMPLETE.md,362ebb940b244836d2d93e59d6d1d853dd5deff7b7cc95bd6a5c6f81e0a44895
/data/data/com.termux/files/home/storage/terminal/gps-app/SACRED_EMPIRE_LIVE_COMPLETE.md,/data/data/com.termux/files/home/pixelation/docs/markdown_archive/SACRED_EMPIRE_LIVE_COMPLETE.md,7d2c2442788676365a79d69ddad4f6feebb6c40a2b94d1bf6210abd9affe352b
/data/data/com.termux/files/home/storage/terminal/docs/INTERACTIVE_CONVERSION_SYSTEM.md,/data/data/com.termux/files/home/pixelation/docs/markdown_archive/INTERACTIVE_CONVERSION_SYSTEM.md,fa6e266a499e0724549e5efa534957ef3ec1989194354269d92ade028fb2c69a
/data/data/com.termux/files/home/storage/terminal/docs/UNIVERSAL_CONVERSION_SYSTEM.md,/data/data/com.termux/files/home/pixelation/docs/markdown_archive/UNIVERSAL_CONVERSION_SYSTEM.md,03820c0275327b3a12071e7aa8ebb34a16a16adddfc6578483fb8460021077f9
/data/data/com.termux/files/home/storage/terminal/docs/SCAT_WORKFLOW_COMPLETE.md,/data/data/com.termux/files/home/pixelation/docs/markdown_archive/SCAT_WORKFLOW_COMPLETE.md,0cc407c29ab10b2df9062bccc178a38bebe705ce5bd18645fea0e6e612637553
/data/data/com.termux/files/home/storage/terminal/README.md,/data/data/com.termux/files/home/pixelation/docs/markdown_archive/README.md,2bd61708f06834015be1af52627f6d6f674e7cbedd709e41a3c069900349c735
/data/data/com.termux/files/home/storage/terminal/sacred_empire/sacred_empire_game_design.md,/data/data/com.termux/files/home/pixelation/docs/markdown_archive/sacred_empire_game_design.md,d7ee570dc487ccb1b00ec44e788730a6d6836d24c4450252c9c5e0bbcc9d3c8a
/data/data/com.termux/files/home/storage/terminal/frameworks/sacred_empire_terminal_framework.md,/data/data/com.termux/files/home/pixelation/docs/markdown_archive/sacred_empire_terminal_framework.md,21afc564eb2ca2b2aa5ecb0d9fc9adf7565d23ab86c25fab8562e83bca3c0e06
/data/data/com.termux/files/home/storage/terminal/frameworks/conscious_terminal_guide.md,/data/data/com.termux/files/home/pixelation/docs/markdown_archive/conscious_terminal_guide.md,0f23bffd1668a135e38ae3a560939aede5fdb40420a4396c2a6c7f3a1fd451b2
/data/data/com.termux/files/home/storage/terminal/TERMINAL_DEVELOPMENT_GUIDE.md,/data/data/com.termux/files/home/pixelation/docs/markdown_archive/TERMINAL_DEVELOPMENT_GUIDE.md,afd171eae291b5ef151759b52e3c14e492b362281105cc16798aab1efe70e8d6
/data/data/com.termux/files/home/storage/terminal/prospectus/terminal_sacred_odyssey_prospectus.md,/data/data/com.termux/files/home/pixelation/docs/markdown_archive/terminal_sacred_odyssey_prospectus.md,6915f17c5771316cff65980aa8019aabe2b43bf5aac7cac586b043da93297904
/data/data/com.termux/files/home/storage/terminal/prospectus/terminal_sacred_odyssey_prospectus_v2.md,/data/data/com.termux/files/home/pixelation/docs/markdown_archive/terminal_sacred_odyssey_prospectus_v2.md,5495f5d6f81d4394eff450362e483ce598b5ac4593125a76843b2d7f7e7ae011
/data/data/com.termux/files/home/storage/terminal/SACRED_EMPIRE_COMPLETE_GUIDE.md,/data/data/com.termux/files/home/pixelation/docs/markdown_archive/SACRED_EMPIRE_COMPLETE_GUIDE.md,9b79c4e6f3c8d3670c5ad4e8e6ccf71f6a7b8c95bbd00741cca22ab84dbddb5d
/data/data/com.termux/files/home/storage/terminal/Ωscripts/scripts/LexemeMancer_Logs/batch_processing_report_20250820_135537.md,/data/data/com.termux/files/home/pixelation/docs/markdown_archive/batch_processing_report_20250820_135537.md,3f36c91c3aa680ae8687224332382540c832a2be4833f83bbe0aa26904b5b116
/data/data/com.termux/files/home/storage/terminal/workspace_analysis_20250820_143509/LexemeMancer_Analysis.md,/data/data/com.termux/files/home/pixelation/docs/markdown_archive/LexemeMancer_Analysis.md,6c6386adc6c7ba6e3864e214772965c41b859b7953a6a7f339fb4858af12f420
/data/data/com.termux/files/home/storage/terminal/workspace_analysis_20250820_143509/TitleMancer_Analysis.md,/data/data/com.termux/files/home/pixelation/docs/markdown_archive/TitleMancer_Analysis.md,c168df651389b98e1846b3ec8225fb11400d884047a244c91663cd37b9b78aba
/data/data/com.termux/files/home/storage/terminal/workspace_analysis_20250820_143509/Complete_Documents.md,/data/data/com.termux/files/home/pixelation/docs/markdown_archive/Complete_Documents.md,a2c17bd6518d3bc5755e9fcd4ca95ae5ef8eb4f26ad0ffc6e82a1751f87f8caf
/data/data/com.termux/files/home/storage/terminal/workspace_analysis_20250820_143509/Archive_Analysis.md,/data/data/com.termux/files/home/pixelation/docs/markdown_archive/Archive_Analysis.md,2fe0eb4ad66c30fe5d2ad1fdb8e3d5208e09811e581b911873b2cccd872ce907
/data/data/com.termux/files/home/storage/terminal/workspace_analysis_20250820_143509/Unexusi_Overview.md,/data/data/com.termux/files/home/pixelation/docs/markdown_archive/Unexusi_Overview.md,e2a1436cdbe7b55f83c84e3e655e721757ef1fc58d9f546a9f438b54ffcfde7c
/data/data/com.termux/files/home/storage/terminal/workspace_analysis_20250820_143509/MASTER_INDEX.md,/data/data/com.termux/files/home/pixelation/docs/markdown_archive/MASTER_INDEX.md,7128f8de0ff02c6a8da1750f3ba9338218b0efcfd0376edd800cd3c4e0486938
/data/data/com.termux/files/home/storage/terminal/workspace_analysis_20250820_181743/LexemeMancer_Analysis.md,/data/data/com.termux/files/home/pixelation/docs/markdown_archive/LexemeMancer_Analysis_v2.md,6a350e7a527ef42384a9498d8cb49bf0de385e4348be9be0717af73d90761ddc
/data/data/com.termux/files/home/storage/terminal/workspace_analysis_20250820_181743/TitleMancer_Analysis.md,/data/data/com.termux/files/home/pixelation/docs/markdown_archive/TitleMancer_Analysis_v2.md,5407c90c80b3c866cbdc1de2101fc73e3d5f07e3f4ff70abad68d2986e488793
/data/data/com.termux/files/home/storage/terminal/workspace_analysis_20250820_181743/Complete_Documents.md,/data/data/com.termux/files/home/pixelation/docs/markdown_archive/Complete_Documents_v2.md,720233466e0fc5c61f2846dac8546f6d6fc72bd173627dbbd2a44f5481f10feb
/data/data/com.termux/files/home/storage/terminal/workspace_analysis_20250820_181743/Archive_Analysis.md,/data/data/com.termux/files/home/pixelation/docs/markdown_archive/Archive_Analysis_v2.md,f819285bb9d347a6a15aa7271b1906601210addc716256229295cc462e8c9208
/data/data/com.termux/files/home/storage/terminal/workspace_analysis_20250820_181743/Unexusi_Overview.md,/data/data/com.termux/files/home/pixelation/docs/markdown_archive/Unexusi_Overview_v2.md,6140ab2fa9e87835bdbefe124fc8bfd998e873d57245019dc05bc119c0beb0fb
/data/data/com.termux/files/home/storage/terminal/workspace_analysis_20250820_181743/MASTER_INDEX.md,/data/data/com.termux/files/home/pixelation/docs/markdown_archive/MASTER_INDEX_v2.md,4584043c9ceb59a2109631a2a9df24f5c5fc5476ef8aeefe1eae9d48129e3169
/data/data/com.termux/files/home/storage/terminal/scat_documents/scat_today/🐲comprehensive_scat_research.md,/data/data/com.termux/files/home/pixelation/docs/markdown_archive/🐲comprehensive_scat_research.md,8abe930b5f091c39e731adc733df4514c21b481cd170976631dcbb2a31bb3411
/data/data/com.termux/files/home/storage/terminal/scat_documents/scat_today/🐲perplexity_scat_research_request.md,/data/data/com.termux/files/home/pixelation/docs/markdown_archive/🐲perplexity_scat_research_request.md,aecd94452bcec74d0fffe72e56452bba22c3accc97c524c6d07550d323427a58
/data/data/com.termux/files/home/storage/terminal/scat_setup_summary.md,/data/data/com.termux/files/home/pixelation/docs/markdown_archive/scat_setup_summary.md,7cda8799d3730860e0ba1977a0b45ece5f83f976de0eb6d290773cba5679e5e8
/data/data/com.termux/files/home/storage/terminal/mega_backup_staging/processing_logs/lexeme/batch_processing_report_20250820_135537.md,/data/data/com.termux/files/home/pixelation/docs/markdown_archive/batch_processing_report_20250820_135537.md,3f36c91c3aa680ae8687224332382540c832a2be4833f83bbe0aa26904b5b116
/data/data/com.termux/files/home/storage/terminal/mega_backup_staging/CONSCIOUSNESS_BACKUP_MANIFEST.md,/data/data/com.termux/files/home/pixelation/docs/markdown_archive/CONSCIOUSNESS_BACKUP_MANIFEST.md,d97a3b6f8d05acdba481554a2013d113492557013f1e0ae2b18b656fa04b4917
/data/data/com.termux/files/home/storage/terminal/mega_backup_staging/MEGA_UPLOAD_INSTRUCTIONS.md,/data/data/com.termux/files/home/pixelation/docs/markdown_archive/MEGA_UPLOAD_INSTRUCTIONS.md,85a2f0befef9df824fd3b647427f36e3895a4b8ca144e553750e86d5488a0734
/data/data/com.termux/files/home/storage/terminal/mymud/README.md,/data/data/com.termux/files/home/pixelation/docs/markdown_archive/README_v2.md,2ddcde8b7d0f6bac7cdca6d676378b0d33edad6b0ebb21c8e07ce1f2fa1da61f
/data/data/com.termux/files/home/storage/terminal/mymud/commands/README.md,/data/data/com.termux/files/home/pixelation/docs/markdown_archive/README_v3.md,9e19bcfe0c24b1d2628df0eb26e6875dd40abc5205c4c38a156febafcc687fc5
/data/data/com.termux/files/home/storage/terminal/mymud/server/README.md,/data/data/com.termux/files/home/pixelation/docs/markdown_archive/README_v4.md,8b7f7c88f31921c2cba68715ecb6a434910459ee12a27fe217945b86e4cb061d
/data/data/com.termux/files/home/storage/terminal/mymud/server/logs/README.md,/data/data/com.termux/files/home/pixelation/docs/markdown_archive/README_v5.md,d8d98afdb7d75c8b4423f97ac77e56bf5371adc2a56b1832e506e44dd0250a4a
/data/data/com.termux/files/home/storage/terminal/mymud/server/.static/README.md,/data/data/com.termux/files/home/pixelation/docs/markdown_archive/README_v6.md,cc05284f78ffb4844e64b5a0c1c872264bcfcd2ac89eb0bdae620e76597141c0
/data/data/com.termux/files/home/storage/terminal/mymud/server/.static/rest_framework/css/README.md,/data/data/com.termux/files/home/pixelation/docs/markdown_archive/README_v7.md,624a60912c13a1691afef1eb8249ee0243cbdda9e52407d8d8afec1a7838990d
/data/data/com.termux/files/home/storage/terminal/mymud/server/.static/rest_framework/images/README.md,/data/data/com.termux/files/home/pixelation/docs/markdown_archive/README_v8.md,026192f17df61d75aabec85be641daaae0bb20fe790853999c812d9ef13ad9ee
/data/data/com.termux/files/home/storage/terminal/mymud/server/.static/webclient/css/README.md,/data/data/com.termux/files/home/pixelation/docs/markdown_archive/README_v9.md,f006e9965c85a2fa28c15dc9c582318974fccb73dfc5deaa0061b7a41b327004
/data/data/com.termux/files/home/storage/terminal/mymud/server/.static/webclient/js/README.md,/data/data/com.termux/files/home/pixelation/docs/markdown_archive/README_v10.md,827390597b0799d8113d27a32e1e2f496922079de526e1d86640ebc0e1481a20
/data/data/com.termux/files/home/storage/terminal/mymud/server/.static/website/css/README.md,/data/data/com.termux/files/home/pixelation/docs/markdown_archive/README_v11.md,19fe9397a9e034f3c3bf86b3a80f337c53ebb2227b15af0d249a410805e45d10
/data/data/com.termux/files/home/storage/terminal/mymud/server/.static/website/images/README.md,/data/data/com.termux/files/home/pixelation/docs/markdown_archive/README_v12.md,f52da61994408a9b954e7292cf05d88781fbcbbdc4b89a3ce8eb34a463acec6f
/data/data/com.termux/files/home/storage/terminal/mymud/server/.static/admin/css/vendor/select2/LICENSE-SELECT2.md,/data/data/com.termux/files/home/pixelation/docs/markdown_archive/LICENSE-SELECT2.md,4ee0cbc51370afde358652a0f977972053729ed578b6a42f5e2a037d114f0b39
/data/data/com.termux/files/home/storage/terminal/mymud/server/.static/admin/js/vendor/select2/LICENSE.md,/data/data/com.termux/files/home/pixelation/docs/markdown_archive/LICENSE-SELECT2.md,4ee0cbc51370afde358652a0f977972053729ed578b6a42f5e2a037d114f0b39
/data/data/com.termux/files/home/storage/terminal/mymud/typeclasses/README.md,/data/data/com.termux/files/home/pixelation/docs/markdown_archive/README_v13.md,89f0f9b01cacab16d0096633617f772dca98675423f7ec8f3613ec789566d9e9
/data/data/com.termux/files/home/storage/terminal/mymud/web/README.md,/data/data/com.termux/files/home/pixelation/docs/markdown_archive/README_v14.md,4aad9ec071ee6e45d25c65699176e9ed3b4d0900e86d48fd7a36161c2a37fefe
/data/data/com.termux/files/home/storage/terminal/mymud/web/admin/README.md,/data/data/com.termux/files/home/pixelation/docs/markdown_archive/README_v15.md,5be33cb542d77f79428d84b5336b942f8ddb4eba971133d0877663aa506f3db0
/data/data/com.termux/files/home/storage/terminal/mymud/web/static/README.md,/data/data/com.termux/files/home/pixelation/docs/markdown_archive/README_v6.md,cc05284f78ffb4844e64b5a0c1c872264bcfcd2ac89eb0bdae620e76597141c0
/data/data/com.termux/files/home/storage/terminal/mymud/web/static/rest_framework/css/README.md,/data/data/com.termux/files/home/pixelation/docs/markdown_archive/README_v7.md,624a60912c13a1691afef1eb8249ee0243cbdda9e52407d8d8afec1a7838990d
/data/data/com.termux/files/home/storage/terminal/mymud/web/static/rest_framework/images/README.md,/data/data/com.termux/files/home/pixelation/docs/markdown_archive/README_v8.md,026192f17df61d75aabec85be641daaae0bb20fe790853999c812d9ef13ad9ee
/data/data/com.termux/files/home/storage/terminal/mymud/web/static/webclient/css/README.md,/data/data/com.termux/files/home/pixelation/docs/markdown_archive/README_v9.md,f006e9965c85a2fa28c15dc9c582318974fccb73dfc5deaa0061b7a41b327004
/data/data/com.termux/files/home/storage/terminal/mymud/web/static/webclient/js/README.md,/data/data/com.termux/files/home/pixelation/docs/markdown_archive/README_v10.md,827390597b0799d8113d27a32e1e2f496922079de526e1d86640ebc0e1481a20
/data/data/com.termux/files/home/storage/terminal/mymud/web/static/website/css/README.md,/data/data/com.termux/files/home/pixelation/docs/markdown_archive/README_v11.md,19fe9397a9e034f3c3bf86b3a80f337c53ebb2227b15af0d249a410805e45d10
/data/data/com.termux/files/home/storage/terminal/mymud/web/static/website/images/README.md,/data/data/com.termux/files/home/pixelation/docs/markdown_archive/README_v12.md,f52da61994408a9b954e7292cf05d88781fbcbbdc4b89a3ce8eb34a463acec6f
/data/data/com.termux/files/home/storage/terminal/mymud/web/templates/README.md,/data/data/com.termux/files/home/pixelation/docs/markdown_archive/README_v16.md,8847fe7336fad204ebae1e24ef01ae050c64936a64fbed83effde17012c90700
/data/data/com.termux/files/home/storage/terminal/mymud/web/templates/rest_framework/README.md,/data/data/com.termux/files/home/pixelation/docs/markdown_archive/README_v17.md,b1e0b7902345bef70f00481cdfd85a9fc4db27eb306f03d228ee4196e8797adb
/data/data/com.termux/files/home/storage/terminal/mymud/web/templates/webclient/README.md,/data/data/com.termux/files/home/pixelation/docs/markdown_archive/README_v18.md,a89e4efb3a162efba3c8a0a1466cb7c88dbeada3026a5ea067d0908357d1d03a
/data/data/com.termux/files/home/storage/terminal/mymud/web/templates/website/README.md,/data/data/com.termux/files/home/pixelation/docs/markdown_archive/README_v19.md,c9f7a2dbba32b382ddb782d664fb7e07091a1f832693a65cf1bfe2b31c3be0aa
/data/data/com.termux/files/home/storage/terminal/mymud/web/templates/website/flatpages/README.md,/data/data/com.termux/files/home/pixelation/docs/markdown_archive/README_v20.md,89ca9a41d23910d8092bbcd4670702862cee840dca4d4176d9df5b13bec3e515
/data/data/com.termux/files/home/storage/terminal/mymud/web/templates/website/registration/README.md,/data/data/com.termux/files/home/pixelation/docs/markdown_archive/README_v21.md,4c89173938417e87216f2dd59a927daf3ed945293998facd6e1314856b6836bd
/data/data/com.termux/files/home/storage/terminal/mymud/web/webclient/README.md,/data/data/com.termux/files/home/pixelation/docs/markdown_archive/README_v22.md,08416fe7dbbf20274865d935471c183c8e184528d940f13819ac57c0274e742f
/data/data/com.termux/files/home/storage/terminal/mymud/web/website/README.md,/data/data/com.termux/files/home/pixelation/docs/markdown_archive/README_v23.md,6c235b4e01da55600a4e0238fe51e8d183f716343b1a83590deb345b0939dfa1
/data/data/com.termux/files/home/storage/terminal/mymud/world/README.md,/data/data/com.termux/files/home/pixelation/docs/markdown_archive/README_v24.md,ade56c8687b48c814082c677ff0cd39c1724b157a8329ae21731bd0170dee9ca
/data/data/com.termux/files/home/storage/terminal/mygame/README.md,/data/data/com.termux/files/home/pixelation/docs/markdown_archive/README_v2.md,2ddcde8b7d0f6bac7cdca6d676378b0d33edad6b0ebb21c8e07ce1f2fa1da61f
/data/data/com.termux/files/home/storage/terminal/mygame/commands/README.md,/data/data/com.termux/files/home/pixelation/docs/markdown_archive/README_v3.md,9e19bcfe0c24b1d2628df0eb26e6875dd40abc5205c4c38a156febafcc687fc5
/data/data/com.termux/files/home/storage/terminal/mygame/server/README.md,/data/data/com.termux/files/home/pixelation/docs/markdown_archive/README_v4.md,8b7f7c88f31921c2cba68715ecb6a434910459ee12a27fe217945b86e4cb061d
/data/data/com.termux/files/home/storage/terminal/mygame/server/logs/README.md,/data/data/com.termux/files/home/pixelation/docs/markdown_archive/README_v5.md,d8d98afdb7d75c8b4423f97ac77e56bf5371adc2a56b1832e506e44dd0250a4a
/data/data/com.termux/files/home/storage/terminal/mygame/typeclasses/README.md,/data/data/com.termux/files/home/pixelation/docs/markdown_archive/README_v13.md,89f0f9b01cacab16d0096633617f772dca98675423f7ec8f3613ec789566d9e9
/data/data/com.termux/files/home/storage/terminal/mygame/web/README.md,/data/data/com.termux/files/home/pixelation/docs/markdown_archive/README_v14.md,4aad9ec071ee6e45d25c65699176e9ed3b4d0900e86d48fd7a36161c2a37fefe
/data/data/com.termux/files/home/storage/terminal/mygame/web/admin/README.md,/data/data/com.termux/files/home/pixelation/docs/markdown_archive/README_v15.md,5be33cb542d77f79428d84b5336b942f8ddb4eba971133d0877663aa506f3db0
/data/data/com.termux/files/home/storage/terminal/mygame/web/static/README.md,/data/data/com.termux/files/home/pixelation/docs/markdown_archive/README_v6.md,cc05284f78ffb4844e64b5a0c1c872264bcfcd2ac89eb0bdae620e76597141c0
/data/data/com.termux/files/home/storage/terminal/mygame/web/static/rest_framework/css/README.md,/data/data/com.termux/files/home/pixelation/docs/markdown_archive/README_v7.md,624a60912c13a1691afef1eb8249ee0243cbdda9e52407d8d8afec1a7838990d
/data/data/com.termux/files/home/storage/terminal/mygame/web/static/rest_framework/images/README.md,/data/data/com.termux/files/home/pixelation/docs/markdown_archive/README_v8.md,026192f17df61d75aabec85be641daaae0bb20fe790853999c812d9ef13ad9ee
/data/data/com.termux/files/home/storage/terminal/mygame/web/static/webclient/css/README.md,/data/data/com.termux/files/home/pixelation/docs/markdown_archive/README_v9.md,f006e9965c85a2fa28c15dc9c582318974fccb73dfc5deaa0061b7a41b327004
/data/data/com.termux/files/home/storage/terminal/mygame/web/static/webclient/js/README.md,/data/data/com.termux/files/home/pixelation/docs/markdown_archive/README_v10.md,827390597b0799d8113d27a32e1e2f496922079de526e1d86640ebc0e1481a20
/data/data/com.termux/files/home/storage/terminal/mygame/web/static/website/css/README.md,/data/data/com.termux/files/home/pixelation/docs/markdown_archive/README_v11.md,19fe9397a9e034f3c3bf86b3a80f337c53ebb2227b15af0d249a410805e45d10
/data/data/com.termux/files/home/storage/terminal/mygame/web/static/website/images/README.md,/data/data/com.termux/files/home/pixelation/docs/markdown_archive/README_v12.md,f52da61994408a9b954e7292cf05d88781fbcbbdc4b89a3ce8eb34a463acec6f
/data/data/com.termux/files/home/storage/terminal/mygame/web/templates/README.md,/data/data/com.termux/files/home/pixelation/docs/markdown_archive/README_v16.md,8847fe7336fad204ebae1e24ef01ae050c64936a64fbed83effde17012c90700
/data/data/com.termux/files/home/storage/terminal/mygame/web/templates/rest_framework/README.md,/data/data/com.termux/files/home/pixelation/docs/markdown_archive/README_v17.md,b1e0b7902345bef70f00481cdfd85a9fc4db27eb306f03d228ee4196e8797adb
/data/data/com.termux/files/home/storage/terminal/mygame/web/templates/webclient/README.md,/data/data/com.termux/files/home/pixelation/docs/markdown_archive/README_v18.md,a89e4efb3a162efba3c8a0a1466cb7c88dbeada3026a5ea067d0908357d1d03a
/data/data/com.termux/files/home/storage/terminal/mygame/web/templates/website/README.md,/data/data/com.termux/files/home/pixelation/docs/markdown_archive/README_v19.md,c9f7a2dbba32b382ddb782d664fb7e07091a1f832693a65cf1bfe2b31c3be0aa
/data/data/com.termux/files/home/storage/terminal/mygame/web/templates/website/flatpages/README.md,/data/data/com.termux/files/home/pixelation/docs/markdown_archive/README_v20.md,89ca9a41d23910d8092bbcd4670702862cee840dca4d4176d9df5b13bec3e515
/data/data/com.termux/files/home/storage/terminal/mygame/web/templates/website/registration/README.md,/data/data/com.termux/files/home/pixelation/docs/markdown_archive/README_v21.md,4c89173938417e87216f2dd59a927daf3ed945293998facd6e1314856b6836bd
/data/data/com.termux/files/home/storage/terminal/mygame/web/webclient/README.md,/data/data/com.termux/files/home/pixelation/docs/markdown_archive/README_v22.md,08416fe7dbbf20274865d935471c183c8e184528d940f13819ac57c0274e742f
/data/data/com.termux/files/home/storage/terminal/mygame/web/website/README.md,/data/data/com.termux/files/home/pixelation/docs/markdown_archive/README_v23.md,6c235b4e01da55600a4e0238fe51e8d183f716343b1a83590deb345b0939dfa1
/data/data/com.termux/files/home/storage/terminal/mygame/world/README.md,/data/data/com.termux/files/home/pixelation/docs/markdown_archive/README_v24.md,ade56c8687b48c814082c677ff0cd39c1724b157a8329ae21731bd0170dee9ca
/data/data/com.termux/files/home/downloads/🔽talinor-windstride-consolidated-profile.md,/data/data/com.termux/files/home/pixelation/docs/markdown_archive/🔽talinor-windstride-consolidated-profile.md,b498928e491799cf75dd0db41ae7ef2327807412fbf5b25a14af6f08e098b4ad
/data/data/com.termux/files/home/.cargo/registry/src/index.crates.io-1949cf8c6b5b557f/arrayref-0.3.9/README.md,/data/data/com.termux/files/home/pixelation/docs/markdown_archive/README_v25.md,039b4028d39ba4ec049041dbbf949555bcc42aa7bced920725c5573d2b6cad24
/data/data/com.termux/files/home/.cargo/registry/src/index.crates.io-1949cf8c6b5b557f/anstyle-query-1.1.3/README.md,/data/data/com.termux/files/home/pixelation/docs/markdown_archive/README_v26.md,a894d711ed43e6027f62d2672898c48333dd04b44f144ba52277883b4622b33c
/data/data/com.termux/files/home/.cargo/registry/src/index.crates.io-1949cf8c6b5b557f/bipbuffer-0.1.2/README.md,/data/data/com.termux/files/home/pixelation/docs/markdown_archive/README_v27.md,2b79aac92d895fccc4168d7393ab16654d2ee221ab2052fec2436f8d0fe810d5
/data/data/com.termux/files/home/.cargo/registry/src/index.crates.io-1949cf8c6b5b557f/async-trait-0.1.88/README.md,/data/data/com.termux/files/home/pixelation/docs/markdown_archive/README_v28.md,14f782ff6a20c3eae705b59f8c04f0e9a5d2e096ab47d20b28b315d7cbbbcd3b
/data/data/com.termux/files/home/.cargo/registry/src/index.crates.io-1949cf8c6b5b557f/android-tzdata-0.1.1/README.md,/data/data/com.termux/files/home/pixelation/docs/markdown_archive/README_v29.md,6dfe0c602dc61eebe118900ed66a2c1f7887b9fe95b36e1c2974c4e8fa7ebd4b
/data/data/com.termux/files/home/.cargo/registry/src/index.crates.io-1949cf8c6b5b557f/async-scoped-0.7.1/README.md,/data/data/com.termux/files/home/pixelation/docs/markdown_archive/README_v30.md,24407edf94a79e18c3d0d2121e8090b3430a1f5279d724af744c1e8b11c102ac
/data/data/com.termux/files/home/.cargo/registry/src/index.crates.io-1949cf8c6b5b557f/countio-0.2.19/README.md,/data/data/com.termux/files/home/pixelation/docs/markdown_archive/README_v31.md,9ddb399f158e7129efba717faab10bb9e503951b74c9f4bfea7fc4e463d815cb
/data/data/com.termux/files/home/.cargo/registry/src/index.crates.io-1949cf8c6b5b557f/globset-0.4.16/README.md,/data/data/com.termux/files/home/pixelation/docs/markdown_archive/README_v32.md,f521ea13d4b8622f86998487e6a00ec12663dbe0a59a6c9e13ef44ece0284332
/data/data/com.termux/files/home/.cargo/registry/src/index.crates.io-1949cf8c6b5b557f/cfg-if-1.0.1/CHANGELOG.md,/data/data/com.termux/files/home/pixelation/docs/markdown_archive/CHANGELOG.md,930ef322253b606d0df9898fa8d9e3dde074d62b1f1627fc5a6e2a9615432870
/data/data/com.termux/files/home/.cargo/registry/src/index.crates.io-1949cf8c6b5b557f/cfg-if-1.0.1/README.md,/data/data/com.termux/files/home/pixelation/docs/markdown_archive/README_v33.md,cd565d563a2c70d197bb6fee1678e122214e22af7bdb046b80f52c1d953cd72f
/data/data/com.termux/files/home/.cargo/registry/src/index.crates.io-1949cf8c6b5b557f/ctor-0.4.2/README.md,/data/data/com.termux/files/home/pixelation/docs/markdown_archive/README_v34.md,5e06f81a81e2901c8d51e1aaae5b935c9ab76735c5976b9e723cfe316b45dfe5
/data/data/com.termux/files/home/.cargo/registry/src/index.crates.io-1949cf8c6b5b557f/cfg-if-0.1.10/README.md,/data/data/com.termux/files/home/pixelation/docs/markdown_archive/README_v35.md,2406e83ee174e30aa67f8ab266836fa78545012b196395aff37c152321e2c713
/data/data/com.termux/files/home/.cargo/registry/src/index.crates.io-1949cf8c6b5b557f/anstyle-1.0.11/README.md,/data/data/com.termux/files/home/pixelation/docs/markdown_archive/README_v36.md,c7caf1aecfe97e73576e2b981e36aa98a9b26be78d33066a4f149df7d199b1ec
/data/data/com.termux/files/home/.cargo/registry/src/index.crates.io-1949cf8c6b5b557f/android_system_properties-0.1.5/CONTRIBUTING.md,/data/data/com.termux/files/home/pixelation/docs/markdown_archive/CONTRIBUTING.md,0834cb3b5e092977688d73d219a05bed23ae0ecb54b6d6e5d866ce07f6583b5e
/data/data/com.termux/files/home/.cargo/registry/src/index.crates.io-1949cf8c6b5b557f/android_system_properties-0.1.5/README.md,/data/data/com.termux/files/home/pixelation/docs/markdown_archive/README_v37.md,aba8ff5dbd0712326d97d32bc6a3b66b24d1980a446c238f7e14b96784766cd1
/data/data/com.termux/files/home/.cargo/registry/src/index.crates.io-1949cf8c6b5b557f/clap_lex-0.7.5/README.md,/data/data/com.termux/files/home/pixelation/docs/markdown_archive/README_v38.md,57f9c6e56187c255af9fc5546f4789d456153438143a3af9f5f1c7a072148b01
/data/data/com.termux/files/home/.cargo/registry/src/index.crates.io-1949cf8c6b5b557f/crossbeam-queue-0.3.12/CHANGELOG.md,/data/data/com.termux/files/home/pixelation/docs/markdown_archive/CHANGELOG_v2.md,6e8a6185cb02ca76f58a29feb15cf075807b89e578c4da1b7d6228e2598c0e01
/data/data/com.termux/files/home/.cargo/registry/src/index.crates.io-1949cf8c6b5b557f/crossbeam-queue-0.3.12/README.md,/data/data/com.termux/files/home/pixelation/docs/markdown_archive/README_v39.md,88a50c7a414f6d8431061f0741dc6b46db012ec338b4e57d5d3e9746eeaaa543
/data/data/com.termux/files/home/.cargo/registry/src/index.crates.io-1949cf8c6b5b557f/cab-0.6.0/README.md,/data/data/com.termux/files/home/pixelation/docs/markdown_archive/README_v40.md,fd8fb8e9ad10fc0d8e7110ff3ac5a613f9f036197166f16ae601296c872bfbea
/data/data/com.termux/files/home/.cargo/registry/src/index.crates.io-1949cf8c6b5b557f/crunchy-0.2.3/README.md,/data/data/com.termux/files/home/pixelation/docs/markdown_archive/README_v41.md,93b3f5c468e2d326f59c5882a758500ca96dcef81521f7c20fa7d6f89e2870f1
/data/data/com.termux/files/home/.cargo/registry/src/index.crates.io-1949cf8c6b5b557f/block-buffer-0.10.4/CHANGELOG.md,/data/data/com.termux/files/home/pixelation/docs/markdown_archive/CHANGELOG_v3.md,aa53da4c09163e6c269f9536ade5363ae62549295b4f4a85bdf923540f6442e1
/data/data/com.termux/files/home/.cargo/registry/src/index.crates.io-1949cf8c6b5b557f/block-buffer-0.10.4/README.md,/data/data/com.termux/files/home/pixelation/docs/markdown_archive/README_v42.md,9bf3545872bdad2fb41557be5cefc21a48f0c7804f8124e24b67760429036472
/data/data/com.termux/files/home/.cargo/registry/src/index.crates.io-1949cf8c6b5b557f/cfg_aliases-0.2.1/NOTICES.md,/data/data/com.termux/files/home/pixelation/docs/markdown_archive/NOTICES.md,1e2b7ade3fb228130408b9990cae6a7618eb314c75aa0b164bfe485d9d9756ee
/data/data/com.termux/files/home/.cargo/registry/src/index.crates.io-1949cf8c6b5b557f/cfg_aliases-0.2.1/README.md,/data/data/com.termux/files/home/pixelation/docs/markdown_archive/README_v43.md,2065bc96d88b482eafba1865b059524a25c1acb32e604421d2afb97ffb58826a
/data/data/com.termux/files/home/.cargo/registry/src/index.crates.io-1949cf8c6b5b557f/gearhash-0.1.3/README.md,/data/data/com.termux/files/home/pixelation/docs/markdown_archive/README_v44.md,1ba6cdf8da64440214d2f64a9b01248494c4311331a14bed5beada21df45d86e
/data/data/com.termux/files/home/.cargo/registry/src/index.crates.io-1949cf8c6b5b557f/same-file-1.0.6/README.md,/data/data/com.termux/files/home/pixelation/docs/markdown_archive/README_v45.md,70c109d9c89b4479016142f2a4ad6963b6fe5793bcdd997add3d3af3d2baf36b
/data/data/com.termux/files/home/.cargo/registry/src/index.crates.io-1949cf8c6b5b557f/byteorder-1.5.0/CHANGELOG.md,/data/data/com.termux/files/home/pixelation/docs/markdown_archive/CHANGELOG_v4.md,c1cb69be6db5933c4bb4ebb6591e0fe3e7b97d491face3abcf947383c218bb31
/data/data/com.termux/files/home/.cargo/registry/src/index.crates.io-1949cf8c6b5b557f/byteorder-1.5.0/README.md,/data/data/com.termux/files/home/pixelation/docs/markdown_archive/README_v46.md,2f2d64924c35b7203e3e3f3d136fcb714281762d145ca3513246da5547b1d014
/data/data/com.termux/files/home/.cargo/registry/src/index.crates.io-1949cf8c6b5b557f/dtor-0.0.6/README.md,/data/data/com.termux/files/home/pixelation/docs/markdown_archive/README_v47.md,47bd1052a12005ff685f72770491726c44ba6915758e6b23e45374d0903eb42c
/data/data/com.termux/files/home/.cargo/registry/src/index.crates.io-1949cf8c6b5b557f/http-body-1.0.1/CHANGELOG.md,/data/data/com.termux/files/home/pixelation/docs/markdown_archive/CHANGELOG_v5.md,3a34963d9921a37f74ae4206a8f917f01a97a1d025261c77db882ebc339ef63b
/data/data/com.termux/files/home/.cargo/registry/src/index.crates.io-1949cf8c6b5b557f/http-body-1.0.1/README.md,/data/data/com.termux/files/home/pixelation/docs/markdown_archive/README_v48.md,0f90f61ee419eefd4104005ef6900445fafce9a710dd1989463f3cebaf0fafe8
/data/data/com.termux/files/home/.cargo/registry/src/index.crates.io-1949cf8c6b5b557f/fragile-2.0.1/CHANGELOG.md,/data/data/com.termux/files/home/pixelation/docs/markdown_archive/CHANGELOG_v6.md,32bc6466692ac3f88d78c0ab67a09fe83b4b347a51513a93367f294883dbf7dd
/data/data/com.termux/files/home/.cargo/registry/src/index.crates.io-1949cf8c6b5b557f/fragile-2.0.1/README.md,/data/data/com.termux/files/home/pixelation/docs/markdown_archive/README_v49.md,cbef115d809440c8d60060f518d29ffd39149eefdf3a01e8d9f88a089e8f2c71
/data/data/com.termux/files/home/.cargo/registry/src/index.crates.io-1949cf8c6b5b557f/errno-0.3.12/CHANGELOG.md,/data/data/com.termux/files/home/pixelation/docs/markdown_archive/CHANGELOG_v7.md,291785d1a3171e56f89af9043438fe8665f0a496f1fed94557bf5dde11fabf44
/data/data/com.termux/files/home/.cargo/registry/src/index.crates.io-1949cf8c6b5b557f/errno-0.3.12/README.md,/data/data/com.termux/files/home/pixelation/docs/markdown_archive/README_v50.md,a1817eb8a0b2208d3f3989202b6af03c8261747b281039d4c7790649b587fd0b
/data/data/com.termux/files/home/.cargo/registry/src/index.crates.io-1949cf8c6b5b557f/scopeguard-1.2.0/README.md,/data/data/com.termux/files/home/pixelation/docs/markdown_archive/README_v51.md,68d5a7beebf814cffaaf6fe5758984fd06554b3bb5a49b2e13fc101522909b91
/data/data/com.termux/files/home/.cargo/registry/src/index.crates.io-1949cf8c6b5b557f/scroll-0.12.0/README.md,/data/data/com.termux/files/home/pixelation/docs/markdown_archive/README_v52.md,7a7f6695853fbc174e3b016d72a8ef0113e313c897269779c7c368f102ed0c23
/data/data/com.termux/files/home/.cargo/registry/src/index.crates.io-1949cf8c6b5b557f/potential_utf-0.1.2/README.md,/data/data/com.termux/files/home/pixelation/docs/markdown_archive/README_v53.md,693ab95a7920db4ca6655b352efe33cfe5ee42792369f591257a3f5af735e918
/data/data/com.termux/files/home/.cargo/registry/src/index.crates.io-1949cf8c6b5b557f/heapify-0.2.0/CHANGELOG.md,/data/data/com.termux/files/home/pixelation/docs/markdown_archive/CHANGELOG_v8.md,80ad9418b596b6b4c71419c52bb3d46da56b1883cbcc3e0fbcf335359e9132a7
/data/data/com.termux/files/home/.cargo/registry/src/index.crates.io-1949cf8c6b5b557f/heapify-0.2.0/CODE_OF_CONDUCT.md,/data/data/com.termux/files/home/pixelation/docs/markdown_archive/CODE_OF_CONDUCT.md,788d7342bb1b4981aaf423b9c051ef367193e789dbd04090376055714fcc2316
/data/data/com.termux/files/home/.cargo/registry/src/index.crates.io-1949cf8c6b5b557f/heapify-0.2.0/CONTRIBUTING.md,/data/data/com.termux/files/home/pixelation/docs/markdown_archive/CONTRIBUTING_v2.md,5ea9cd68fdd0fa686a427916b7d5f4a507e426c0eca831a05ef78dc9559eb7c0
/data/data/com.termux/files/home/.cargo/registry/src/index.crates.io-1949cf8c6b5b557f/heapify-0.2.0/README.md,/data/data/com.termux/files/home/pixelation/docs/markdown_archive/README_v54.md,ee5977aa3ba20fc73314f08cb6bcf6b0204e5cde199c645843e2f7d86200f5fa
/data/data/com.termux/files/home/.cargo/registry/src/index.crates.io-1949cf8c6b5b557f/crossbeam-epoch-0.9.18/CHANGELOG.md,/data/data/com.termux/files/home/pixelation/docs/markdown_archive/CHANGELOG_v9.md,678c7c5b4e522345076d63e8f24f7ab4dc9f6b7428ca2f665e4017f7ef24a087
/data/data/com.termux/files/home/.cargo/registry/src/index.crates.io-1949cf8c6b5b557f/crossbeam-epoch-0.9.18/README.md,/data/data/com.termux/files/home/pixelation/docs/markdown_archive/README_v55.md,6ba897c52496a66705df72da33dea5f6e0ce5caa87c4ff073b0faf4e05516dad
/data/data/com.termux/files/home/.cargo/registry/src/index.crates.io-1949cf8c6b5b557f/sharded-slab-0.1.7/CHANGELOG.md,/data/data/com.termux/files/home/pixelation/docs/markdown_archive/CHANGELOG_v10.md,7e3afcfd86e5fb650b0193a4c6e5247bf8d82ca2162202883cdba2a55d1b1452
/data/data/com.termux/files/home/.cargo/registry/src/index.crates.io-1949cf8c6b5b557f/sharded-slab-0.1.7/IMPLEMENTATION.md,/data/data/com.termux/files/home/pixelation/docs/markdown_archive/IMPLEMENTATION.md,c192c8288dffc0ecbf41d59ae8b1664ea9b323b3dd16f99f3041019b464fb55e
/data/data/com.termux/files/home/.cargo/registry/src/index.crates.io-1949cf8c6b5b557f/sharded-slab-0.1.7/README.md,/data/data/com.termux/files/home/pixelation/docs/markdown_archive/README_v56.md,51409ab641f970e4bb7e04286344f38ba6b12b6d676e1e26211234b717e60da9
/data/data/com.termux/files/home/.cargo/registry/src/index.crates.io-1949cf8c6b5b557f/downcast-0.11.0/README.md,/data/data/com.termux/files/home/pixelation/docs/markdown_archive/README_v57.md,d7312df6f43b9ae84445b331bc1d65d85c94a3ade2e75245b71e0e4d1f315b0e
/data/data/com.termux/files/home/.cargo/registry/src/index.crates.io-1949cf8c6b5b557f/shlex-1.3.0/CHANGELOG.md,/data/data/com.termux/files/home/pixelation/docs/markdown_archive/CHANGELOG_v11.md,879a16b3fef6fb3251fcac516fe73414109e3b7df5eb2ec4863a7551674038a0
/data/data/com.termux/files/home/.cargo/registry/src/index.crates.io-1949cf8c6b5b557f/shlex-1.3.0/README.md,/data/data/com.termux/files/home/pixelation/docs/markdown_archive/README_v58.md,082e505bba5dffc5904af5602b45d01129173e617db62c81e6c11d71c964ea71
/data/data/com.termux/files/home/.cargo/registry/src/index.crates.io-1949cf8c6b5b557f/shlex-1.3.0/src/quoting_warning.md,/data/data/com.termux/files/home/pixelation/docs/markdown_archive/quoting_warning.md,566d6509211ddcd4afbd4f1117c5234567f6b6d01f5da60acfaef011362be045
/data/data/com.termux/files/home/.cargo/registry/src/index.crates.io-1949cf8c6b5b557f/ctor-proc-macro-0.0.5/README.md,/data/data/com.termux/files/home/pixelation/docs/markdown_archive/README_v59.md,09790a8194cc699fe61f68daa4af50bed127b5086513b162b27d2d026b7ac3e7
/data/data/com.termux/files/home/.cargo/registry/src/index.crates.io-1949cf8c6b5b557f/simd-adler32-0.3.7/CHANGELOG.md,/data/data/com.termux/files/home/pixelation/docs/markdown_archive/CHANGELOG_v12.md,4f762219d91ec3f7b6f4f25c6c4f4a83a5c3a0db1503827d9e1541c5fb8b62a1
/data/data/com.termux/files/home/.cargo/registry/src/index.crates.io-1949cf8c6b5b557f/simd-adler32-0.3.7/LICENSE.md,/data/data/com.termux/files/home/pixelation/docs/markdown_archive/LICENSE.md,42a35170233e83e18856792e748de4c1ce4a63b2afce9a370c89ef3fe23f9f2d
/data/data/com.termux/files/home/.cargo/registry/src/index.crates.io-1949cf8c6b5b557f/simd-adler32-0.3.7/README.md,/data/data/com.termux/files/home/pixelation/docs/markdown_archive/README_v60.md,a0568aab174ff15c2252898c7520ce0bd539cfb75d799238acd34dec44ee772c
/data/data/com.termux/files/home/.cargo/registry/src/index.crates.io-1949cf8c6b5b557f/crypto-common-0.1.6/CHANGELOG.md,/data/data/com.termux/files/home/pixelation/docs/markdown_archive/CHANGELOG_v13.md,15cc3255034d5c244f5f201bcd496b3120656cafcc69bcaa350e57e0f8be99c3
/data/data/com.termux/files/home/.cargo/registry/src/index.crates.io-1949cf8c6b5b557f/crypto-common-0.1.6/README.md,/data/data/com.termux/files/home/pixelation/docs/markdown_archive/README_v61.md,3451ce2bc0b658041902a8e792023d9874700e9292eac9153c45f203430e24a0
/data/data/com.termux/files/home/.cargo/registry/src/index.crates.io-1949cf8c6b5b557f/snapbox-macros-0.3.10/README.md,/data/data/com.termux/files/home/pixelation/docs/markdown_archive/README_v62.md,4fc2a7458a321d6a037e3c63c5b0c79679bb5cf430b3e1107b05e60c108a8bdd
/data/data/com.termux/files/home/.cargo/registry/src/index.crates.io-1949cf8c6b5b557f/dunce-1.0.5/README.md,/data/data/com.termux/files/home/pixelation/docs/markdown_archive/README_v63.md,e52284cb0da023e63b6639bf313c6c9f287c398d73930b84b32e5d5901ad3b72
/data/data/com.termux/files/home/.cargo/registry/src/index.crates.io-1949cf8c6b5b557f/dtor-proc-macro-0.0.5/README.md,/data/data/com.termux/files/home/pixelation/docs/markdown_archive/README_v59.md,09790a8194cc699fe61f68daa4af50bed127b5086513b162b27d2d026b7ac3e7
/data/data/com.termux/files/home/.cargo/registry/src/index.crates.io-1949cf8c6b5b557f/ctrlc-3.4.7/README.md,/data/data/com.termux/files/home/pixelation/docs/markdown_archive/README_v64.md,f1157056abbdb8cf281879efadb1e95483c8b111e720f5a9498b0f2388662d86
/data/data/com.termux/files/home/.cargo/registry/src/index.crates.io-1949cf8c6b5b557f/fnv-1.0.7/README.md,/data/data/com.termux/files/home/pixelation/docs/markdown_archive/README_v65.md,7653d488c5bdf93a3069bf41770650897b85815521f67f69a4a90d0fefb4fa1f
/data/data/com.termux/files/home/.cargo/registry/src/index.crates.io-1949cf8c6b5b557f/digest-0.10.7/CHANGELOG.md,/data/data/com.termux/files/home/pixelation/docs/markdown_archive/CHANGELOG_v14.md,e89e1b904ddcb022d2413bf6eb0cc14418c0177f669c4da5520c2566ebb3800c
/data/data/com.termux/files/home/.cargo/registry/src/index.crates.io-1949cf8c6b5b557f/digest-0.10.7/README.md,/data/data/com.termux/files/home/pixelation/docs/markdown_archive/README_v66.md,edf9f16c57466b06d201b8646182b7332324c7aba28f832dde7f57d03249637d
/data/data/com.termux/files/home/.cargo/registry/src/index.crates.io-1949cf8c6b5b557f/predicates-core-1.0.9/README.md,/data/data/com.termux/files/home/pixelation/docs/markdown_archive/README_v67.md,86159502694c7d90efa5fb411b36c51fd212f57022a2541063f36c235d827098
/data/data/com.termux/files/home/.cargo/registry/src/index.crates.io-1949cf8c6b5b557f/crc-catalog-2.4.0/README.md,/data/data/com.termux/files/home/pixelation/docs/markdown_archive/README_v68.md,31cda18292f6f91b0b59bef127966dff1dcaace21afc3452ba54743dcbd9b32a
/data/data/com.termux/files/home/.cargo/registry/src/index.crates.io-1949cf8c6b5b557f/dirs-5.0.1/README.md,/data/data/com.termux/files/home/pixelation/docs/markdown_archive/README_v69.md,72b96799db18f9c295fdaadd75ec2cdf3ce291158b1d89acc282dce41863cb53
/data/data/com.termux/files/home/.cargo/registry/src/index.crates.io-1949cf8c6b5b557f/dirs-sys-0.4.1/README.md,/data/data/com.termux/files/home/pixelation/docs/markdown_archive/README_v70.md,2b3079001b44dc88f73af13fa47355f140c05f68be881e345e420b26df4e84e0
/data/data/com.termux/files/home/.cargo/registry/src/index.crates.io-1949cf8c6b5b557f/matchers-0.1.0/CHANGELOG.md,/data/data/com.termux/files/home/pixelation/docs/markdown_archive/CHANGELOG_v15.md,f022c90a4ed11b34fdd2e096aee16481f801bbc98d268301ec6cdd2630b46a2c
/data/data/com.termux/files/home/.cargo/registry/src/index.crates.io-1949cf8c6b5b557f/matchers-0.1.0/README.md,/data/data/com.termux/files/home/pixelation/docs/markdown_archive/README_v71.md,e28e7f394422678115cfd9389c94ed2dd3c9eeeb1d71385f332cd52ab4581358
/data/data/com.termux/files/home/.cargo/registry/src/index.crates.io-1949cf8c6b5b557f/displaydoc-0.2.5/CHANGELOG.md,/data/data/com.termux/files/home/pixelation/docs/markdown_archive/CHANGELOG_v16.md,9aadbd7c8b22fa4574b2080d0baaa908f43b5ed2c320c64ec88476cbf739871b
/data/data/com.termux/files/home/.cargo/registry/src/index.crates.io-1949cf8c6b5b557f/displaydoc-0.2.5/README.md,/data/data/com.termux/files/home/pixelation/docs/markdown_archive/README_v72.md,4e230c5596f208b8b752edaa1ff3ace5b1508da61f2069129fa5a6fbda6f4834
/data/data/com.termux/files/home/.cargo/registry/src/index.crates.io-1949cf8c6b5b557f/futures-io-0.3.31/README.md,/data/data/com.termux/files/home/pixelation/docs/markdown_archive/README_v73.md,575430be5c47352d85f36b44dcc2c2851a6a19e2384593415c4af22c6654cee7
/data/data/com.termux/files/home/.cargo/registry/src/index.crates.io-1949cf8c6b5b557f/instant-0.1.13/CHANGELOG.md,/data/data/com.termux/files/home/pixelation/docs/markdown_archive/CHANGELOG_v17.md,bb587c08dd9b1f04cba934a241a99655f9d7e38bc70e4d45feca95efa09bd799
/data/data/com.termux/files/home/.cargo/registry/src/index.crates.io-1949cf8c6b5b557f/instant-0.1.13/README.md,/data/data/com.termux/files/home/pixelation/docs/markdown_archive/README_v74.md,1d2f0bd8f8caf7b692b67959aa94f5708ddc1250d777929816d54c9a226ba079
/data/data/com.termux/files/home/.cargo/registry/src/index.crates.io-1949cf8c6b5b557f/futures-core-0.3.31/README.md,/data/data/com.termux/files/home/pixelation/docs/markdown_archive/README_v75.md,e8258273fed6f1796485777655118f2369fd3f000191e9d8cdbd10bf052946a9
/data/data/com.termux/files/home/.cargo/registry/src/index.crates.io-1949cf8c6b5b557f/futures-task-0.3.31/README.md,/data/data/com.termux/files/home/pixelation/docs/markdown_archive/README_v76.md,6762ad0401a70d3b3e1faf6967b310de688da34c16174fd079ebc88fcff2cc4c
/data/data/com.termux/files/home/.cargo/registry/src/index.crates.io-1949cf8c6b5b557f/lru-slab-0.1.2/README.md,/data/data/com.termux/files/home/pixelation/docs/markdown_archive/README_v77.md,4823b5ca0be2f7576325906566eab98ee69940c0276b1013b046ba493c4102a6
/data/data/com.termux/files/home/.cargo/registry/src/index.crates.io-1949cf8c6b5b557f/predicates-tree-1.0.12/README.md,/data/data/com.termux/files/home/pixelation/docs/markdown_archive/README_v78.md,2e96471579f50e44834a5e58f1f16466c0395661873754ac5b8b342ecd157786
/data/data/com.termux/files/home/.cargo/registry/src/index.crates.io-1949cf8c6b5b557f/iana-time-zone-haiku-0.1.2/README.md,/data/data/com.termux/files/home/pixelation/docs/markdown_archive/README_v79.md,5b1ad9309b716374cc1bdcd025f525fac31b2f413e6c4d311e207fa6b1f96a83
/data/data/com.termux/files/home/.cargo/registry/src/index.crates.io-1949cf8c6b5b557f/bitflags-1.3.2/CHANGELOG.md,/data/data/com.termux/files/home/pixelation/docs/markdown_archive/CHANGELOG_v18.md,d362fc1fccaaf4d421bcf0fe8b80ddb4f625dade0c1ee52d08bd0b95509a49d1
/data/data/com.termux/files/home/.cargo/registry/src/index.crates.io-1949cf8c6b5b557f/bitflags-1.3.2/CODE_OF_CONDUCT.md,/data/data/com.termux/files/home/pixelation/docs/markdown_archive/CODE_OF_CONDUCT_v2.md,42634d0f6d922f49857175af991802822f7f920487aefa2ee250a50d12251a66
/data/data/com.termux/files/home/.cargo/registry/src/index.crates.io-1949cf8c6b5b557f/bitflags-1.3.2/README.md,/data/data/com.termux/files/home/pixelation/docs/markdown_archive/README_v80.md,baa8604f8afb34fd93b9c79729daafb884dedcaf34023e4af8ad037d916061fd
/data/data/com.termux/files/home/.cargo/registry/src/index.crates.io-1949cf8c6b5b557f/shell-words-1.1.0/README.md,/data/data/com.termux/files/home/pixelation/docs/markdown_archive/README_v81.md,9afd45a0555ac08318b35b569d439e9aa3e9b15323622648bce72e9663e12453
/data/data/com.termux/files/home/.cargo/registry/src/index.crates.io-1949cf8c6b5b557f/protobuf-support-3.7.2/README.md,/data/data/com.termux/files/home/pixelation/docs/markdown_archive/README_v82.md,d42f21e9994c4539dc371ce7b4779f42ef56aadc179420e7fbfc2cdbd4cd3453
/data/data/com.termux/files/home/.cargo/registry/src/index.crates.io-1949cf8c6b5b557f/memoffset-0.9.1/CHANGELOG.md,/data/data/com.termux/files/home/pixelation/docs/markdown_archive/CHANGELOG_v19.md,badae1c4dc22e994d6e29d892bd925083d948d941f11ee7b767a535bd4ff5f9a
/data/data/com.termux/files/home/.cargo/registry/src/index.crates.io-1949cf8c6b5b557f/memoffset-0.9.1/README.md,/data/data/com.termux/files/home/pixelation/docs/markdown_archive/README_v83.md,c04d939e7dc8bc21010cae6d22bf7f16e019960c0adbae4f894f47c24c54e109
/data/data/com.termux/files/home/.cargo/registry/src/index.crates.io-1949cf8c6b5b557f/diff-0.1.13/README.md,/data/data/com.termux/files/home/pixelation/docs/markdown_archive/README_v84.md,e4c66260ab73e5ef5e023aef26a5f1562c43c8c1a2a2a39e3bed4be809c79321
/data/data/com.termux/files/home/.cargo/registry/src/index.crates.io-1949cf8c6b5b557f/futures-channel-0.3.31/README.md,/data/data/com.termux/files/home/pixelation/docs/markdown_archive/README_v85.md,faccd17503a06e7df67feb53da22dba6a8ea80ee88736ed37fae038d0d0906dd
/data/data/com.termux/files/home/.cargo/registry/src/index.crates.io-1949cf8c6b5b557f/anstyle-wincon-3.0.9/README.md,/data/data/com.termux/files/home/pixelation/docs/markdown_archive/README_v86.md,289fc63d666b20c289686a8e6c16282b20e3af91dfea2cc6c795329421e6e245
/data/data/com.termux/files/home/.cargo/registry/src/index.crates.io-1949cf8c6b5b557f/more-asserts-0.3.1/README.md,/data/data/com.termux/files/home/pixelation/docs/markdown_archive/README_v87.md,5d78160ad1c698061fdadde9f7f413f583b4fd918c177587e73a279fc022dbc2
/data/data/com.termux/files/home/.cargo/registry/src/index.crates.io-1949cf8c6b5b557f/futures-sink-0.3.31/README.md,/data/data/com.termux/files/home/pixelation/docs/markdown_archive/README_v88.md,a509e1ce84f285190130def6d2b9e3861988f9be725f7697f09fba347601d86f
/data/data/com.termux/files/home/.cargo/registry/src/index.crates.io-1949cf8c6b5b557f/smawk-0.3.2/README.md,/data/data/com.termux/files/home/pixelation/docs/markdown_archive/README_v89.md,c27297df61be8dd14e47dc30a80ae1d443f5acea82932139637543bc6d860631
/data/data/com.termux/files/home/.cargo/registry/src/index.crates.io-1949cf8c6b5b557f/configparser-3.1.0/CHANGELOG.md,/data/data/com.termux/files/home/pixelation/docs/markdown_archive/CHANGELOG_v20.md,cfb6c0876e2c79bd1dd16d88500f7bc3b9d2247fd0a5d0c097440ed0ed29e1e7
/data/data/com.termux/files/home/.cargo/registry/src/index.crates.io-1949cf8c6b5b557f/configparser-3.1.0/CODE_OF_CONDUCT.md,/data/data/com.termux/files/home/pixelation/docs/markdown_archive/CODE_OF_CONDUCT_v3.md,5d4cce7358e9e9383b642362c1cad9ea7403a603475454c681583cec60e32cc3
/data/data/com.termux/files/home/.cargo/registry/src/index.crates.io-1949cf8c6b5b557f/configparser-3.1.0/README.md,/data/data/com.termux/files/home/pixelation/docs/markdown_archive/README_v90.md,65044441c2d746a21366dcdc4223bd9b25516297e7a759dd84dd8a1eb6c6887a
/data/data/com.termux/files/home/.cargo/registry/src/index.crates.io-1949cf8c6b5b557f/retry-policies-0.4.0/CHANGELOG.md,/data/data/com.termux/files/home/pixelation/docs/markdown_archive/CHANGELOG_v21.md,8ffd8016b97841eecff437de5758c8b4a18139ae5b4f91fd1b3fc30c8d9545ee
/data/data/com.termux/files/home/.cargo/registry/src/index.crates.io-1949cf8c6b5b557f/retry-policies-0.4.0/CODE_OF_CONDUCT.md,/data/data/com.termux/files/home/pixelation/docs/markdown_archive/CODE_OF_CONDUCT_v4.md,2ea35d938d8774e73e3b3958c40bb3ea65a7a87f02612585fd9a9cc9b0e17aaa
/data/data/com.termux/files/home/.cargo/registry/src/index.crates.io-1949cf8c6b5b557f/retry-policies-0.4.0/CONTRIBUTING.md,/data/data/com.termux/files/home/pixelation/docs/markdown_archive/CONTRIBUTING_v3.md,c7778c41ef136208650661ef9ded4721b6d4cb49db015959fd8524971069f0b1
/data/data/com.termux/files/home/.cargo/registry/src/index.crates.io-1949cf8c6b5b557f/retry-policies-0.4.0/README.md,/data/data/com.termux/files/home/pixelation/docs/markdown_archive/README_v91.md,1af36c8e67d5dacbce11ff2fda5962c746fc165bca9f96ea9a405bdae5498750
/data/data/com.termux/files/home/.cargo/registry/src/index.crates.io-1949cf8c6b5b557f/page_size-0.4.2/README.md,/data/data/com.termux/files/home/pixelation/docs/markdown_archive/README_v92.md,406c284f206cde79468373bf0d49435a48e50f37ddbb62dc76db8d1ee17d3f0c
/data/data/com.termux/files/home/.cargo/registry/src/index.crates.io-1949cf8c6b5b557f/socks-0.3.4/README.md,/data/data/com.termux/files/home/pixelation/docs/markdown_archive/README_v93.md,57a04abe9aa82d50a374835842ae23bd55e3afd5481316479f43cfbdf4d57e33
/data/data/com.termux/files/home/.cargo/registry/src/index.crates.io-1949cf8c6b5b557f/rustc_version-0.4.1/README.md,/data/data/com.termux/files/home/pixelation/docs/markdown_archive/README_v94.md,36d55c32ba7174f7e705faf42eab21fd6e76e9b69093715f403ba9c48e4f9f2e
/data/data/com.termux/files/home/.cargo/registry/src/index.crates.io-1949cf8c6b5b557f/static_assertions-1.1.0/CHANGELOG.md,/data/data/com.termux/files/home/pixelation/docs/markdown_archive/CHANGELOG_v22.md,750f74f3b520672a81dd2ede5c097cfe972c0da181dd8fd010e7131a3526d4fd
/data/data/com.termux/files/home/.cargo/registry/src/index.crates.io-1949cf8c6b5b557f/static_assertions-1.1.0/README.md,/data/data/com.termux/files/home/pixelation/docs/markdown_archive/README_v95.md,88cc779ada8c6e1362c2d095c179284ec2755797729946ebccfe8264fcff0f8e
/data/data/com.termux/files/home/.cargo/registry/src/index.crates.io-1949cf8c6b5b557f/wasite-0.1.0/README.md,/data/data/com.termux/files/home/pixelation/docs/markdown_archive/README_v96.md,987aab3246bad7460b8ec91ec83fe82d0e50c5e1b61606b2601e29096ce0cefa
/data/data/com.termux/files/home/.cargo/registry/src/index.crates.io-1949cf8c6b5b557f/arrayvec-0.7.6/CHANGELOG.md,/data/data/com.termux/files/home/pixelation/docs/markdown_archive/CHANGELOG_v23.md,b6cd865fb2685cf241e61f216686c87fd78e7d4b8ba4faf03857c8a2b920eee6
/data/data/com.termux/files/home/.cargo/registry/src/index.crates.io-1949cf8c6b5b557f/arrayvec-0.7.6/README.md,/data/data/com.termux/files/home/pixelation/docs/markdown_archive/README_v97.md,2264c34c62ea4c617d72047b00749b4786dfb9dff2fac24e0320170ee0cd19c8
/data/data/com.termux/files/home/.cargo/registry/src/index.crates.io-1949cf8c6b5b557f/aho-corasick-1.1.3/DESIGN.md,/data/data/com.termux/files/home/pixelation/docs/markdown_archive/DESIGN.md,59c960e1b73b1d7fb41e4df6c0c1b1fcf44dd2ebc8a349597a7d0595f8cb5130
/data/data/com.termux/files/home/.cargo/registry/src/index.crates.io-1949cf8c6b5b557f/aho-corasick-1.1.3/README.md,/data/data/com.termux/files/home/pixelation/docs/markdown_archive/README_v98.md,afc4d559a98cf190029af0bf320fc0022725e349cd2a303aac860254e28f3c53
/data/data/com.termux/files/home/.cargo/registry/src/index.crates.io-1949cf8c6b5b557f/aho-corasick-1.1.3/src/packed/teddy/README.md,/data/data/com.termux/files/home/pixelation/docs/markdown_archive/README_v99.md,3a43194b64e221543d885176aba3beb1224a927385a20eca842daf6b0ea2f342
/data/data/com.termux/files/home/.cargo/registry/src/index.crates.io-1949cf8c6b5b557f/wasm-bindgen-macro-0.2.100/README.md,/data/data/com.termux/files/home/pixelation/docs/markdown_archive/README_v100.md,5e8d81c7bfeb6d08e0781bf572b652f064af0bf82eb030ece7af3140b135b0ef
/data/data/com.termux/files/home/.cargo/registry/src/index.crates.io-1949cf8c6b5b557f/paste-1.0.15/README.md,/data/data/com.termux/files/home/pixelation/docs/markdown_archive/README_v101.md,cd8f304fa9cca9566dff0bb3492beae55f47f3972ddfb8f1fa38c3da1068b4a8
/data/data/com.termux/files/home/.cargo/registry/src/index.crates.io-1949cf8c6b5b557f/bincode-1.3.3/LICENSE.md,/data/data/com.termux/files/home/pixelation/docs/markdown_archive/LICENSE_v2.md,237710d4c9dd8eb7fead2c9c433be493a878f547d1093812feff43d18abe5896
/data/data/com.termux/files/home/.cargo/registry/src/index.crates.io-1949cf8c6b5b557f/bincode-1.3.3/readme.md,/data/data/com.termux/files/home/pixelation/docs/markdown_archive/readme_v2.md,46bed3c85db9aafba5999d5632753d93dda40e3af3b8b3e2bbab12a75f42f05e
/data/data/com.termux/files/home/.cargo/registry/src/index.crates.io-1949cf8c6b5b557f/strsim-0.11.1/CHANGELOG.md,/data/data/com.termux/files/home/pixelation/docs/markdown_archive/CHANGELOG_v24.md,fa5e48fab6b5642005fb5fa9f113b116d9da561a829cd773739350042e87e225
/data/data/com.termux/files/home/.cargo/registry/src/index.crates.io-1949cf8c6b5b557f/strsim-0.11.1/README.md,/data/data/com.termux/files/home/pixelation/docs/markdown_archive/README_v102.md,599d424147dfbf88943bb6d78cebca346488fd246611917b586d73502a684c3a
/data/data/com.termux/files/home/.cargo/registry/src/index.crates.io-1949cf8c6b5b557f/strsim-0.11.1/SECURITY.md,/data/data/com.termux/files/home/pixelation/docs/markdown_archive/SECURITY.md,db1925a1d93a212ff6b55e9fbbceebb7a8f3a64688d76598475a54f1f242f0bf
/data/data/com.termux/files/home/.cargo/registry/src/index.crates.io-1949cf8c6b5b557f/charset-0.1.5/CONTRIBUTING.md,/data/data/com.termux/files/home/pixelation/docs/markdown_archive/CONTRIBUTING_v4.md,0e64fb3dd5a00e3fd528de6442de3f2ca851bd718c45cca0871aaf4eedac9ee1
/data/data/com.termux/files/home/.cargo/registry/src/index.crates.io-1949cf8c6b5b557f/charset-0.1.5/README.md,/data/data/com.termux/files/home/pixelation/docs/markdown_archive/README_v103.md,c4e392ab194741f1aa98feeac8261eeb8e44194b9922d9f588c1842e0af4dcc6
/data/data/com.termux/files/home/.cargo/registry/src/index.crates.io-1949cf8c6b5b557f/reqwest-retry-0.7.0/CHANGELOG.md,/data/data/com.termux/files/home/pixelation/docs/markdown_archive/CHANGELOG_v25.md,7dbce8af42122330e0af121e2c981a50ebd9500bd4654f546131d26d9bca1ed6
/data/data/com.termux/files/home/.cargo/registry/src/index.crates.io-1949cf8c6b5b557f/reqwest-retry-0.7.0/README.md,/data/data/com.termux/files/home/pixelation/docs/markdown_archive/README_v104.md,088a4f894494e7ab4336c472c1d87990eb95453f495d88a146e5337db9f94fc4
/data/data/com.termux/files/home/.cargo/registry/src/index.crates.io-1949cf8c6b5b557f/cargo-xwin-0.18.6/README.md,/data/data/com.termux/files/home/pixelation/docs/markdown_archive/README_v105.md,05af34125393f904e90e5b4dce65d12c29ada933add524d1a4def4d462308fd1
/data/data/com.termux/files/home/.cargo/registry/src/index.crates.io-1949cf8c6b5b557f/thiserror-1.0.69/README.md,/data/data/com.termux/files/home/pixelation/docs/markdown_archive/README_v106.md,868031e233823e023fd80a53a590da851b7aea469fda30c51dc097925e309cd1
/data/data/com.termux/files/home/.cargo/registry/src/index.crates.io-1949cf8c6b5b557f/sha2-asm-0.6.4/CHANGELOG.md,/data/data/com.termux/files/home/pixelation/docs/markdown_archive/CHANGELOG_v26.md,9d48e09fd52f96c60a5c80c8830f27e46a148f701e4215dc10740851ae883759
/data/data/com.termux/files/home/.cargo/registry/src/index.crates.io-1949cf8c6b5b557f/winapi-util-0.1.9/README.md,/data/data/com.termux/files/home/pixelation/docs/markdown_archive/README_v107.md,a7f54a0abf91365baa51097afe72f4ed0156ef2152cf22800c280af24357dd9a
/data/data/com.termux/files/home/.cargo/registry/src/index.crates.io-1949cf8c6b5b557f/generic-array-0.14.7/CHANGELOG.md,/data/data/com.termux/files/home/pixelation/docs/markdown_archive/CHANGELOG_v27.md,478d33deb9d0c943c20671eed67bc393891aad1679e61f74412f98c9a5017f84
/data/data/com.termux/files/home/.cargo/registry/src/index.crates.io-1949cf8c6b5b557f/generic-array-0.14.7/README.md,/data/data/com.termux/files/home/pixelation/docs/markdown_archive/README_v108.md,9e86d03b400dc818f44df68b76dafd1d89e42a51221bcb0de4259a6529ab6d84
/data/data/com.termux/files/home/.cargo/registry/src/index.crates.io-1949cf8c6b5b557f/deranged-0.4.0/README.md,/data/data/com.termux/files/home/pixelation/docs/markdown_archive/README_v109.md,fc4c9482d9e5225630da44e5371d6fa3f37220e2f4da2dac076cf4cd4f9592e7
/data/data/com.termux/files/home/.cargo/registry/src/index.crates.io-1949cf8c6b5b557f/csv-core-0.1.12/README.md,/data/data/com.termux/files/home/pixelation/docs/markdown_archive/README_v110.md,a825a649e366e6e18a59a6fa038f698b3535025d1949f18966b84e3971628030
/data/data/com.termux/files/home/.cargo/registry/src/index.crates.io-1949cf8c6b5b557f/dialoguer-0.11.0/CHANGELOG.md,/data/data/com.termux/files/home/pixelation/docs/markdown_archive/CHANGELOG_v28.md,a95bbb0a5ff2dc33bc6de8c71ac19e435366af64b8782366c664bac6f48caa41
/data/data/com.termux/files/home/.cargo/registry/src/index.crates.io-1949cf8c6b5b557f/dialoguer-0.11.0/README.md,/data/data/com.termux/files/home/pixelation/docs/markdown_archive/README_v111.md,2793836e3dd9e50b735103c216c2b4c6aa0fc2335816c367ea33956de24db132
/data/data/com.termux/files/home/.cargo/registry/src/index.crates.io-1949cf8c6b5b557f/http-body-util-0.1.3/CHANGELOG.md,/data/data/com.termux/files/home/pixelation/docs/markdown_archive/CHANGELOG_v29.md,f901f548e4ed5a928bf6db34b1e4a6262d26fff405e73e4c39d7d9203572c592
/data/data/com.termux/files/home/.cargo/registry/src/index.crates.io-1949cf8c6b5b557f/http-body-util-0.1.3/README.md,/data/data/com.termux/files/home/pixelation/docs/markdown_archive/README_v48.md,0f90f61ee419eefd4104005ef6900445fafce9a710dd1989463f3cebaf0fafe8
/data/data/com.termux/files/home/.cargo/registry/src/index.crates.io-1949cf8c6b5b557f/content_inspector-0.2.4/README.md,/data/data/com.termux/files/home/pixelation/docs/markdown_archive/README_v112.md,00f24c02397e44a4a86bf8d54dab3e9ba12930c7c191eb2664f7d73f79c530f0
/data/data/com.termux/files/home/.cargo/registry/src/index.crates.io-1949cf8c6b5b557f/content_inspector-0.2.4/testdata/file_sources.md,/data/data/com.termux/files/home/pixelation/docs/markdown_archive/file_sources.md,dc97792f1fd22d0adf226db4feeb08931751e2775965d5ff5c50e8dc8555cbaf
/data/data/com.termux/files/home/.cargo/registry/src/index.crates.io-1949cf8c6b5b557f/serde_repr-0.1.20/README.md,/data/data/com.termux/files/home/pixelation/docs/markdown_archive/README_v113.md,eeaecee94e896222307c54e647a2ca546e3f7a778f5a37f9a33300c9a3260324
/data/data/com.termux/files/home/.cargo/registry/src/index.crates.io-1949cf8c6b5b557f/ipnet-2.11.0/README.md,/data/data/com.termux/files/home/pixelation/docs/markdown_archive/README_v114.md,dde908e3b0f4213c06c153e6b9363f31c6a15731d817a58fc9e49fb793f7964f
/data/data/com.termux/files/home/.cargo/registry/src/index.crates.io-1949cf8c6b5b557f/ipnet-2.11.0/RELEASES.md,/data/data/com.termux/files/home/pixelation/docs/markdown_archive/RELEASES.md,bdfbd2d9b04077cdbeade41249c13d881147788be2f849b85882895faf3ad8cc
/data/data/com.termux/files/home/.cargo/registry/src/index.crates.io-1949cf8c6b5b557f/base64-0.22.1/README.md,/data/data/com.termux/files/home/pixelation/docs/markdown_archive/README_v115.md,df01f5b4317d601e7de86743f9818aec9196abf9e298f5e47679b7a966ecd945
/data/data/com.termux/files/home/.cargo/registry/src/index.crates.io-1949cf8c6b5b557f/base64-0.22.1/RELEASE-NOTES.md,/data/data/com.termux/files/home/pixelation/docs/markdown_archive/RELEASE-NOTES.md,997a5193317a8bff266ecfe4f015ba070b782b6df7d3a1738b9b52584d57f9c6
/data/data/com.termux/files/home/.cargo/registry/src/index.crates.io-1949cf8c6b5b557f/num-integer-0.1.46/README.md,/data/data/com.termux/files/home/pixelation/docs/markdown_archive/README_v116.md,f0513e0dd3fccc992b4047aa56d02721466d9ec53c77ad2d3812d94161d8c9b2
/data/data/com.termux/files/home/.cargo/registry/src/index.crates.io-1949cf8c6b5b557f/num-integer-0.1.46/RELEASES.md,/data/data/com.termux/files/home/pixelation/docs/markdown_archive/RELEASES_v2.md,680e32706fc80d279399cf0feee73eeb252b3507e38505aa9e8058390994e299
/data/data/com.termux/files/home/.cargo/registry/src/index.crates.io-1949cf8c6b5b557f/clap_complete_command-0.6.1/README.md,/data/data/com.termux/files/home/pixelation/docs/markdown_archive/README_v117.md,faf59c5476b21164b7ede7af51b436021fc753013d3100b4b82a1bfc365afdc3
/data/data/com.termux/files/home/.cargo/registry/src/index.crates.io-1949cf8c6b5b557f/stable_deref_trait-1.2.0/README.md,/data/data/com.termux/files/home/pixelation/docs/markdown_archive/README_v118.md,750fc2d57412de57566289e567b5674a666cc7a8a054f8c7129b8553f9003de7
/data/data/com.termux/files/home/.cargo/registry/src/index.crates.io-1949cf8c6b5b557f/autocfg-1.4.0/README.md,/data/data/com.termux/files/home/pixelation/docs/markdown_archive/README_v119.md,21308cfaaea9e841e01a43b7ec77304c1daeea8d0e3ec8fe5022d8e56acc4eb2
/data/data/com.termux/files/home/.cargo/registry/src/index.crates.io-1949cf8c6b5b557f/crossbeam-channel-0.5.15/CHANGELOG.md,/data/data/com.termux/files/home/pixelation/docs/markdown_archive/CHANGELOG_v30.md,5702faba15fdb5272dc6469ec577fe725479730c4ba7523f75200a844bf08a2d
/data/data/com.termux/files/home/.cargo/registry/src/index.crates.io-1949cf8c6b5b557f/crossbeam-channel-0.5.15/README.md,/data/data/com.termux/files/home/pixelation/docs/markdown_archive/README_v120.md,5dfb91ebb498dec49948a440a53977109ec532388170e567c3c2a0339589aa4c
/data/data/com.termux/files/home/.cargo/registry/src/index.crates.io-1949cf8c6b5b557f/futures-util-0.3.31/README.md,/data/data/com.termux/files/home/pixelation/docs/markdown_archive/README_v121.md,4094b953bfd2bb2687df0c3c3deb05c307c14ac084e6a79878342b8ee56aa710
/data/data/com.termux/files/home/.cargo/registry/src/index.crates.io-1949cf8c6b5b557f/termtree-0.5.1/README.md,/data/data/com.termux/files/home/pixelation/docs/markdown_archive/README_v122.md,7eac81f10fbebb1df5a57eded07f91baa9092fc36f64aeaa55b0bb69865ea36c
/data/data/com.termux/files/home/.cargo/registry/src/index.crates.io-1949cf8c6b5b557f/fat-macho-0.4.9/README.md,/data/data/com.termux/files/home/pixelation/docs/markdown_archive/README_v123.md,c6c7f23c554eb0b7bc6d55b960f211bf39d5c9b9c760db0243fd61826f45ab6d
/data/data/com.termux/files/home/.cargo/registry/src/index.crates.io-1949cf8c6b5b557f/windows-result-0.3.4/readme.md,/data/data/com.termux/files/home/pixelation/docs/markdown_archive/readme_v3.md,8f430881394355d2de5a532fad167a2f43ea0e74f308503d85f912417d4c9c42
/data/data/com.termux/files/home/.cargo/registry/src/index.crates.io-1949cf8c6b5b557f/windows-link-0.1.3/readme.md,/data/data/com.termux/files/home/pixelation/docs/markdown_archive/readme_v4.md,1d119f8a35c7c95c4cc80f0609c3fb4a897d4bd244e98bdf5054f9fd96942418
/data/data/com.termux/files/home/.cargo/registry/src/index.crates.io-1949cf8c6b5b557f/tokio-retry-0.3.0/README.md,/data/data/com.termux/files/home/pixelation/docs/markdown_archive/README_v124.md,f41808852f4a4dfee4e52493ab1aab9b625f336b277cfb8824333677b6215115
/data/data/com.termux/files/home/.cargo/registry/src/index.crates.io-1949cf8c6b5b557f/mockall-0.13.1/README.md,/data/data/com.termux/files/home/pixelation/docs/markdown_archive/README_v125.md,5e9cf5df381680b492510e9a552d0ef14917b6bcce6d3f29e4aee427df4b8e81
/data/data/com.termux/files/home/.cargo/registry/src/index.crates.io-1949cf8c6b5b557f/termcolor-1.4.1/README.md,/data/data/com.termux/files/home/pixelation/docs/markdown_archive/README_v126.md,b07f32791ef31fdc347d1d4a62a0bf0979ab825a361ca9079f31908a0b78ea96
/data/data/com.termux/files/home/.cargo/registry/src/index.crates.io-1949cf8c6b5b557f/wasm-timer-0.2.5/README.md,/data/data/com.termux/files/home/pixelation/docs/markdown_archive/README_v127.md,1b5ee3b443be7e28800608779174b20af9da609ea9edd29409d9cf91bf05de0a
/data/data/com.termux/files/home/.cargo/registry/src/index.crates.io-1949cf8c6b5b557f/tracing-log-0.2.0/CHANGELOG.md,/data/data/com.termux/files/home/pixelation/docs/markdown_archive/CHANGELOG_v31.md,cfe37d5721203d44066829fc75e6d97183b23cd936489cdb22bd89cdf3e4a1bc
/data/data/com.termux/files/home/.cargo/registry/src/index.crates.io-1949cf8c6b5b557f/tracing-log-0.2.0/README.md,/data/data/com.termux/files/home/pixelation/docs/markdown_archive/README_v128.md,521c718a9badf8b2cc14389b207d71fad1a1eb5386d06e5936aa82295b83424b
/data/data/com.termux/files/home/.cargo/registry/src/index.crates.io-1949cf8c6b5b557f/windows-strings-0.4.2/readme.md,/data/data/com.termux/files/home/pixelation/docs/markdown_archive/readme_v5.md,99623bfb30a59574e53029cd8c5061c3654d84a4f5f23e59f5340df9e8ebb440
/data/data/com.termux/files/home/.cargo/registry/src/index.crates.io-1949cf8c6b5b557f/bitflags-2.9.1/CHANGELOG.md,/data/data/com.termux/files/home/pixelation/docs/markdown_archive/CHANGELOG_v32.md,f834bbc7f788c11fb345ec0a0cf76437dd8839266e415bd4d6c65d3f708be9c0
/data/data/com.termux/files/home/.cargo/registry/src/index.crates.io-1949cf8c6b5b557f/bitflags-2.9.1/CODE_OF_CONDUCT.md,/data/data/com.termux/files/home/pixelation/docs/markdown_archive/CODE_OF_CONDUCT_v2.md,42634d0f6d922f49857175af991802822f7f920487aefa2ee250a50d12251a66
/data/data/com.termux/files/home/.cargo/registry/src/index.crates.io-1949cf8c6b5b557f/bitflags-2.9.1/CONTRIBUTING.md,/data/data/com.termux/files/home/pixelation/docs/markdown_archive/CONTRIBUTING_v5.md,6c9f96eacb20af877ae2d16f024904f3038b93448a8488e9dbcac0df7f6439a5
/data/data/com.termux/files/home/.cargo/registry/src/index.crates.io-1949cf8c6b5b557f/bitflags-2.9.1/README.md,/data/data/com.termux/files/home/pixelation/docs/markdown_archive/README_v129.md,bef5205717070e150bc0038df1430ebd189ff686899609b0b812934dcf09a61f
/data/data/com.termux/files/home/.cargo/registry/src/index.crates.io-1949cf8c6b5b557f/bitflags-2.9.1/SECURITY.md,/data/data/com.termux/files/home/pixelation/docs/markdown_archive/SECURITY_v2.md,68704c8128fa2e776ed7cbda741fbf61ad52f998a96350ee7ee4dbf64c6573bc
/data/data/com.termux/files/home/.cargo/registry/src/index.crates.io-1949cf8c6b5b557f/bitflags-2.9.1/spec.md,/data/data/com.termux/files/home/pixelation/docs/markdown_archive/spec.md,fcdd939df30c59b0643be09027df664b71cbea9b9989185441482c5576160fed
/data/data/com.termux/files/home/.cargo/registry/src/index.crates.io-1949cf8c6b5b557f/futures-timer-3.0.3/README.md,/data/data/com.termux/files/home/pixelation/docs/markdown_archive/README_v130.md,9ae787fe955a4fbfab5b65b686a4f686425155cff6ae66d8a02aa6dadd143c70
/data/data/com.termux/files/home/.cargo/registry/src/index.crates.io-1949cf8c6b5b557f/fs4-0.12.0/README.md,/data/data/com.termux/files/home/pixelation/docs/markdown_archive/README_v131.md,a81f8ecd84da2c4cd3ac3396f8c0566c0f1c254a1b2048478497ed45916f834a
/data/data/com.termux/files/home/.cargo/registry/src/index.crates.io-1949cf8c6b5b557f/synchronoise-1.0.1/CHANGELOG.md,/data/data/com.termux/files/home/pixelation/docs/markdown_archive/CHANGELOG_v33.md,e3b5133bc4395087383f43e6b61a5eb35d17a345aea18762d2617d764b20d152
/data/data/com.termux/files/home/.cargo/registry/src/index.crates.io-1949cf8c6b5b557f/synchronoise-1.0.1/README.md,/data/data/com.termux/files/home/pixelation/docs/markdown_archive/README_v132.md,6aa5eff3ed4b1519ea175a9007277705c0dba8b4c94578016403be573e45c7a3
/data/data/com.termux/files/home/.cargo/registry/src/index.crates.io-1949cf8c6b5b557f/addr2line-0.24.2/CHANGELOG.md,/data/data/com.termux/files/home/pixelation/docs/markdown_archive/CHANGELOG_v34.md,0d04c7dddcffba3d83d4a05466c9b79cf13360c33f081fc9800596716bf954ce
/data/data/com.termux/files/home/.cargo/registry/src/index.crates.io-1949cf8c6b5b557f/addr2line-0.24.2/README.md,/data/data/com.termux/files/home/pixelation/docs/markdown_archive/README_v133.md,c635ed91d7b0c87ff2f0f311cd1a31336d2cbc4d011965d3b58afaca073538d9
/data/data/com.termux/files/home/.cargo/registry/src/index.crates.io-1949cf8c6b5b557f/untrusted-0.9.0/README.md,/data/data/com.termux/files/home/pixelation/docs/markdown_archive/README_v134.md,8ec7954c78b7bceecc1757f2af855045969c3197ad306c9a5d3a6e0c43a8a9cd
/data/data/com.termux/files/home/.cargo/registry/src/index.crates.io-1949cf8c6b5b557f/colored-2.2.0/CHANGELOG.md,/data/data/com.termux/files/home/pixelation/docs/markdown_archive/CHANGELOG_v35.md,ea8bad0be853d81889c0bd568c73a9f3bf85f56b02affe9e3beb27ef3cc429fc
/data/data/com.termux/files/home/.cargo/registry/src/index.crates.io-1949cf8c6b5b557f/colored-2.2.0/README.md,/data/data/com.termux/files/home/pixelation/docs/markdown_archive/README_v135.md,84343356b7476a5428f335d4166e9af2410da430718401c045ab23e5d9cf8205
/data/data/com.termux/files/home/.cargo/registry/src/index.crates.io-1949cf8c6b5b557f/powerfmt-0.2.0/README.md,/data/data/com.termux/files/home/pixelation/docs/markdown_archive/README_v136.md,188fa8a1323086828b9eeaf5a2031d66f066b617fc7dec318835a685d7c2e3c7
/data/data/com.termux/files/home/.cargo/registry/src/index.crates.io-1949cf8c6b5b557f/utf8_iter-1.0.4/README.md,/data/data/com.termux/files/home/pixelation/docs/markdown_archive/README_v137.md,806ed7e6fad84cb440a763c03369af8a2dd01c60712bb19c635448c2a9d58b7e
/data/data/com.termux/files/home/.cargo/registry/src/index.crates.io-1949cf8c6b5b557f/httparse-1.10.1/README.md,/data/data/com.termux/files/home/pixelation/docs/markdown_archive/README_v138.md,eb23916ad2e4e904ee31e2af02e71ffd8f2d0c97f9e529f3e02f300a120e2c8b
/data/data/com.termux/files/home/.cargo/registry/src/index.crates.io-1949cf8c6b5b557f/walkdir-2.5.0/README.md,/data/data/com.termux/files/home/pixelation/docs/markdown_archive/README_v139.md,5fc28c8211fe74af2889a2eb859127f8d543e0f94be80659c307105ed831f84b
/data/data/com.termux/files/home/.cargo/registry/src/index.crates.io-1949cf8c6b5b557f/rstest_macros-0.22.0/README.md,/data/data/com.termux/files/home/pixelation/docs/markdown_archive/README_v140.md,a6480cd80f92b7cac5e3415fbe92b2c5fcf87df7a7045b33a310116025a66bcb
/data/data/com.termux/files/home/.cargo/registry/src/index.crates.io-1949cf8c6b5b557f/openssl-probe-0.1.6/README.md,/data/data/com.termux/files/home/pixelation/docs/markdown_archive/README_v141.md,8ed68df33f3ff446550e5576bf31bf4e2aff3e14a7c577d2a66fa67ae85bc0a3
/data/data/com.termux/files/home/.cargo/registry/src/index.crates.io-1949cf8c6b5b557f/thread_local-1.1.8/README.md,/data/data/com.termux/files/home/pixelation/docs/markdown_archive/README_v142.md,f1c00563aaa5c182fa2146550c05199914bd9ac1913c5263bb61652fdf2f74db
/data/data/com.termux/files/home/.cargo/registry/src/index.crates.io-1949cf8c6b5b557f/plain-0.2.3/README.md,/data/data/com.termux/files/home/pixelation/docs/markdown_archive/README_v143.md,016afabc736fc574d980b31ef5fec1b695c458b5ee5b53be7e6490772cdbf59d
/data/data/com.termux/files/home/.cargo/registry/src/index.crates.io-1949cf8c6b5b557f/wasm-bindgen-futures-0.4.50/README.md,/data/data/com.termux/files/home/pixelation/docs/markdown_archive/README_v144.md,c5b95b239927e327ff70b25c52c7347f8b37cefea85da332f02a25d9f90c59b7
/data/data/com.termux/files/home/.cargo/registry/src/index.crates.io-1949cf8c6b5b557f/clap_derive-4.5.40/README.md,/data/data/com.termux/files/home/pixelation/docs/markdown_archive/README_v145.md,5acb20197baf33b19d05b71883859135a791ce35e9104d5cd7128f42a804ec0d
/data/data/com.termux/files/home/.cargo/registry/src/index.crates.io-1949cf8c6b5b557f/lz4_flex-0.11.3/README.md,/data/data/com.termux/files/home/pixelation/docs/markdown_archive/README_v146.md,74602aa3a76e9f7441263c93ee83ce873a42487cea9f4659ba707195b0af782a
/data/data/com.termux/files/home/.cargo/registry/src/index.crates.io-1949cf8c6b5b557f/whoami-1.6.0/README.md,/data/data/com.termux/files/home/pixelation/docs/markdown_archive/README_v147.md,4a7f0bc6de1e18eee9e3ba505ed46646cacbc609cb66883854194bf2aef47a19
/data/data/com.termux/files/home/.cargo/registry/src/index.crates.io-1949cf8c6b5b557f/wasm-streams-0.4.2/CHANGELOG.md,/data/data/com.termux/files/home/pixelation/docs/markdown_archive/CHANGELOG_v36.md,2df0da87161df44b0ec703be337c8720ca7aef2147c560df8274669fe02df984
/data/data/com.termux/files/home/.cargo/registry/src/index.crates.io-1949cf8c6b5b557f/wasm-streams-0.4.2/CONTRIBUTING.md,/data/data/com.termux/files/home/pixelation/docs/markdown_archive/CONTRIBUTING_v6.md,340b300999190f958f6e6bfe3772ff16182ef17b4e33ae8a8b509987fee949d0
/data/data/com.termux/files/home/.cargo/registry/src/index.crates.io-1949cf8c6b5b557f/wasm-streams-0.4.2/README.md,/data/data/com.termux/files/home/pixelation/docs/markdown_archive/README_v148.md,f61b1a83d1489125cc3372d1812bba0296bef38c1858e45fa419e6e087381870
/data/data/com.termux/files/home/.cargo/registry/src/index.crates.io-1949cf8c6b5b557f/unicode-xid-0.2.6/README.md,/data/data/com.termux/files/home/pixelation/docs/markdown_archive/README_v149.md,651a08ce6a8967dfd5eaa7de96f527c59d3ca2cac2754b8a5ff7a014b7551700
/data/data/com.termux/files/home/.cargo/registry/src/index.crates.io-1949cf8c6b5b557f/anyhow-1.0.98/README.md,/data/data/com.termux/files/home/pixelation/docs/markdown_archive/README_v150.md,136d2b44cc4060192516f18e43ec3eafb65693c1819a80a867e7a00c60a45ee6
/data/data/com.termux/files/home/.cargo/registry/src/index.crates.io-1949cf8c6b5b557f/xz2-0.1.7/README.md,/data/data/com.termux/files/home/pixelation/docs/markdown_archive/README_v151.md,cf7b6378aed435c031956af882beb42695c926e1c42869057c5b16fe72c6f6d5
/data/data/com.termux/files/home/.cargo/registry/src/index.crates.io-1949cf8c6b5b557f/crc32fast-1.4.2/README.md,/data/data/com.termux/files/home/pixelation/docs/markdown_archive/README_v152.md,797c17914bec5a71cb281a10c28058461c1a7e3531c4af7aabb654ee642ede01
/data/data/com.termux/files/home/.cargo/registry/src/index.crates.io-1949cf8c6b5b557f/windows-core-0.61.2/readme.md,/data/data/com.termux/files/home/pixelation/docs/markdown_archive/readme_v6.md,0f426dba1cf9f879c1a47a26706c4ca86a7f20809bef92d1dd132a2f2e5e39d1
/data/data/com.termux/files/home/.cargo/registry/src/index.crates.io-1949cf8c6b5b557f/zeroize-1.8.1/CHANGELOG.md,/data/data/com.termux/files/home/pixelation/docs/markdown_archive/CHANGELOG_v37.md,d3edd9a3dffc77d9fdcaae5c8bc21cce1ed15a67594c16a5a315951dcd1c312a
/data/data/com.termux/files/home/.cargo/registry/src/index.crates.io-1949cf8c6b5b557f/zeroize-1.8.1/README.md,/data/data/com.termux/files/home/pixelation/docs/markdown_archive/README_v153.md,6584a94c6eb56a1b62e4e0a6f92cb6e1de6dd9bb8d8fd41225603af248e0bdd7
/data/data/com.termux/files/home/.cargo/registry/src/index.crates.io-1949cf8c6b5b557f/bytemuck-1.23.1/README.md,/data/data/com.termux/files/home/pixelation/docs/markdown_archive/README_v154.md,23799f000c1e48b9a09179cee8a9f0a63f456893d959d3ebae3b34c8133beb8e
/data/data/com.termux/files/home/.cargo/registry/src/index.crates.io-1949cf8c6b5b557f/bytemuck-1.23.1/changelog.md,/data/data/com.termux/files/home/pixelation/docs/markdown_archive/changelog.md,232ccc6f810bdc123d31e90a2fdb1c47df09132d8f63a3f2aca5e86637d79d4e
/data/data/com.termux/files/home/.cargo/registry/src/index.crates.io-1949cf8c6b5b557f/backtrace-0.3.75/README.md,/data/data/com.termux/files/home/pixelation/docs/markdown_archive/README_v155.md,66627f6723d9c702276ae529aaf52fc2ed0fd13204ad510d0c9a2d63e6d7d68d
/data/data/com.termux/files/home/.cargo/registry/src/index.crates.io-1949cf8c6b5b557f/unindent-0.2.4/README.md,/data/data/com.termux/files/home/pixelation/docs/markdown_archive/README_v156.md,13fe850f35f99ad1701eb640baada22f5cce3072a9e99006d1e4f7d3e847455d
/data/data/com.termux/files/home/.cargo/registry/src/index.crates.io-1949cf8c6b5b557f/want-0.3.1/README.md,/data/data/com.termux/files/home/pixelation/docs/markdown_archive/README_v157.md,316ed49131b031a3b323a3d4eab8327e4207ff2728c661c3c72556b63457038b
/data/data/com.termux/files/home/.cargo/registry/src/index.crates.io-1949cf8c6b5b557f/io-uring-0.7.9/README.md,/data/data/com.termux/files/home/pixelation/docs/markdown_archive/README_v158.md,01bd2bc24ae5ea9c7e1b0526625e322ca0958b3a93297550a2822529a52aaf9e
/data/data/com.termux/files/home/.cargo/registry/src/index.crates.io-1949cf8c6b5b557f/chumsky-0.9.3/CHANGELOG.md,/data/data/com.termux/files/home/pixelation/docs/markdown_archive/CHANGELOG_v38.md,895ee076a2b38a6e89ef7f759b62b8166efbd11780a20195011ede48a27e8613
/data/data/com.termux/files/home/.cargo/registry/src/index.crates.io-1949cf8c6b5b557f/chumsky-0.9.3/README.md,/data/data/com.termux/files/home/pixelation/docs/markdown_archive/README_v159.md,6fcfa1cd0095887f6e839f90a6463671ad642bb62d257650c8237b44103db429
/data/data/com.termux/files/home/.cargo/registry/src/index.crates.io-1949cf8c6b5b557f/chumsky-0.9.3/tutorial.md,/data/data/com.termux/files/home/pixelation/docs/markdown_archive/tutorial.md,8662e4013c4afb9f90c72212a10a3d64207205cb939cf8be680d605df747a618
/data/data/com.termux/files/home/.cargo/registry/src/index.crates.io-1949cf8c6b5b557f/cfb-0.10.0/README.md,/data/data/com.termux/files/home/pixelation/docs/markdown_archive/README_v160.md,ba9bc8249344763dc70655d13abd32b3d9c2605f75f263374feaf0159ad38095
/data/data/com.termux/files/home/.cargo/registry/src/index.crates.io-1949cf8c6b5b557f/http-1.3.1/CHANGELOG.md,/data/data/com.termux/files/home/pixelation/docs/markdown_archive/CHANGELOG_v39.md,7fab513ef1fe94d97ce99967d0589f57470b8d23b389ba1a427c544895bc4d1e
/data/data/com.termux/files/home/.cargo/registry/src/index.crates.io-1949cf8c6b5b557f/http-1.3.1/README.md,/data/data/com.termux/files/home/pixelation/docs/markdown_archive/README_v161.md,cc532272a1fd874d3c3aada992457a98edd03f08a4f3becdd059d3a77c7ccf7a
/data/data/com.termux/files/home/.cargo/registry/src/index.crates.io-1949cf8c6b5b557f/cbindgen-0.29.0/README.md,/data/data/com.termux/files/home/pixelation/docs/markdown_archive/README_v162.md,3a32778472cc6cbba14abacb51197af1bf08ffc2ab3f8a35336a1ec56de8f4a4
/data/data/com.termux/files/home/.cargo/registry/src/index.crates.io-1949cf8c6b5b557f/cbindgen-0.29.0/contributing.md,/data/data/com.termux/files/home/pixelation/docs/markdown_archive/contributing.md,b82cad361e1af7609d8d89f816f61ccb1823027685a5e358ce0f1601f033ed46
/data/data/com.termux/files/home/.cargo/registry/src/index.crates.io-1949cf8c6b5b557f/cbindgen-0.29.0/docs.md,/data/data/com.termux/files/home/pixelation/docs/markdown_archive/docs.md,bea869ed16e78582e693be14c2da7a4d664a2b3fa8546ae559d057474b648146
/data/data/com.termux/files/home/.cargo/registry/src/index.crates.io-1949cf8c6b5b557f/cbindgen-0.29.0/internals.md,/data/data/com.termux/files/home/pixelation/docs/markdown_archive/internals.md,62721f9a63729769c947ddb8270df3445f148fcba545e1152bc4f545cc32398b
/data/data/com.termux/files/home/.cargo/registry/src/index.crates.io-1949cf8c6b5b557f/cbindgen-0.29.0/tests/depfile/Readme.md,/data/data/com.termux/files/home/pixelation/docs/markdown_archive/Readme.md,2b81cc10632a3a883ade804ac8a495ea915263b1c67705267746725b37dec07f
/data/data/com.termux/files/home/.cargo/registry/src/index.crates.io-1949cf8c6b5b557f/version-ranges-0.1.1/README.md,/data/data/com.termux/files/home/pixelation/docs/markdown_archive/README_v163.md,79869d4f00d4854678185a3601ea4bda06c3c2bbb43ebaa8e8c5af8a2b65da28
/data/data/com.termux/files/home/.cargo/registry/src/index.crates.io-1949cf8c6b5b557f/wild-2.2.1/README.md,/data/data/com.termux/files/home/pixelation/docs/markdown_archive/README_v164.md,ad30a5196756038294454bb21d4c24e8e29b546a4f89cee38a59d2758e94e1e4
/data/data/com.termux/files/home/.cargo/registry/src/index.crates.io-1949cf8c6b5b557f/mime-0.3.17/CONTRIBUTING.md,/data/data/com.termux/files/home/pixelation/docs/markdown_archive/CONTRIBUTING_v7.md,7a8f1d12eb98bd09c290d31f25b03c71ff78027d9fc468e8782efa7dd3e69f1c
/data/data/com.termux/files/home/.cargo/registry/src/index.crates.io-1949cf8c6b5b557f/mime-0.3.17/README.md,/data/data/com.termux/files/home/pixelation/docs/markdown_archive/README_v165.md,4ac32f1d6d7e1ac9f89f0a6d7d0cbc26f20ef9defdc7b206ef3a77616f493bbf
/data/data/com.termux/files/home/.cargo/registry/src/index.crates.io-1949cf8c6b5b557f/redox_syscall-0.5.13/README.md,/data/data/com.termux/files/home/pixelation/docs/markdown_archive/README_v166.md,9161f18ba7f69b4ca51e844aee8ffb8237513a468c5c3b1f3a5f989044f895ac
/data/data/com.termux/files/home/.cargo/registry/src/index.crates.io-1949cf8c6b5b557f/idna-1.0.3/README.md,/data/data/com.termux/files/home/pixelation/docs/markdown_archive/README_v167.md,b95f383f35d2677a4aace5f816837357dca4b85f9c8cbed76d106c18faaca7e5
/data/data/com.termux/files/home/.cargo/registry/src/index.crates.io-1949cf8c6b5b557f/serde_urlencoded-0.7.1/README.md,/data/data/com.termux/files/home/pixelation/docs/markdown_archive/README_v168.md,0adc2e76e529922436075eddeaaf8decf04f1a642f0e6d9c513b634e72c00699
/data/data/com.termux/files/home/.cargo/registry/src/index.crates.io-1949cf8c6b5b557f/rand_chacha-0.9.0/CHANGELOG.md,/data/data/com.termux/files/home/pixelation/docs/markdown_archive/CHANGELOG_v40.md,102f114ebb898692dee1abe1e9debdf5ced6e7def8774d739043bb5afd8709b9
/data/data/com.termux/files/home/.cargo/registry/src/index.crates.io-1949cf8c6b5b557f/rand_chacha-0.9.0/README.md,/data/data/com.termux/files/home/pixelation/docs/markdown_archive/README_v169.md,13c20fa16d5cd5abf47d10cbec09ef3e488f4b2cce4c63711b8e4c021d2d97c4
/data/data/com.termux/files/home/.cargo/registry/src/index.crates.io-1949cf8c6b5b557f/signal-hook-registry-1.4.5/README.md,/data/data/com.termux/files/home/pixelation/docs/markdown_archive/README_v170.md,56d8abee3efdf82aed1791a81feb60d9db987cedfa9c2e2a6b9451ac94bb88f7
/data/data/com.termux/files/home/.cargo/registry/src/index.crates.io-1949cf8c6b5b557f/iri-string-0.7.8/CHANGELOG.md,/data/data/com.termux/files/home/pixelation/docs/markdown_archive/CHANGELOG_v41.md,1126f5cc700900c8a029a7771e5f7a92e781b0dbec9fde4f7c32fee5b331e0bd
/data/data/com.termux/files/home/.cargo/registry/src/index.crates.io-1949cf8c6b5b557f/iri-string-0.7.8/README.md,/data/data/com.termux/files/home/pixelation/docs/markdown_archive/README_v171.md,469963f422aa61e8cb936877a3b8f6c301b2d8257ad7f91126c1d5bc47e8e09f
/data/data/com.termux/files/home/.cargo/registry/src/index.crates.io-1949cf8c6b5b557f/slab-0.4.9/CHANGELOG.md,/data/data/com.termux/files/home/pixelation/docs/markdown_archive/CHANGELOG_v42.md,4ab78a6c79fcce5c853fa02902dc20ab217a41582f2c9204c517da57606e3508
/data/data/com.termux/files/home/.cargo/registry/src/index.crates.io-1949cf8c6b5b557f/slab-0.4.9/README.md,/data/data/com.termux/files/home/pixelation/docs/markdown_archive/README_v172.md,6e8d6d493aec6526593ae9b05e3b21d3f878c5816a94af9d372598e03406b35f
/data/data/com.termux/files/home/.cargo/registry/src/index.crates.io-1949cf8c6b5b557f/minimal-lexical-0.2.1/CODE_OF_CONDUCT.md,/data/data/com.termux/files/home/pixelation/docs/markdown_archive/CODE_OF_CONDUCT_v5.md,0bd67c62d204ec67cb29969aaf5aac337a77c84b318937bc2d9dc7e3fcbcdcaa
/data/data/com.termux/files/home/.cargo/registry/src/index.crates.io-1949cf8c6b5b557f/minimal-lexical-0.2.1/LICENSE.md,/data/data/com.termux/files/home/pixelation/docs/markdown_archive/LICENSE_v3.md,dbe1fff0fb1314b6af94f161511406275cf01c5a32441fbf24528a57a051d599
/data/data/com.termux/files/home/.cargo/registry/src/index.crates.io-1949cf8c6b5b557f/minimal-lexical-0.2.1/README.md,/data/data/com.termux/files/home/pixelation/docs/markdown_archive/README_v173.md,00d521d93124e88edf58d42b3114786c0daaf437e73118eed27b3c716b7514ad
/data/data/com.termux/files/home/.cargo/registry/src/index.crates.io-1949cf8c6b5b557f/pretty_assertions-1.4.1/README.md,/data/data/com.termux/files/home/pixelation/docs/markdown_archive/README_v174.md,56382a8b5347e3be95c26c97806291aebf5cc321090b19b2ac7d680461d4add1
/data/data/com.termux/files/home/.cargo/registry/src/index.crates.io-1949cf8c6b5b557f/zstd-0.13.3/Readme.md,/data/data/com.termux/files/home/pixelation/docs/markdown_archive/Readme_v2.md,ab4ae2287e6bfedf4c325085f62390520aebab75249bae993ca941aae2ff72fd
/data/data/com.termux/files/home/.cargo/registry/src/index.crates.io-1949cf8c6b5b557f/target-lexicon-0.12.16/README.md,/data/data/com.termux/files/home/pixelation/docs/markdown_archive/README_v175.md,c3467056d91be3f59562158ee9604c729b5b5f473efbefb036032803eb76809e
/data/data/com.termux/files/home/.cargo/registry/src/index.crates.io-1949cf8c6b5b557f/blake3-1.8.2/CONTRIBUTING.md,/data/data/com.termux/files/home/pixelation/docs/markdown_archive/CONTRIBUTING_v8.md,8b645b49f5c95f12c07786c3a6e665b8ae0986c5910dd1e2b9c70e4f353de4de
/data/data/com.termux/files/home/.cargo/registry/src/index.crates.io-1949cf8c6b5b557f/blake3-1.8.2/README.md,/data/data/com.termux/files/home/pixelation/docs/markdown_archive/README_v176.md,5062d006aa9b587c0ff1d0fe1582476d8deb0ba1e2194c673720ed83ad29b274
/data/data/com.termux/files/home/.cargo/registry/src/index.crates.io-1949cf8c6b5b557f/blake3-1.8.2/c/README.md,/data/data/com.termux/files/home/pixelation/docs/markdown_archive/README_v177.md,73bea639287160d3ccecb78c44d3aea915a922a0cae3794cf0dcd26c3be47dcf
/data/data/com.termux/files/home/.cargo/registry/src/index.crates.io-1949cf8c6b5b557f/blake3-1.8.2/tools/release.md,/data/data/com.termux/files/home/pixelation/docs/markdown_archive/release.md,02d13864150e3eda64925864d69874fce8c6f9d64863f4128aa972141d1bd405
/data/data/com.termux/files/home/.cargo/registry/src/index.crates.io-1949cf8c6b5b557f/chrono-0.4.41/README.md,/data/data/com.termux/files/home/pixelation/docs/markdown_archive/README_v178.md,753bad996509fbc16b2e2e6c42315fc0e96366990807fd15d6d647067b7fa3ab
/data/data/com.termux/files/home/.cargo/registry/src/index.crates.io-1949cf8c6b5b557f/path-slash-0.2.1/CHANGELOG.md,/data/data/com.termux/files/home/pixelation/docs/markdown_archive/CHANGELOG_v43.md,6a5b72c9744930e123846b2ba52bebe6cb0f4c35e55f0d6084e41f89afcf11b0
/data/data/com.termux/files/home/.cargo/registry/src/index.crates.io-1949cf8c6b5b557f/path-slash-0.2.1/README.md,/data/data/com.termux/files/home/pixelation/docs/markdown_archive/README_v179.md,37584dd3f6364e2d0a1c9ae2ccf0e073b2ddc12acaeba5f195d7c16d08a4f8c9
/data/data/com.termux/files/home/.cargo/registry/src/index.crates.io-1949cf8c6b5b557f/safe-transmute-0.11.3/README.md,/data/data/com.termux/files/home/pixelation/docs/markdown_archive/README_v180.md,df66e1d4fec8749d7b08c78d2f3aab91924810b68d7eef455ddda504c8eb66eb
/data/data/com.termux/files/home/.cargo/registry/src/index.crates.io-1949cf8c6b5b557f/object-0.36.7/CHANGELOG.md,/data/data/com.termux/files/home/pixelation/docs/markdown_archive/CHANGELOG_v44.md,dab6c04e69d4b17ddd7e7616b8a4eeba9415d51c857fe92ed09759740aca3f44
/data/data/com.termux/files/home/.cargo/registry/src/index.crates.io-1949cf8c6b5b557f/object-0.36.7/README.md,/data/data/com.termux/files/home/pixelation/docs/markdown_archive/README_v181.md,59a3ce4c55e0429024d583218dc13a6dd67025913916e991788c6614db820499
/data/data/com.termux/files/home/.cargo/registry/src/index.crates.io-1949cf8c6b5b557f/normalize-line-endings-0.3.0/README.md,/data/data/com.termux/files/home/pixelation/docs/markdown_archive/README_v182.md,5e3f5e4f32f7267ff8d6bde917cb21b157930a71078048774d85ec7de9f2425e
/data/data/com.termux/files/home/.cargo/registry/src/index.crates.io-1949cf8c6b5b557f/security-framework-sys-2.14.0/README.md,/data/data/com.termux/files/home/pixelation/docs/markdown_archive/README_v183.md,ff1d022f35ff76531a361ad421ba7ee61ce186dc6516f72fc819ec4b2a5567a4
/data/data/com.termux/files/home/.cargo/registry/src/index.crates.io-1949cf8c6b5b557f/nix-0.30.1/CHANGELOG.md,/data/data/com.termux/files/home/pixelation/docs/markdown_archive/CHANGELOG_v45.md,890c53890067bbd8a41ff3a7d063bbee24b489ac3cfa16d18fd7049ff9ea4935
/data/data/com.termux/files/home/.cargo/registry/src/index.crates.io-1949cf8c6b5b557f/nix-0.30.1/README.md,/data/data/com.termux/files/home/pixelation/docs/markdown_archive/README_v184.md,8852e4634aa931e6a65535cc20859d8bbbc07a6e8f82ffdb0d01e30372eec605
/data/data/com.termux/files/home/.cargo/registry/src/index.crates.io-1949cf8c6b5b557f/ignore-0.4.23/README.md,/data/data/com.termux/files/home/pixelation/docs/markdown_archive/README_v185.md,fad351a4d6dad422368750be404b7a419bc9f6ab5acc86934edb3502fba2029d
/data/data/com.termux/files/home/.cargo/registry/src/index.crates.io-1949cf8c6b5b557f/rand_chacha-0.3.1/CHANGELOG.md,/data/data/com.termux/files/home/pixelation/docs/markdown_archive/CHANGELOG_v46.md,deb20cd6e8be14e767b7fdea0e503ddd8226afd1253a5221aacc28a23d45db20
/data/data/com.termux/files/home/.cargo/registry/src/index.crates.io-1949cf8c6b5b557f/rand_chacha-0.3.1/README.md,/data/data/com.termux/files/home/pixelation/docs/markdown_archive/README_v186.md,f4221f35b7086649fa77807e826af020b57eb65b19cb693482d4a7e1e4d80537
/data/data/com.termux/files/home/.cargo/registry/src/index.crates.io-1949cf8c6b5b557f/tokio-rustls-0.26.2/README.md,/data/data/com.termux/files/home/pixelation/docs/markdown_archive/README_v187.md,0f4e37d458298fdfdf213bffccd722367556a6e3a395b9c4cd0433ab5eabf0a6
/data/data/com.termux/files/home/.cargo/registry/src/index.crates.io-1949cf8c6b5b557f/ulid-1.2.1/README.md,/data/data/com.termux/files/home/pixelation/docs/markdown_archive/README_v188.md,9741c362737b35a5a9ced30b2f0e3c622e305894b8fd78681c0f860f12cebb70
/data/data/com.termux/files/home/.cargo/registry/src/index.crates.io-1949cf8c6b5b557f/predicates-3.1.3/README.md,/data/data/com.termux/files/home/pixelation/docs/markdown_archive/README_v189.md,016703be2b9d4e506ddc78f10df70a7765ddf2f8c42bc230fc37346bd15b217b
/data/data/com.termux/files/home/.cargo/registry/src/index.crates.io-1949cf8c6b5b557f/tempfile-3.20.0/CHANGELOG.md,/data/data/com.termux/files/home/pixelation/docs/markdown_archive/CHANGELOG_v47.md,f9033a803d1328ee080d76f888d65f6d403e23078478ceb4bffd98e4e28ab0e3
/data/data/com.termux/files/home/.cargo/registry/src/index.crates.io-1949cf8c6b5b557f/tempfile-3.20.0/README.md,/data/data/com.termux/files/home/pixelation/docs/markdown_archive/README_v190.md,972f1c35ec653943e067fd2c3d09e78f593b2e9e1eafd5b9668bf3653513de3e
/data/data/com.termux/files/home/.cargo/registry/src/index.crates.io-1949cf8c6b5b557f/itertools-0.13.0/CHANGELOG.md,/data/data/com.termux/files/home/pixelation/docs/markdown_archive/CHANGELOG_v48.md,ceee4376468a3f7647f3bf4649e195a86873dd3091f23e3f992d248bd143fba2
/data/data/com.termux/files/home/.cargo/registry/src/index.crates.io-1949cf8c6b5b557f/itertools-0.13.0/CONTRIBUTING.md,/data/data/com.termux/files/home/pixelation/docs/markdown_archive/CONTRIBUTING_v9.md,d5787d0fd4df15481e2e09a37234ac5dec22c007c890826991f633d890efa29e
/data/data/com.termux/files/home/.cargo/registry/src/index.crates.io-1949cf8c6b5b557f/itertools-0.13.0/README.md,/data/data/com.termux/files/home/pixelation/docs/markdown_archive/README_v191.md,fc812ab0d5756b62c2ae34f38365899204b53332d5e6a87a695b0fe15a466957
/data/data/com.termux/files/home/.cargo/registry/src/index.crates.io-1949cf8c6b5b557f/multipart-0.18.0/README.md,/data/data/com.termux/files/home/pixelation/docs/markdown_archive/README_v192.md,e377f6ff7256dc0b05d9902a41174c3a8b85318abea828a0c9752d2c75a517fa
/data/data/com.termux/files/home/.cargo/registry/src/index.crates.io-1949cf8c6b5b557f/multipart-0.18.0/examples/README.md,/data/data/com.termux/files/home/pixelation/docs/markdown_archive/README_v193.md,496577e17938e0d07628490a936f9df5214007360e7aa4c899610fbafdcf2d02
/data/data/com.termux/files/home/.cargo/registry/src/index.crates.io-1949cf8c6b5b557f/pep508_rs-0.9.2/Changelog.md,/data/data/com.termux/files/home/pixelation/docs/markdown_archive/Changelog.md,8cf0518ac1953843e646f9158d7e21beea64ae3e04497376358c2968854360eb
/data/data/com.termux/files/home/.cargo/registry/src/index.crates.io-1949cf8c6b5b557f/pep508_rs-0.9.2/Readme.md,/data/data/com.termux/files/home/pixelation/docs/markdown_archive/Readme_v3.md,a4ef67ccc64f8d45b0bb081fe93819a4356bab5d6fef6a1f7f59aab02d1038cb
/data/data/com.termux/files/home/.cargo/registry/src/index.crates.io-1949cf8c6b5b557f/rustls-native-certs-0.8.1/CONTRIBUTING.md,/data/data/com.termux/files/home/pixelation/docs/markdown_archive/CONTRIBUTING_v10.md,fa2b78fb5291cf522ef3b749c7cb662b6e6c101445dc1ea92155876589bc65e0
/data/data/com.termux/files/home/.cargo/registry/src/index.crates.io-1949cf8c6b5b557f/rustls-native-certs-0.8.1/README.md,/data/data/com.termux/files/home/pixelation/docs/markdown_archive/README_v194.md,afe8eecb0d329891e3d2004ba12839d9eb295a031ca9c2050b5322ea39a4fab6
/data/data/com.termux/files/home/.cargo/registry/src/index.crates.io-1949cf8c6b5b557f/rustls-native-certs-0.8.1/RELEASING.md,/data/data/com.termux/files/home/pixelation/docs/markdown_archive/RELEASING.md,736984cde0639c5e5f96ad10fd5c419b1147e76e499bade5007a4b2d856964e1
/data/data/com.termux/files/home/.cargo/registry/src/index.crates.io-1949cf8c6b5b557f/system-configuration-0.6.1/README.md,/data/data/com.termux/files/home/pixelation/docs/markdown_archive/README_v195.md,56aff0466dddd2a4d0b5605189ec735bc2c64815ad313e0cad5baa4b25c718db
/data/data/com.termux/files/home/.cargo/registry/src/index.crates.io-1949cf8c6b5b557f/r-efi-5.2.0/NEWS.md,/data/data/com.termux/files/home/pixelation/docs/markdown_archive/NEWS.md,c2d989a4291b27917251b2db55529cb0eb8fb18773a1b20be7ab7c7155a1383e
/data/data/com.termux/files/home/.cargo/registry/src/index.crates.io-1949cf8c6b5b557f/r-efi-5.2.0/README.md,/data/data/com.termux/files/home/pixelation/docs/markdown_archive/README_v196.md,420f65fec3ba2e89d49da51b222d2881d26959037a7b7d3794143db4bd4627b1
/data/data/com.termux/files/home/.cargo/registry/src/index.crates.io-1949cf8c6b5b557f/unicode-ident-1.0.18/README.md,/data/data/com.termux/files/home/pixelation/docs/markdown_archive/README_v197.md,6fb5665b3b9330ed2ce7de3978f29976b3edfe07962b0270a036c4e6fd417c65
/data/data/com.termux/files/home/.cargo/registry/src/index.crates.io-1949cf8c6b5b557f/xwin-0.6.5/CHANGELOG.md,/data/data/com.termux/files/home/pixelation/docs/markdown_archive/CHANGELOG_v49.md,61844d6f75a4609a5798fda0e869be01b4762f7636caf456c31ae5888f142e06
/data/data/com.termux/files/home/.cargo/registry/src/index.crates.io-1949cf8c6b5b557f/xwin-0.6.5/CODE_OF_CONDUCT.md,/data/data/com.termux/files/home/pixelation/docs/markdown_archive/CODE_OF_CONDUCT_v6.md,bdd62923c8e1c5b1d86ff459b7d71a9f1d6279d262c524bae767d7bb4fa65f50
/data/data/com.termux/files/home/.cargo/registry/src/index.crates.io-1949cf8c6b5b557f/xwin-0.6.5/CONTRIBUTING.md,/data/data/com.termux/files/home/pixelation/docs/markdown_archive/CONTRIBUTING_v11.md,3f7775d85d2aa6ab922b5beff36a0ad6bcfa9c6e74eb255f3301cb6c263b3ac5
/data/data/com.termux/files/home/.cargo/registry/src/index.crates.io-1949cf8c6b5b557f/xwin-0.6.5/README.md,/data/data/com.termux/files/home/pixelation/docs/markdown_archive/README_v198.md,da76ba79986b862f02a9e2d41402848b58e48f4df3a29ed9fabcc920c9f7dd0d
/data/data/com.termux/files/home/.cargo/registry/src/index.crates.io-1949cf8c6b5b557f/socket2-0.5.10/README.md,/data/data/com.termux/files/home/pixelation/docs/markdown_archive/README_v199.md,5b9d3a55525334c4abdb992a49f8dd4f9853f3c061e905334c56ab1dba1bb3ff
/data/data/com.termux/files/home/.cargo/registry/src/index.crates.io-1949cf8c6b5b557f/serde_derive-1.0.219/README.md,/data/data/com.termux/files/home/pixelation/docs/markdown_archive/README_v200.md,56dd9b1d02be861a2c2a88c06005adc61f8b1d4330cd6db304ee330bcfdc4310
/data/data/com.termux/files/home/.cargo/registry/src/index.crates.io-1949cf8c6b5b557f/serde_derive-1.0.219/crates-io.md,/data/data/com.termux/files/home/pixelation/docs/markdown_archive/crates-io.md,407d92b2932923f8708aaf31db266fd7db32e2b0afa6c569d134b680b74a1920
/data/data/com.termux/files/home/.cargo/registry/src/index.crates.io-1949cf8c6b5b557f/proc-macro2-1.0.95/README.md,/data/data/com.termux/files/home/pixelation/docs/markdown_archive/README_v201.md,c609b6865476d6c35879784e9155367a97a0da496aa5c3c61488440a20f59883
/data/data/com.termux/files/home/.cargo/registry/src/index.crates.io-1949cf8c6b5b557f/url-2.5.4/README.md,/data/data/com.termux/files/home/pixelation/docs/markdown_archive/README_v202.md,141354cfa79fe3a7e739834bf6e001ff1293169e1809cf9eb6d5c8af0b7a191f
/data/data/com.termux/files/home/.cargo/registry/src/index.crates.io-1949cf8c6b5b557f/pyo3-ffi-0.23.5/README.md,/data/data/com.termux/files/home/pixelation/docs/markdown_archive/README_v203.md,c97aa471ae2501e8746e0073be5e49b577d9a008dc348635f5d6afb40c26bc5f
/data/data/com.termux/files/home/.cargo/registry/src/index.crates.io-1949cf8c6b5b557f/pyo3-ffi-0.23.5/examples/README.md,/data/data/com.termux/files/home/pixelation/docs/markdown_archive/README_v204.md,598f11a10ce25ac2bd5cfa6311d53ea0595e8a7ee63cedbf94c92b8398e945ef
/data/data/com.termux/files/home/.cargo/registry/src/index.crates.io-1949cf8c6b5b557f/pin-project-1.1.10/CHANGELOG.md,/data/data/com.termux/files/home/pixelation/docs/markdown_archive/CHANGELOG_v50.md,1746654f1dc52013e46504040c1085b2c312bf4def7cf84be1fc6fa91075b11e
/data/data/com.termux/files/home/.cargo/registry/src/index.crates.io-1949cf8c6b5b557f/pin-project-1.1.10/README.md,/data/data/com.termux/files/home/pixelation/docs/markdown_archive/README_v205.md,894ff4f6791cbea1c9eef49ecaaca652c2969da957b4e1f65b67450657930fca
/data/data/com.termux/files/home/.cargo/registry/src/index.crates.io-1949cf8c6b5b557f/pin-project-1.1.10/examples/README.md,/data/data/com.termux/files/home/pixelation/docs/markdown_archive/README_v206.md,873366ab5ece507f55dac855c51f87776d5c35456d5e8c84f528587d836aaf5f
/data/data/com.termux/files/home/.cargo/registry/src/index.crates.io-1949cf8c6b5b557f/pin-project-1.1.10/tests/ui/unstable-features/README.md,/data/data/com.termux/files/home/pixelation/docs/markdown_archive/README_v207.md,f9dcf95e9c68fe15345f493a3fb4f54726d36c76d1a5a1e2c9dfa25540d4b642
/data/data/com.termux/files/home/.cargo/registry/src/index.crates.io-1949cf8c6b5b557f/security-framework-3.2.0/README.md,/data/data/com.termux/files/home/pixelation/docs/markdown_archive/README_v183.md,ff1d022f35ff76531a361ad421ba7ee61ce186dc6516f72fc819ec4b2a5567a4
/data/data/com.termux/files/home/.cargo/registry/src/index.crates.io-1949cf8c6b5b557f/prometheus-0.14.0/CHANGELOG.md,/data/data/com.termux/files/home/pixelation/docs/markdown_archive/CHANGELOG_v51.md,154303e6cfd37f48d5a005d64fd55fb62d04fee2895469cad8d73c2314f92135
/data/data/com.termux/files/home/.cargo/registry/src/index.crates.io-1949cf8c6b5b557f/prometheus-0.14.0/CODE_OF_CONDUCT.md,/data/data/com.termux/files/home/pixelation/docs/markdown_archive/CODE_OF_CONDUCT_v7.md,5c6719aa354fed31085cf2bc095207e586774e8fc4931a8ef37b777d555d2666
/data/data/com.termux/files/home/.cargo/registry/src/index.crates.io-1949cf8c6b5b557f/prometheus-0.14.0/README.md,/data/data/com.termux/files/home/pixelation/docs/markdown_archive/README_v208.md,8b432cdbdae274d4d4dfecc9f56037ee9f12c1b216e33f02d70335cb2a103837
/data/data/com.termux/files/home/.cargo/registry/src/index.crates.io-1949cf8c6b5b557f/prometheus-0.14.0/docs/release.md,/data/data/com.termux/files/home/pixelation/docs/markdown_archive/release_v2.md,3834e567136a50edeb30169e6046f66f8545d2d434441bb03df208e7840c6095
/data/data/com.termux/files/home/.cargo/registry/src/index.crates.io-1949cf8c6b5b557f/tower-0.5.2/CHANGELOG.md,/data/data/com.termux/files/home/pixelation/docs/markdown_archive/CHANGELOG_v52.md,8a03595505c62fe9db4f7ab459ae5743c75ccf1bb62896b4e6dbb0dccff7d54a
/data/data/com.termux/files/home/.cargo/registry/src/index.crates.io-1949cf8c6b5b557f/tower-0.5.2/README.md,/data/data/com.termux/files/home/pixelation/docs/markdown_archive/README_v209.md,f8cd5239719594b9157fce747eb09255f848017aabed2848d210aa377b39ca98
/data/data/com.termux/files/home/.cargo/registry/src/index.crates.io-1949cf8c6b5b557f/regex-automata-0.1.10/README.md,/data/data/com.termux/files/home/pixelation/docs/markdown_archive/README_v210.md,34ebd8d165fbd934198653a6d619d62788ff72f0e058139459d4369683423551
/data/data/com.termux/files/home/.cargo/registry/src/index.crates.io-1949cf8c6b5b557f/tower-http-0.6.6/CHANGELOG.md,/data/data/com.termux/files/home/pixelation/docs/markdown_archive/CHANGELOG_v53.md,0444e6082103f5ef9dc07ee95f7fd58c671729aca659f59db2a7deef562e2293
/data/data/com.termux/files/home/.cargo/registry/src/index.crates.io-1949cf8c6b5b557f/tower-http-0.6.6/README.md,/data/data/com.termux/files/home/pixelation/docs/markdown_archive/README_v211.md,b222111103d0522442def1ccb0277520bf01c15a8902738dfd16d472e0375063
/data/data/com.termux/files/home/.cargo/registry/src/index.crates.io-1949cf8c6b5b557f/time-0.3.41/README.md,/data/data/com.termux/files/home/pixelation/docs/markdown_archive/README_v212.md,28ca0b1f1e88d8d2b2fa7ad2614daa06c301040d6d2980f90508e92283d47daf
/data/data/com.termux/files/home/.cargo/registry/src/index.crates.io-1949cf8c6b5b557f/wasi-0.14.2+wasi-0.2.4/CODE_OF_CONDUCT.md,/data/data/com.termux/files/home/pixelation/docs/markdown_archive/CODE_OF_CONDUCT_v8.md,a13aaaf393818bd91207c618724d3fb74944ca5161201822a84af951bcf655ef
/data/data/com.termux/files/home/.cargo/registry/src/index.crates.io-1949cf8c6b5b557f/wasi-0.14.2+wasi-0.2.4/CONTRIBUTING.md,/data/data/com.termux/files/home/pixelation/docs/markdown_archive/CONTRIBUTING_v12.md,2c908a3e263dc35dfed131c02ff907cd72fafb2c2096e4ba9b1e0cbb7a1b76df
/data/data/com.termux/files/home/.cargo/registry/src/index.crates.io-1949cf8c6b5b557f/wasi-0.14.2+wasi-0.2.4/ORG_CODE_OF_CONDUCT.md,/data/data/com.termux/files/home/pixelation/docs/markdown_archive/ORG_CODE_OF_CONDUCT.md,a62b69bf86e605ee1bcbb2f0a12ba79e4cebb6983a7b6491949750aecc4f2178
/data/data/com.termux/files/home/.cargo/registry/src/index.crates.io-1949cf8c6b5b557f/wasi-0.14.2+wasi-0.2.4/README.md,/data/data/com.termux/files/home/pixelation/docs/markdown_archive/README_v213.md,aab21c6fad2ca7e2b487764f49018ac8f6f0bf0236dabf5aa947e134952a1c69
/data/data/com.termux/files/home/.cargo/registry/src/index.crates.io-1949cf8c6b5b557f/wasi-0.14.2+wasi-0.2.4/SECURITY.md,/data/data/com.termux/files/home/pixelation/docs/markdown_archive/SECURITY_v3.md,4d75afb09dd28eb5982e3a1f768ee398d90204669ceef3240a16b31dcf04148a
/data/data/com.termux/files/home/.cargo/registry/src/index.crates.io-1949cf8c6b5b557f/tracing-subscriber-0.3.19/CHANGELOG.md,/data/data/com.termux/files/home/pixelation/docs/markdown_archive/CHANGELOG_v54.md,77d8a489fb9095d8a725f43ba4d14949b5eadb63ecca0ae0049063ad0d01f0e3
/data/data/com.termux/files/home/.cargo/registry/src/index.crates.io-1949cf8c6b5b557f/tracing-subscriber-0.3.19/README.md,/data/data/com.termux/files/home/pixelation/docs/markdown_archive/README_v214.md,fa353483e37d811dc3ac87a3b14e099d7302d02cc68210e1d051900741780cb2
/data/data/com.termux/files/home/.cargo/registry/src/index.crates.io-1949cf8c6b5b557f/protobuf-3.7.2/README.md,/data/data/com.termux/files/home/pixelation/docs/markdown_archive/README_v215.md,14dbb3068c031afbd44010a4ff0c8146aa7e02f6051579177767f218fff9cd38
/data/data/com.termux/files/home/.cargo/registry/src/index.crates.io-1949cf8c6b5b557f/syn-1.0.109/README.md,/data/data/com.termux/files/home/pixelation/docs/markdown_archive/README_v216.md,ea9f2b6340b302b5608d2bedcda7e2d707f3eaebf4cc983c02d55071ead7096f
/data/data/com.termux/files/home/.cargo/registry/src/index.crates.io-1949cf8c6b5b557f/rstest-0.22.0/README.md,/data/data/com.termux/files/home/pixelation/docs/markdown_archive/README_v217.md,1c2c904debdc112527a633e25ec558121e53b4a5763b061115ce2eb2280841ed
/data/data/com.termux/files/home/.cargo/registry/src/index.crates.io-1949cf8c6b5b557f/zerocopy-0.8.25/CHANGELOG.md,/data/data/com.termux/files/home/pixelation/docs/markdown_archive/CHANGELOG_v55.md,876e5a74db78bdc53677ec4d489ce7b2fc87840f2dc094423cef406138082708
/data/data/com.termux/files/home/.cargo/registry/src/index.crates.io-1949cf8c6b5b557f/zerocopy-0.8.25/CONTRIBUTING.md,/data/data/com.termux/files/home/pixelation/docs/markdown_archive/CONTRIBUTING_v13.md,a0980739c88a1b5fe71e487ec49ead40a33e96042d4cb2310240ac1a635c97d3
/data/data/com.termux/files/home/.cargo/registry/src/index.crates.io-1949cf8c6b5b557f/zerocopy-0.8.25/POLICIES.md,/data/data/com.termux/files/home/pixelation/docs/markdown_archive/POLICIES.md,43dbf7f7b6e003fe080099e51ea2b70b5d99fa2185ee54717a914202a42e1a82
/data/data/com.termux/files/home/.cargo/registry/src/index.crates.io-1949cf8c6b5b557f/zerocopy-0.8.25/README.md,/data/data/com.termux/files/home/pixelation/docs/markdown_archive/README_v218.md,6281a2485e2bd10f4e7853004e6b3b616a2b9b5e07a58d4839d17eb104de65f5
/data/data/com.termux/files/home/.cargo/registry/src/index.crates.io-1949cf8c6b5b557f/regex-1.11.1/CHANGELOG.md,/data/data/com.termux/files/home/pixelation/docs/markdown_archive/CHANGELOG_v56.md,c9d6a3cf81f36809326f2ab4ce79d39c0137ad16e08139477f5d671b8a0fe308
/data/data/com.termux/files/home/.cargo/registry/src/index.crates.io-1949cf8c6b5b557f/regex-1.11.1/README.md,/data/data/com.termux/files/home/pixelation/docs/markdown_archive/README_v219.md,984b116bf94decdcb0fcdeb14641b332c9fe40da63e5a256dd39eb91a2e13387
/data/data/com.termux/files/home/.cargo/registry/src/index.crates.io-1949cf8c6b5b557f/regex-1.11.1/UNICODE.md,/data/data/com.termux/files/home/pixelation/docs/markdown_archive/UNICODE.md,845fca1982e82e190109a784952579fce54faea120b702b7efd61164a12f601f
/data/data/com.termux/files/home/.cargo/registry/src/index.crates.io-1949cf8c6b5b557f/regex-1.11.1/bench/README.md,/data/data/com.termux/files/home/pixelation/docs/markdown_archive/README_v220.md,0aee42206b0e5edcb400a11faa2c536f512bcc6086e5ffdda001b9bfe4d19808
/data/data/com.termux/files/home/.cargo/registry/src/index.crates.io-1949cf8c6b5b557f/regex-1.11.1/record/README.md,/data/data/com.termux/files/home/pixelation/docs/markdown_archive/README_v221.md,02e6f85f8a43f18540e4a52a75d1001494df7aceac3873e9a13e3ceba190206d
/data/data/com.termux/files/home/.cargo/registry/src/index.crates.io-1949cf8c6b5b557f/regex-1.11.1/record/compile-test/README.md,/data/data/com.termux/files/home/pixelation/docs/markdown_archive/README_v222.md,ba2b606993edd8d705ad1677ec954862614e52b028407e1908bb5dfb07767f2d
/data/data/com.termux/files/home/.cargo/registry/src/index.crates.io-1949cf8c6b5b557f/regex-1.11.1/record/old-bench-log/README.md,/data/data/com.termux/files/home/pixelation/docs/markdown_archive/README_v223.md,d359f536fb4b8c1af9af3465a027c3522f62c3871aad44645a955b650d7deec0
/data/data/com.termux/files/home/.cargo/registry/src/index.crates.io-1949cf8c6b5b557f/regex-1.11.1/testdata/README.md,/data/data/com.termux/files/home/pixelation/docs/markdown_archive/README_v224.md,c0514501526560d7f6171eb6d982ad61b4527760cb38a4bfbe8e28036ff37b95
/data/data/com.termux/files/home/.cargo/registry/src/index.crates.io-1949cf8c6b5b557f/rustls-0.23.27/README.md,/data/data/com.termux/files/home/pixelation/docs/markdown_archive/README_v225.md,e839ba0e6f7f0d21440441dc8715fbcdb5699c91e9da9e6d6d08e6a4766fd1cb
/data/data/com.termux/files/home/.cargo/registry/src/index.crates.io-1949cf8c6b5b557f/tokio-1.47.1/CHANGELOG.md,/data/data/com.termux/files/home/pixelation/docs/markdown_archive/CHANGELOG_v57.md,a0e4a58b58da9b20eeb023015cc14b7123573fde6a0370d96942615f2568f909
/data/data/com.termux/files/home/.cargo/registry/src/index.crates.io-1949cf8c6b5b557f/tokio-1.47.1/README.md,/data/data/com.termux/files/home/pixelation/docs/markdown_archive/README_v226.md,e2cc344504ad879e1a6098e621a126504b6deca5db15601404e31185a472916a
/data/data/com.termux/files/home/.cargo/registry/src/index.crates.io-1949cf8c6b5b557f/tokio-1.47.1/docs/reactor-refactor.md,/data/data/com.termux/files/home/pixelation/docs/markdown_archive/reactor-refactor.md,24d4f3ec6d8828bb96afe0084df9e7739bbdf1995283dbd2cd76740311485b75
/data/data/com.termux/files/home/.cargo/registry/src/index.crates.io-1949cf8c6b5b557f/pyo3-0.23.5/.towncrier.template.md,/data/data/com.termux/files/home/pixelation/docs/markdown_archive/.towncrier.template.md,1ecda4cea38054f243aaf1a1021a4d83f3d45399e6b69330c38cad1616230515
/data/data/com.termux/files/home/.cargo/registry/src/index.crates.io-1949cf8c6b5b557f/pyo3-0.23.5/Architecture.md,/data/data/com.termux/files/home/pixelation/docs/markdown_archive/Architecture.md,5f867dc70fd1ef1d0511e04ab7034d6ffe0036c90c04001a7012391e71f2354d
/data/data/com.termux/files/home/.cargo/registry/src/index.crates.io-1949cf8c6b5b557f/pyo3-0.23.5/CHANGELOG.md,/data/data/com.termux/files/home/pixelation/docs/markdown_archive/CHANGELOG_v58.md,8d6a533ffa51c6297d00b1911aa442ab03f191a2b243bfbc9ce20a71412ba8fe
/data/data/com.termux/files/home/.cargo/registry/src/index.crates.io-1949cf8c6b5b557f/pyo3-0.23.5/Code-of-Conduct.md,/data/data/com.termux/files/home/pixelation/docs/markdown_archive/Code-of-Conduct.md,92d4a344e60e7310c654de92a26d84c99dafbfd4fab149a85d4e22f38232bafb
/data/data/com.termux/files/home/.cargo/registry/src/index.crates.io-1949cf8c6b5b557f/pyo3-0.23.5/Contributing.md,/data/data/com.termux/files/home/pixelation/docs/markdown_archive/Contributing.md,930d98f71e271f3a56373e79b1222c0414cb652c645de1b10a6dab132b01946c
/data/data/com.termux/files/home/.cargo/registry/src/index.crates.io-1949cf8c6b5b557f/pyo3-0.23.5/README.md,/data/data/com.termux/files/home/pixelation/docs/markdown_archive/README_v227.md,cac257751b555d475adde69defcb9a60927fbd91183581a349100c41cb5386fd
/data/data/com.termux/files/home/.cargo/registry/src/index.crates.io-1949cf8c6b5b557f/pyo3-0.23.5/Releasing.md,/data/data/com.termux/files/home/pixelation/docs/markdown_archive/Releasing.md,3e2cf797f83cf58d2244b84788f182c5a9e31ca88e981a7ecb87671c2f32d944
/data/data/com.termux/files/home/.cargo/registry/src/index.crates.io-1949cf8c6b5b557f/pyo3-0.23.5/guide/pyclass-parameters.md,/data/data/com.termux/files/home/pixelation/docs/markdown_archive/pyclass-parameters.md,658ee111c28eb59e571d05692a3e7440ad350a8f89883b88524d702c0913dd62
/data/data/com.termux/files/home/.cargo/registry/src/index.crates.io-1949cf8c6b5b557f/pyo3-0.23.5/guide/src/SUMMARY.md,/data/data/com.termux/files/home/pixelation/docs/markdown_archive/SUMMARY.md,055d22e0716b9f51a5b30d353816a334be5838dbf465c514339d028e8d66d3a1
/data/data/com.termux/files/home/.cargo/registry/src/index.crates.io-1949cf8c6b5b557f/pyo3-0.23.5/guide/src/advanced.md,/data/data/com.termux/files/home/pixelation/docs/markdown_archive/advanced.md,df2f8bb4eec77b8950f3f1b9dd558807629c34f4a3c561a6d5c702073237bd72
/data/data/com.termux/files/home/.cargo/registry/src/index.crates.io-1949cf8c6b5b557f/pyo3-0.23.5/guide/src/async-await.md,/data/data/com.termux/files/home/pixelation/docs/markdown_archive/async-await.md,d2eb746b3f19f736186659e58231a970b9de76941909b8ccecf377e5ae57a9db
/data/data/com.termux/files/home/.cargo/registry/src/index.crates.io-1949cf8c6b5b557f/pyo3-0.23.5/guide/src/building-and-distribution/multiple-python-versions.md,/data/data/com.termux/files/home/pixelation/docs/markdown_archive/multiple-python-versions.md,8083a24f35f73dee594774bc3c46b8423c3864e33868cb0a57643f63734d219a
/data/data/com.termux/files/home/.cargo/registry/src/index.crates.io-1949cf8c6b5b557f/pyo3-0.23.5/guide/src/building-and-distribution.md,/data/data/com.termux/files/home/pixelation/docs/markdown_archive/building-and-distribution.md,ebca6cc597c34bd4b8c712164047b2ba9110cf1499b2f8c24489874db06317aa
/data/data/com.termux/files/home/.cargo/registry/src/index.crates.io-1949cf8c6b5b557f/pyo3-0.23.5/guide/src/changelog.md,/data/data/com.termux/files/home/pixelation/docs/markdown_archive/changelog_v2.md,439803753b2afb2157fbcb7384c4465684736c0a42d63ef8f4a5bd8356dbfa69
/data/data/com.termux/files/home/.cargo/registry/src/index.crates.io-1949cf8c6b5b557f/pyo3-0.23.5/guide/src/class/call.md,/data/data/com.termux/files/home/pixelation/docs/markdown_archive/call.md,6c8d305b299725e670d0d75cf94036d612bc97af00c3f0ff9698d29149a11150
/data/data/com.termux/files/home/.cargo/registry/src/index.crates.io-1949cf8c6b5b557f/pyo3-0.23.5/guide/src/class/numeric.md,/data/data/com.termux/files/home/pixelation/docs/markdown_archive/numeric.md,6bf2a003f0639088099142e05db973a54d6f8e089bc2f609f63f0565ce998369
/data/data/com.termux/files/home/.cargo/registry/src/index.crates.io-1949cf8c6b5b557f/pyo3-0.23.5/guide/src/class/object.md,/data/data/com.termux/files/home/pixelation/docs/markdown_archive/object.md,9243e71a6df56e68190155e9f1d3bafde79fb16fd6fdc7f98e6caa326e84492d
/data/data/com.termux/files/home/.cargo/registry/src/index.crates.io-1949cf8c6b5b557f/pyo3-0.23.5/guide/src/class/protocols.md,/data/data/com.termux/files/home/pixelation/docs/markdown_archive/protocols.md,9f4e0082b34cbe0b5447c25f0bfaa55091202f5ec6eff255b688f263e626505b
/data/data/com.termux/files/home/.cargo/registry/src/index.crates.io-1949cf8c6b5b557f/pyo3-0.23.5/guide/src/class/thread-safety.md,/data/data/com.termux/files/home/pixelation/docs/markdown_archive/thread-safety.md,f0c026e5a6e95b02f13bfe81e59ee2487e4a954f3bc59f190fc0d10259e1a689
/data/data/com.termux/files/home/.cargo/registry/src/index.crates.io-1949cf8c6b5b557f/pyo3-0.23.5/guide/src/class.md,/data/data/com.termux/files/home/pixelation/docs/markdown_archive/class.md,8ab5ccdea2237c2e6e2e94d031e546aa5229458a8c5df1377e8e8352baf210d4
/data/data/com.termux/files/home/.cargo/registry/src/index.crates.io-1949cf8c6b5b557f/pyo3-0.23.5/guide/src/contributing.md,/data/data/com.termux/files/home/pixelation/docs/markdown_archive/contributing_v2.md,655723bc7de5aa185b05be39400e87000595bcf268dd3066f7fc091be0a1aac0
/data/data/com.termux/files/home/.cargo/registry/src/index.crates.io-1949cf8c6b5b557f/pyo3-0.23.5/guide/src/conversions/tables.md,/data/data/com.termux/files/home/pixelation/docs/markdown_archive/tables.md,678356e239411b5d7234fc2a002cb64416b6274efc406c94652a818469c25b86
/data/data/com.termux/files/home/.cargo/registry/src/index.crates.io-1949cf8c6b5b557f/pyo3-0.23.5/guide/src/conversions/traits.md,/data/data/com.termux/files/home/pixelation/docs/markdown_archive/traits.md,a8b4d448e13dd01b29f0f95956f4fcb5f034464f804631118fde9b3ff63ed5e3
/data/data/com.termux/files/home/.cargo/registry/src/index.crates.io-1949cf8c6b5b557f/pyo3-0.23.5/guide/src/conversions.md,/data/data/com.termux/files/home/pixelation/docs/markdown_archive/conversions.md,50b4d3bf31d73542c837de8138007d5ac9198ae75ac9b8691270a3827906ba51
/data/data/com.termux/files/home/.cargo/registry/src/index.crates.io-1949cf8c6b5b557f/pyo3-0.23.5/guide/src/debugging.md,/data/data/com.termux/files/home/pixelation/docs/markdown_archive/debugging.md,d8aa76f919b1db028691f80c0d4d35535456bad3507205434363039d07fe12f9
/data/data/com.termux/files/home/.cargo/registry/src/index.crates.io-1949cf8c6b5b557f/pyo3-0.23.5/guide/src/ecosystem/async-await.md,/data/data/com.termux/files/home/pixelation/docs/markdown_archive/async-await_v2.md,02a6e41537118857132adc46d6dd8edc5a8b3e79b3cb058d19b16616786686a5
/data/data/com.termux/files/home/.cargo/registry/src/index.crates.io-1949cf8c6b5b557f/pyo3-0.23.5/guide/src/ecosystem/logging.md,/data/data/com.termux/files/home/pixelation/docs/markdown_archive/logging.md,214b58b37a44b232204f3f1c114afb81e1e792521c15d8788f121e35409e879d
/data/data/com.termux/files/home/.cargo/registry/src/index.crates.io-1949cf8c6b5b557f/pyo3-0.23.5/guide/src/ecosystem.md,/data/data/com.termux/files/home/pixelation/docs/markdown_archive/ecosystem.md,d2a663465d9842f91bee793899dd5dd51e5431b5ced03d8bbb205c0eeaf5cc1c
/data/data/com.termux/files/home/.cargo/registry/src/index.crates.io-1949cf8c6b5b557f/pyo3-0.23.5/guide/src/exception.md,/data/data/com.termux/files/home/pixelation/docs/markdown_archive/exception.md,03e3ca6fbf46a01155eb112a8c7b64b04b6515457547193e703b861f3f3f01ee
/data/data/com.termux/files/home/.cargo/registry/src/index.crates.io-1949cf8c6b5b557f/pyo3-0.23.5/guide/src/faq.md,/data/data/com.termux/files/home/pixelation/docs/markdown_archive/faq.md,5e7b39c9515817f37a86037184c275695191996dac3a3aff2f0716c2bdaacb85
/data/data/com.termux/files/home/.cargo/registry/src/index.crates.io-1949cf8c6b5b557f/pyo3-0.23.5/guide/src/features.md,/data/data/com.termux/files/home/pixelation/docs/markdown_archive/features.md,4b44436bff0b8fa9c6e6a49ad65603c30f71d50ed10113411d77f7fcd3914b1e
/data/data/com.termux/files/home/.cargo/registry/src/index.crates.io-1949cf8c6b5b557f/pyo3-0.23.5/guide/src/free-threading.md,/data/data/com.termux/files/home/pixelation/docs/markdown_archive/free-threading.md,815269e6ef72183e18ac3c7a5f55d5b95cc03062c8a77057a504434b32d0969b
/data/data/com.termux/files/home/.cargo/registry/src/index.crates.io-1949cf8c6b5b557f/pyo3-0.23.5/guide/src/function/error-handling.md,/data/data/com.termux/files/home/pixelation/docs/markdown_archive/error-handling.md,af64df5020ea77f2bb5d1cff33ee88f9cebce651552a86af2c5a73e429265d8e
/data/data/com.termux/files/home/.cargo/registry/src/index.crates.io-1949cf8c6b5b557f/pyo3-0.23.5/guide/src/function/signature.md,/data/data/com.termux/files/home/pixelation/docs/markdown_archive/signature.md,8392a99d042b9d9d025135b53ac1e861e0349fd4f199583203490b043cf2797b
/data/data/com.termux/files/home/.cargo/registry/src/index.crates.io-1949cf8c6b5b557f/pyo3-0.23.5/guide/src/function-calls.md,/data/data/com.termux/files/home/pixelation/docs/markdown_archive/function-calls.md,7a7f84b340f532210f5293656682a5c8087542e50774ab07e1096b2d350a4484
/data/data/com.termux/files/home/.cargo/registry/src/index.crates.io-1949cf8c6b5b557f/pyo3-0.23.5/guide/src/function.md,/data/data/com.termux/files/home/pixelation/docs/markdown_archive/function.md,303f086d6fc0f9fcc18b58a5eaecad48eda1f5e0a8600dcba5c4a7028ce94603
/data/data/com.termux/files/home/.cargo/registry/src/index.crates.io-1949cf8c6b5b557f/pyo3-0.23.5/guide/src/getting-started.md,/data/data/com.termux/files/home/pixelation/docs/markdown_archive/getting-started.md,8cf4647ab2754994d0dca502e0221a4f9378f5844267dda606c5e97f095e0083
/data/data/com.termux/files/home/.cargo/registry/src/index.crates.io-1949cf8c6b5b557f/pyo3-0.23.5/guide/src/index.md,/data/data/com.termux/files/home/pixelation/docs/markdown_archive/index.md,5dc6feb93c4495c42bf6423eb46eebc73c9f22cb24fda206fb126d5411ff65a5
/data/data/com.termux/files/home/.cargo/registry/src/index.crates.io-1949cf8c6b5b557f/pyo3-0.23.5/guide/src/migration.md,/data/data/com.termux/files/home/pixelation/docs/markdown_archive/migration.md,e0338c4f8d7a22669f9238bb917e45d132186f219c4335025b55a69deff0c54f
/data/data/com.termux/files/home/.cargo/registry/src/index.crates.io-1949cf8c6b5b557f/pyo3-0.23.5/guide/src/module.md,/data/data/com.termux/files/home/pixelation/docs/markdown_archive/module.md,a1cc9bdb9eef48cccf9a83719cb9cac9acb604802f42122cce1b828ade025da0
/data/data/com.termux/files/home/.cargo/registry/src/index.crates.io-1949cf8c6b5b557f/pyo3-0.23.5/guide/src/parallelism.md,/data/data/com.termux/files/home/pixelation/docs/markdown_archive/parallelism.md,f0faa9e3b32461a3e6f094a5853017884b100596d2f34abd63f5235902138788
/data/data/com.termux/files/home/.cargo/registry/src/index.crates.io-1949cf8c6b5b557f/pyo3-0.23.5/guide/src/performance.md,/data/data/com.termux/files/home/pixelation/docs/markdown_archive/performance.md,0ae703a8eb3e3013ea8dddedb3a84665591832f578eaad94323b91a82e1d6b0f
/data/data/com.termux/files/home/.cargo/registry/src/index.crates.io-1949cf8c6b5b557f/pyo3-0.23.5/guide/src/python-from-rust/calling-existing-code.md,/data/data/com.termux/files/home/pixelation/docs/markdown_archive/calling-existing-code.md,0092df48629bb8e4d7bf8dbab725fe1070035f3ed4ac98a10bbd9aa13ba0c862
/data/data/com.termux/files/home/.cargo/registry/src/index.crates.io-1949cf8c6b5b557f/pyo3-0.23.5/guide/src/python-from-rust/function-calls.md,/data/data/com.termux/files/home/pixelation/docs/markdown_archive/function-calls_v2.md,585a8a95ee3e219278ec340714fb853632437008950f9d450d2115a479936afd
/data/data/com.termux/files/home/.cargo/registry/src/index.crates.io-1949cf8c6b5b557f/pyo3-0.23.5/guide/src/python-from-rust.md,/data/data/com.termux/files/home/pixelation/docs/markdown_archive/python-from-rust.md,c20a90e8c52b0d7fb8a9389ff6aadcf4e6162cd92352d79496df4af9ee0a69f4
/data/data/com.termux/files/home/.cargo/registry/src/index.crates.io-1949cf8c6b5b557f/pyo3-0.23.5/guide/src/python-typing-hints.md,/data/data/com.termux/files/home/pixelation/docs/markdown_archive/python-typing-hints.md,a95b12016cea6d10359c7459a6e11abd756c91e27e03a7f9c2a22e9d5716e7e0
/data/data/com.termux/files/home/.cargo/registry/src/index.crates.io-1949cf8c6b5b557f/pyo3-0.23.5/guide/src/rust-from-python.md,/data/data/com.termux/files/home/pixelation/docs/markdown_archive/rust-from-python.md,7e1da8b958da7b428f76302cb91e159ec36973dc8368cf6033c3e3512a3e496a
/data/data/com.termux/files/home/.cargo/registry/src/index.crates.io-1949cf8c6b5b557f/pyo3-0.23.5/guide/src/trait-bounds.md,/data/data/com.termux/files/home/pixelation/docs/markdown_archive/trait-bounds.md,b7a8af6a71c83368bab5f352f04b8f7f1f10b0791f3cf66f37db838abdc10f5c
/data/data/com.termux/files/home/.cargo/registry/src/index.crates.io-1949cf8c6b5b557f/pyo3-0.23.5/guide/src/types.md,/data/data/com.termux/files/home/pixelation/docs/markdown_archive/types.md,0e2a149fb238b55a9b27cfa791fb4144a4939fdb5b6dddaffa451657b8ce2cea
/data/data/com.termux/files/home/.cargo/registry/src/index.crates.io-1949cf8c6b5b557f/pyo3-0.23.5/pyo3-runtime/README.md,/data/data/com.termux/files/home/pixelation/docs/markdown_archive/README_v228.md,022371b6e623237264fb9654101bc33288f8842b5dfb9b4f5dca7215125268ba
/data/data/com.termux/files/home/.cargo/registry/src/index.crates.io-1949cf8c6b5b557f/cfg-if-1.0.0/README.md,/data/data/com.termux/files/home/pixelation/docs/markdown_archive/README_v35.md,2406e83ee174e30aa67f8ab266836fa78545012b196395aff37c152321e2c713
/data/data/com.termux/files/home/.cargo/registry/src/index.crates.io-1949cf8c6b5b557f/tap-1.0.1/README.md,/data/data/com.termux/files/home/pixelation/docs/markdown_archive/README_v229.md,3a5f65cba4a285afee207a17ef158bd1348345e990ce02b14973774f5119c66f
/data/data/com.termux/files/home/.cargo/registry/src/index.crates.io-1949cf8c6b5b557f/codspeed-2.10.1/README.md,/data/data/com.termux/files/home/pixelation/docs/markdown_archive/README_v230.md,104b769ddcb358ea6ab9371b34ea2e77f19e9081cf33d33bfbab5ce6ed94c8a0
/data/data/com.termux/files/home/.cargo/registry/src/index.crates.io-1949cf8c6b5b557f/wyz-0.5.1/README.md,/data/data/com.termux/files/home/pixelation/docs/markdown_archive/README_v231.md,d81c5d35f31d81f9ba87092ac7c470e736730a3fb81230bcce70667c8661e9cf
/data/data/com.termux/files/home/.cargo/registry/src/index.crates.io-1949cf8c6b5b557f/smallvec-1.15.0/README.md,/data/data/com.termux/files/home/pixelation/docs/markdown_archive/README_v232.md,a01127c37308457e8d396b176fb790846be0978c173be3f13260b62efcef011b
/data/data/com.termux/files/home/.cargo/registry/src/index.crates.io-1949cf8c6b5b557f/smallvec-1.15.0/debug_metadata/README.md,/data/data/com.termux/files/home/pixelation/docs/markdown_archive/README_v233.md,4d7f1c1b2c25ce2231ef71864d06e54323867459035b53bc9e00f66a0a44f82e
/data/data/com.termux/files/home/.cargo/registry/src/index.crates.io-1949cf8c6b5b557f/pyo3-ffi-0.25.0/README.md,/data/data/com.termux/files/home/pixelation/docs/markdown_archive/README_v234.md,d2c6c1ad03c4b0e2922572ea742f5372a4905f337da974b22df74df1c8bfab10
/data/data/com.termux/files/home/.cargo/registry/src/index.crates.io-1949cf8c6b5b557f/pyo3-ffi-0.25.0/examples/README.md,/data/data/com.termux/files/home/pixelation/docs/markdown_archive/README_v204.md,598f11a10ce25ac2bd5cfa6311d53ea0595e8a7ee63cedbf94c92b8398e945ef
/data/data/com.termux/files/home/.cargo/registry/src/index.crates.io-1949cf8c6b5b557f/cc-1.2.23/CHANGELOG.md,/data/data/com.termux/files/home/pixelation/docs/markdown_archive/CHANGELOG_v59.md,e4ef612aeb31626e9d792100d391d7d5744718e6617cdc6bef9ce3979b3c4c91
/data/data/com.termux/files/home/.cargo/registry/src/index.crates.io-1949cf8c6b5b557f/cc-1.2.23/README.md,/data/data/com.termux/files/home/pixelation/docs/markdown_archive/README_v235.md,f1ddbede208a5b78333a25dac0a7598e678e9b601a7d99a791069bddaf180dfe
/data/data/com.termux/files/home/.cargo/registry/src/index.crates.io-1949cf8c6b5b557f/winapi-0.3.9/README.md,/data/data/com.termux/files/home/pixelation/docs/markdown_archive/README_v236.md,00b1b016c128806ebf40e8648cbbf984baffc2eb90160fa47293fb4d4835c3f0
/data/data/com.termux/files/home/.cargo/registry/src/index.crates.io-1949cf8c6b5b557f/lexical-util-1.0.6/CODE_OF_CONDUCT.md,/data/data/com.termux/files/home/pixelation/docs/markdown_archive/CODE_OF_CONDUCT_v9.md,6760f79fd0016b6c25204964c62c8a659b0c6768cfe6a4115d9cd53530632cd6
/data/data/com.termux/files/home/.cargo/registry/src/index.crates.io-1949cf8c6b5b557f/lexical-util-1.0.6/README.md,/data/data/com.termux/files/home/pixelation/docs/markdown_archive/README_v237.md,6baf9a7d6f66f63a11a91bfe315c70408a23d155284683180e5b4425954f2b30
/data/data/com.termux/files/home/.cargo/registry/src/index.crates.io-1949cf8c6b5b557f/hashbrown-0.15.3/CHANGELOG.md,/data/data/com.termux/files/home/pixelation/docs/markdown_archive/CHANGELOG_v60.md,e8318b6f8b70e2fca2476c537771dd3757519e63e46c32310fd15b039672c420
/data/data/com.termux/files/home/.cargo/registry/src/index.crates.io-1949cf8c6b5b557f/hashbrown-0.15.3/README.md,/data/data/com.termux/files/home/pixelation/docs/markdown_archive/README_v238.md,34a16e7bc599e9d4ec600b477176a4a1328e6fb1f3f8d1525fb54f398553daef
/data/data/com.termux/files/home/.cargo/registry/src/index.crates.io-1949cf8c6b5b557f/portable-atomic-1.11.0/CHANGELOG.md,/data/data/com.termux/files/home/pixelation/docs/markdown_archive/CHANGELOG_v61.md,f5773bdd2bfb79face4be3de8437b02b589bc36906be439975ffb71c08ce21ef
/data/data/com.termux/files/home/.cargo/registry/src/index.crates.io-1949cf8c6b5b557f/portable-atomic-1.11.0/README.md,/data/data/com.termux/files/home/pixelation/docs/markdown_archive/README_v239.md,641379194496c43d85240132160f335487602257918945515602489052c107e4
/data/data/com.termux/files/home/.cargo/registry/src/index.crates.io-1949cf8c6b5b557f/portable-atomic-1.11.0/src/imp/atomic128/README.md,/data/data/com.termux/files/home/pixelation/docs/markdown_archive/README_v240.md,f9f6a2d11af9e45ba03102f386ca10624f3495942c0c5f9552c7b7f0f3d6dee2
/data/data/com.termux/files/home/.cargo/registry/src/index.crates.io-1949cf8c6b5b557f/portable-atomic-1.11.0/src/imp/atomic64/README.md,/data/data/com.termux/files/home/pixelation/docs/markdown_archive/README_v241.md,bf6705e765bd66ac699b94398f22b9671dac8e7ab3d4de1bca2e14e472ba8ddd
/data/data/com.termux/files/home/.cargo/registry/src/index.crates.io-1949cf8c6b5b557f/portable-atomic-1.11.0/src/imp/detect/README.md,/data/data/com.termux/files/home/pixelation/docs/markdown_archive/README_v242.md,710780929302b9c96c83fe1fe6800812372adfdfe52c3c24c72b71c9d01e0767
/data/data/com.termux/files/home/.cargo/registry/src/index.crates.io-1949cf8c6b5b557f/portable-atomic-1.11.0/src/imp/interrupt/README.md,/data/data/com.termux/files/home/pixelation/docs/markdown_archive/README_v243.md,14f2c84eea49ab7c0022b200750844851a116ac193dd8b9839971a89d94b2199
/data/data/com.termux/files/home/.cargo/registry/src/index.crates.io-1949cf8c6b5b557f/lexical-parse-float-1.0.5/CODE_OF_CONDUCT.md,/data/data/com.termux/files/home/pixelation/docs/markdown_archive/CODE_OF_CONDUCT_v9.md,6760f79fd0016b6c25204964c62c8a659b0c6768cfe6a4115d9cd53530632cd6
/data/data/com.termux/files/home/.cargo/registry/src/index.crates.io-1949cf8c6b5b557f/lexical-parse-float-1.0.5/LICENSE.md,/data/data/com.termux/files/home/pixelation/docs/markdown_archive/LICENSE_v4.md,99aab70a96f3ecab683d8a319d9070af2213ae4c1601fb053fbe85e1361e32fe
/data/data/com.termux/files/home/.cargo/registry/src/index.crates.io-1949cf8c6b5b557f/lexical-parse-float-1.0.5/README.md,/data/data/com.termux/files/home/pixelation/docs/markdown_archive/README_v237.md,6baf9a7d6f66f63a11a91bfe315c70408a23d155284683180e5b4425954f2b30
/data/data/com.termux/files/home/.cargo/registry/src/index.crates.io-1949cf8c6b5b557f/windows-targets-0.52.6/readme.md,/data/data/com.termux/files/home/pixelation/docs/markdown_archive/readme_v7.md,3805aa45992af730c0a8c72de717f505c316fb3cf491c9e928c70e7d17845103
/data/data/com.termux/files/home/.cargo/registry/src/index.crates.io-1949cf8c6b5b557f/bitvec-1.0.1/README.md,/data/data/com.termux/files/home/pixelation/docs/markdown_archive/README_v244.md,77ee1fad7157ed6ba8532397076ecdaccea72186271b380bcbf788eb982fc05b
/data/data/com.termux/files/home/.cargo/registry/src/index.crates.io-1949cf8c6b5b557f/bitvec-1.0.1/doc/README.md,/data/data/com.termux/files/home/pixelation/docs/markdown_archive/README_v245.md,453b67df7e5aa74fa65bc76861debb379b3a4b4c128c562e72504eeba7e8f605
/data/data/com.termux/files/home/.cargo/registry/src/index.crates.io-1949cf8c6b5b557f/bitvec-1.0.1/doc/access/BitAccess.md,/data/data/com.termux/files/home/pixelation/docs/markdown_archive/BitAccess.md,bf951757e72571ff8525b04c349de128f1e4e72d97719fe3a4446736a3abce04
/data/data/com.termux/files/home/.cargo/registry/src/index.crates.io-1949cf8c6b5b557f/bitvec-1.0.1/doc/access/BitSafe.md,/data/data/com.termux/files/home/pixelation/docs/markdown_archive/BitSafe.md,067c047a84447033bd55289e0c345d827b48f2056f333f1c23d37ade7f6277a8
/data/data/com.termux/files/home/.cargo/registry/src/index.crates.io-1949cf8c6b5b557f/bitvec-1.0.1/doc/access/impl_BitSafe.md,/data/data/com.termux/files/home/pixelation/docs/markdown_archive/impl_BitSafe.md,e7787dd0123b1ed71239829dbf5240f9a580feeedc38a797daf4048b744658d1
/data/data/com.termux/files/home/.cargo/registry/src/index.crates.io-1949cf8c6b5b557f/bitvec-1.0.1/doc/access.md,/data/data/com.termux/files/home/pixelation/docs/markdown_archive/access.md,1cc39133160cdaeb4e30d2d7fe6d0c19e3c2fcbf5d09da59f4638e54e18b7ac2
/data/data/com.termux/files/home/.cargo/registry/src/index.crates.io-1949cf8c6b5b557f/bitvec-1.0.1/doc/array/BitArray.md,/data/data/com.termux/files/home/pixelation/docs/markdown_archive/BitArray.md,e648c6d7dd55ff886d69c6b4606fc72ad78778ade16c2ad2c131f5414671ab14
/data/data/com.termux/files/home/.cargo/registry/src/index.crates.io-1949cf8c6b5b557f/bitvec-1.0.1/doc/array/IntoIter.md,/data/data/com.termux/files/home/pixelation/docs/markdown_archive/IntoIter.md,695d35635e10b74ee9400c715ad9a6c5ce69cef75cd6efdfa9cd909a7c3099ce
/data/data/com.termux/files/home/.cargo/registry/src/index.crates.io-1949cf8c6b5b557f/bitvec-1.0.1/doc/array/TryFromBitSliceError.md,/data/data/com.termux/files/home/pixelation/docs/markdown_archive/TryFromBitSliceError.md,b1d3edfc9763c35cefcac3feb35158ef084f85492ead33d3b7876d19bfdc64a8
/data/data/com.termux/files/home/.cargo/registry/src/index.crates.io-1949cf8c6b5b557f/bitvec-1.0.1/doc/array/api.md,/data/data/com.termux/files/home/pixelation/docs/markdown_archive/api.md,769f2f2dda2385f434e68369b41684fa44a583cc44ab02614c32c5cb3c9523df
/data/data/com.termux/files/home/.cargo/registry/src/index.crates.io-1949cf8c6b5b557f/bitvec-1.0.1/doc/array/iter.md,/data/data/com.termux/files/home/pixelation/docs/markdown_archive/iter.md,c9d5172b9193fb4341d139e0ecc7afccf060586eac67ca6ddb904d2fd530a08d
/data/data/com.termux/files/home/.cargo/registry/src/index.crates.io-1949cf8c6b5b557f/bitvec-1.0.1/doc/array.md,/data/data/com.termux/files/home/pixelation/docs/markdown_archive/array.md,b158a18537321cddbd00a29955b47d49ea0c053a226d3842a224b26cb8ea581f
/data/data/com.termux/files/home/.cargo/registry/src/index.crates.io-1949cf8c6b5b557f/bitvec-1.0.1/doc/boxed/BitBox.md,/data/data/com.termux/files/home/pixelation/docs/markdown_archive/BitBox.md,49e8e125f95964307846c317492cfa6015566a478e743d5a151c95bb2bd76419
/data/data/com.termux/files/home/.cargo/registry/src/index.crates.io-1949cf8c6b5b557f/bitvec-1.0.1/doc/boxed/iter.md,/data/data/com.termux/files/home/pixelation/docs/markdown_archive/iter_v2.md,cec5f21fadd8792425eb5576241f1d35cda11587f90b6e8eb9d039acbd0ec19c
/data/data/com.termux/files/home/.cargo/registry/src/index.crates.io-1949cf8c6b5b557f/bitvec-1.0.1/doc/boxed.md,/data/data/com.termux/files/home/pixelation/docs/markdown_archive/boxed.md,9c9da8c223ec5436a42fb50bbec6052414f9226f6df397d583c8ba74a4ca4190
/data/data/com.termux/files/home/.cargo/registry/src/index.crates.io-1949cf8c6b5b557f/bitvec-1.0.1/doc/domain/BitDomain.md,/data/data/com.termux/files/home/pixelation/docs/markdown_archive/BitDomain.md,375dd8f1984dae020897a5309729d8b0c652e41af7bb140b19dca37f86ed5d83
/data/data/com.termux/files/home/.cargo/registry/src/index.crates.io-1949cf8c6b5b557f/bitvec-1.0.1/doc/domain/Domain.md,/data/data/com.termux/files/home/pixelation/docs/markdown_archive/Domain.md,3bd75bba92018ff7c4338898236d7e655a1d05d63b76c2809b7f0937a6e7677e
/data/data/com.termux/files/home/.cargo/registry/src/index.crates.io-1949cf8c6b5b557f/bitvec-1.0.1/doc/domain/PartialElement.md,/data/data/com.termux/files/home/pixelation/docs/markdown_archive/PartialElement.md,cf108589ae1beca59be37980ce310ab016ddbfa6d1f14ef76b5acbabecb56b8d
/data/data/com.termux/files/home/.cargo/registry/src/index.crates.io-1949cf8c6b5b557f/bitvec-1.0.1/doc/domain.md,/data/data/com.termux/files/home/pixelation/docs/markdown_archive/domain.md,770e1ee58f80077b04f32aa18f86fff1952833dca1567d38eecf2830bc68012a
/data/data/com.termux/files/home/.cargo/registry/src/index.crates.io-1949cf8c6b5b557f/bitvec-1.0.1/doc/field/BitField.md,/data/data/com.termux/files/home/pixelation/docs/markdown_archive/BitField.md,325963b2ea2c306acf1de1016d05389a2d4db626c370746e4b45d9306e19a865
/data/data/com.termux/files/home/.cargo/registry/src/index.crates.io-1949cf8c6b5b557f/bitvec-1.0.1/doc/field/BitField_Lsb0.md,/data/data/com.termux/files/home/pixelation/docs/markdown_archive/BitField_Lsb0.md,80bd09430f46eeecc555c36799ec0031dafdf662c638e8180480f76b1133ade4
/data/data/com.termux/files/home/.cargo/registry/src/index.crates.io-1949cf8c6b5b557f/bitvec-1.0.1/doc/field/BitField_Lsb0_load_be.md,/data/data/com.termux/files/home/pixelation/docs/markdown_archive/BitField_Lsb0_load_be.md,a03e53b95516356eae1f5523a7440488535393663d7f722694bb761ab4fe04c2
/data/data/com.termux/files/home/.cargo/registry/src/index.crates.io-1949cf8c6b5b557f/bitvec-1.0.1/doc/field/BitField_Lsb0_load_le.md,/data/data/com.termux/files/home/pixelation/docs/markdown_archive/BitField_Lsb0_load_le.md,e2fc66a13254daeeba862f95b48c7d3b586724b612cff53ec54190459ffe4a46
/data/data/com.termux/files/home/.cargo/registry/src/index.crates.io-1949cf8c6b5b557f/bitvec-1.0.1/doc/field/BitField_Lsb0_store_be.md,/data/data/com.termux/files/home/pixelation/docs/markdown_archive/BitField_Lsb0_store_be.md,e62ea604ca4f029f12bc1dc9f8d938e5f39081fb311dc96e3fb4b4a7c9479081
/data/data/com.termux/files/home/.cargo/registry/src/index.crates.io-1949cf8c6b5b557f/bitvec-1.0.1/doc/field/BitField_Lsb0_store_le.md,/data/data/com.termux/files/home/pixelation/docs/markdown_archive/BitField_Lsb0_store_le.md,a9945fab56e4b41a2a5b4a4472fc19fd9418bdea4325e1fc60d8692e17816237
/data/data/com.termux/files/home/.cargo/registry/src/index.crates.io-1949cf8c6b5b557f/bitvec-1.0.1/doc/field/BitField_Msb0.md,/data/data/com.termux/files/home/pixelation/docs/markdown_archive/BitField_Msb0.md,e9bad71206eae965247aad2ac272f4d171d31b2648a4ebe0663ac2cf22efc486
/data/data/com.termux/files/home/.cargo/registry/src/index.crates.io-1949cf8c6b5b557f/bitvec-1.0.1/doc/field/BitField_Msb0_load_be.md,/data/data/com.termux/files/home/pixelation/docs/markdown_archive/BitField_Msb0_load_be.md,478e64bb815f0daee476d9e1a52a9146aab3b02299ab5864ca6b0c4250a4b9d5
/data/data/com.termux/files/home/.cargo/registry/src/index.crates.io-1949cf8c6b5b557f/bitvec-1.0.1/doc/field/BitField_Msb0_load_le.md,/data/data/com.termux/files/home/pixelation/docs/markdown_archive/BitField_Msb0_load_le.md,053e298b7cae260710705325a9ac4386b6150679a168ed9c7a23f10a7ce49a3c
/data/data/com.termux/files/home/.cargo/registry/src/index.crates.io-1949cf8c6b5b557f/bitvec-1.0.1/doc/field/BitField_Msb0_store_be.md,/data/data/com.termux/files/home/pixelation/docs/markdown_archive/BitField_Msb0_store_be.md,0a2b839de23d0ef19f29c695857b15555ea7926d0a8df8043b8501d66ae0d45a
/data/data/com.termux/files/home/.cargo/registry/src/index.crates.io-1949cf8c6b5b557f/bitvec-1.0.1/doc/field/BitField_Msb0_store_le.md,/data/data/com.termux/files/home/pixelation/docs/markdown_archive/BitField_Msb0_store_le.md,3da0b39f396b2ce4ca5dc8a66d334d9f2cda427b5ef3da879ac84eb92c1d99a4
/data/data/com.termux/files/home/.cargo/registry/src/index.crates.io-1949cf8c6b5b557f/bitvec-1.0.1/doc/field/BitField_load.md,/data/data/com.termux/files/home/pixelation/docs/markdown_archive/BitField_load.md,6ba254df8c9f99eeaff52f73c1895cc549b7cd49f02d7d17284cb4f181f5566f
/data/data/com.termux/files/home/.cargo/registry/src/index.crates.io-1949cf8c6b5b557f/bitvec-1.0.1/doc/field/BitField_load_be.md,/data/data/com.termux/files/home/pixelation/docs/markdown_archive/BitField_load_be.md,57331ea0aaa375e542bca59f0b12c802a344967fe8a4225714e43a09c2efde68
/data/data/com.termux/files/home/.cargo/registry/src/index.crates.io-1949cf8c6b5b557f/bitvec-1.0.1/doc/field/BitField_load_le.md,/data/data/com.termux/files/home/pixelation/docs/markdown_archive/BitField_load_le.md,00d493fd4c756b34f8d4166053224c65ff2115eb0699160aac29aa18dfc122ea
/data/data/com.termux/files/home/.cargo/registry/src/index.crates.io-1949cf8c6b5b557f/bitvec-1.0.1/doc/field/BitField_store.md,/data/data/com.termux/files/home/pixelation/docs/markdown_archive/BitField_store.md,ecf31924c1eaf45e4a46efcecd1ade2872a4365ed5754314ef65efc4fbe5608b
/data/data/com.termux/files/home/.cargo/registry/src/index.crates.io-1949cf8c6b5b557f/bitvec-1.0.1/doc/field/BitField_store_be.md,/data/data/com.termux/files/home/pixelation/docs/markdown_archive/BitField_store_be.md,88fb0f56ce418bde6d5855e4b8a2c4386fdebfae8711922e64f29b1deb157923
/data/data/com.termux/files/home/.cargo/registry/src/index.crates.io-1949cf8c6b5b557f/bitvec-1.0.1/doc/field/BitField_store_le.md,/data/data/com.termux/files/home/pixelation/docs/markdown_archive/BitField_store_le.md,d98dd373041fe005eda895b2a0d0c609e231ccdac32a0b4fc0ff7fe5567ce9a1
/data/data/com.termux/files/home/.cargo/registry/src/index.crates.io-1949cf8c6b5b557f/bitvec-1.0.1/doc/field/get.md,/data/data/com.termux/files/home/pixelation/docs/markdown_archive/get.md,24ba8b2732e4e1c00020d2e8451457476f1935cecc4093f542bedc132e0b0806
/data/data/com.termux/files/home/.cargo/registry/src/index.crates.io-1949cf8c6b5b557f/bitvec-1.0.1/doc/field/impl_BitArray.md,/data/data/com.termux/files/home/pixelation/docs/markdown_archive/impl_BitArray.md,8c5fdb819d16264964d335e39cc1b616cece2a987835e3f3e11ac86de94f04c9
/data/data/com.termux/files/home/.cargo/registry/src/index.crates.io-1949cf8c6b5b557f/bitvec-1.0.1/doc/field/io/Read_BitSlice.md,/data/data/com.termux/files/home/pixelation/docs/markdown_archive/Read_BitSlice.md,a2365fb96a297606adc2105c1631649434290e70179a75326fd2595b06081eba
/data/data/com.termux/files/home/.cargo/registry/src/index.crates.io-1949cf8c6b5b557f/bitvec-1.0.1/doc/field/io/Read_BitVec.md,/data/data/com.termux/files/home/pixelation/docs/markdown_archive/Read_BitVec.md,e7070644a8e8f523ded5a4e69ed7d5bfa6429066d2bea9521f561fc93f963713
/data/data/com.termux/files/home/.cargo/registry/src/index.crates.io-1949cf8c6b5b557f/bitvec-1.0.1/doc/field/io/Write_BitSlice.md,/data/data/com.termux/files/home/pixelation/docs/markdown_archive/Write_BitSlice.md,b6c94ebe5c21823dddb218030c208feb06ecd0d8f2e377452b66d9e08ae30b63
/data/data/com.termux/files/home/.cargo/registry/src/index.crates.io-1949cf8c6b5b557f/bitvec-1.0.1/doc/field/io/Write_BitVec.md,/data/data/com.termux/files/home/pixelation/docs/markdown_archive/Write_BitVec.md,d16f03ebdc5b56fb345ecaa01fde21a03ec67eb4bff464909785a15d533515dc
/data/data/com.termux/files/home/.cargo/registry/src/index.crates.io-1949cf8c6b5b557f/bitvec-1.0.1/doc/field/io.md,/data/data/com.termux/files/home/pixelation/docs/markdown_archive/io.md,84451d786014a4c24949fadfabaaf9b8dbc09095d654558bcee70ddec4313e02
/data/data/com.termux/files/home/.cargo/registry/src/index.crates.io-1949cf8c6b5b557f/bitvec-1.0.1/doc/field/resize.md,/data/data/com.termux/files/home/pixelation/docs/markdown_archive/resize.md,79894772b7721651f29e295a180f110a57cb50cf627b4055c26443c4a23c0792
/data/data/com.termux/files/home/.cargo/registry/src/index.crates.io-1949cf8c6b5b557f/bitvec-1.0.1/doc/field/set.md,/data/data/com.termux/files/home/pixelation/docs/markdown_archive/set.md,c4a77a86a928d439add4469eb1b448daaa19c8493500e3ed60d6b5828bcbd31b
/data/data/com.termux/files/home/.cargo/registry/src/index.crates.io-1949cf8c6b5b557f/bitvec-1.0.1/doc/field/sign.md,/data/data/com.termux/files/home/pixelation/docs/markdown_archive/sign.md,f07da1ea94476d3d823f4e3a62fbb27c77e6fe9e9988ffce7e59c4865a12c565
/data/data/com.termux/files/home/.cargo/registry/src/index.crates.io-1949cf8c6b5b557f/bitvec-1.0.1/doc/field.md,/data/data/com.termux/files/home/pixelation/docs/markdown_archive/field.md,dadeef63686a8a2ae956d841eadcae6d0e3f840eec848873fd79c6565659c78d
/data/data/com.termux/files/home/.cargo/registry/src/index.crates.io-1949cf8c6b5b557f/bitvec-1.0.1/doc/index/BitEnd.md,/data/data/com.termux/files/home/pixelation/docs/markdown_archive/BitEnd.md,e021cc53fa819dce32449717be4277e384250292574e8cd3b1e71526cf9ed948
/data/data/com.termux/files/home/.cargo/registry/src/index.crates.io-1949cf8c6b5b557f/bitvec-1.0.1/doc/index/BitIdx.md,/data/data/com.termux/files/home/pixelation/docs/markdown_archive/BitIdx.md,dfcc69a0cdfe81c252ea39a2535d0a8693310aadae3803a74ae77fcf41e92f91
/data/data/com.termux/files/home/.cargo/registry/src/index.crates.io-1949cf8c6b5b557f/bitvec-1.0.1/doc/index/BitIdxError.md,/data/data/com.termux/files/home/pixelation/docs/markdown_archive/BitIdxError.md,3b6c5b44206d510d0c5f2cf663ab3ac31f11ac071bd0976cde99adf463ce3381
/data/data/com.termux/files/home/.cargo/registry/src/index.crates.io-1949cf8c6b5b557f/bitvec-1.0.1/doc/index/BitMask.md,/data/data/com.termux/files/home/pixelation/docs/markdown_archive/BitMask.md,c8440bd766a621efa6c231818003b590e06d03cb8a557bdfaa4db7ff75846742
/data/data/com.termux/files/home/.cargo/registry/src/index.crates.io-1949cf8c6b5b557f/bitvec-1.0.1/doc/index/BitPos.md,/data/data/com.termux/files/home/pixelation/docs/markdown_archive/BitPos.md,f686f68b6ab4d52eba8cc095a72f2b8f8ccedf2210c6bd18df33396d6f5a31b2
/data/data/com.termux/files/home/.cargo/registry/src/index.crates.io-1949cf8c6b5b557f/bitvec-1.0.1/doc/index/BitSel.md,/data/data/com.termux/files/home/pixelation/docs/markdown_archive/BitSel.md,247c8ebbaa7943fa14bb755d8aa2c0b446269517661939b0ced9622c7acfa16a
/data/data/com.termux/files/home/.cargo/registry/src/index.crates.io-1949cf8c6b5b557f/bitvec-1.0.1/doc/index.md,/data/data/com.termux/files/home/pixelation/docs/markdown_archive/index_v2.md,95a7885429def446bb39fb1683691b2231f215db4e1d6838840dbc16a50f4980
/data/data/com.termux/files/home/.cargo/registry/src/index.crates.io-1949cf8c6b5b557f/bitvec-1.0.1/doc/macros/BitArr_type.md,/data/data/com.termux/files/home/pixelation/docs/markdown_archive/BitArr_type.md,26e90c4cebceeb04d6bbc6af134c6befbf60000d5160ab83ec0c2ddcd7dbb346
/data/data/com.termux/files/home/.cargo/registry/src/index.crates.io-1949cf8c6b5b557f/bitvec-1.0.1/doc/macros/bitarr_value.md,/data/data/com.termux/files/home/pixelation/docs/markdown_archive/bitarr_value.md,6a8bac5f0431b2c1af4fefe3a5dd21b4ba52989c4ca8a1631e8ff0db86a5ac7c
/data/data/com.termux/files/home/.cargo/registry/src/index.crates.io-1949cf8c6b5b557f/bitvec-1.0.1/doc/macros/bitbox.md,/data/data/com.termux/files/home/pixelation/docs/markdown_archive/bitbox.md,e9afdadf12870cc46a37bbb6779fe60895d16888f30f4034395ddfe4e0d0d2d6
/data/data/com.termux/files/home/.cargo/registry/src/index.crates.io-1949cf8c6b5b557f/bitvec-1.0.1/doc/macros/bits.md,/data/data/com.termux/files/home/pixelation/docs/markdown_archive/bits.md,2c66c2d0eae48412670a9f69213854b28879df8831a06dd16b6986d4213aca77
/data/data/com.termux/files/home/.cargo/registry/src/index.crates.io-1949cf8c6b5b557f/bitvec-1.0.1/doc/macros/bitvec.md,/data/data/com.termux/files/home/pixelation/docs/markdown_archive/bitvec.md,522a3989ddb92b9d6e878aab09a1e059fdcfa4d196ffbde863ed463344b17b98
/data/data/com.termux/files/home/.cargo/registry/src/index.crates.io-1949cf8c6b5b557f/bitvec-1.0.1/doc/macros/encode_bits.md,/data/data/com.termux/files/home/pixelation/docs/markdown_archive/encode_bits.md,468079833abb39b9a415290c7cf1a404538271b1f8f027ed850cffa65603da5f
/data/data/com.termux/files/home/.cargo/registry/src/index.crates.io-1949cf8c6b5b557f/bitvec-1.0.1/doc/macros/internal.md,/data/data/com.termux/files/home/pixelation/docs/markdown_archive/internal.md,44f50bb0e34a13299b4c081b9819b0dd26066be2c26de60b61031ed4c92364b0
/data/data/com.termux/files/home/.cargo/registry/src/index.crates.io-1949cf8c6b5b557f/bitvec-1.0.1/doc/macros/make_elem.md,/data/data/com.termux/files/home/pixelation/docs/markdown_archive/make_elem.md,e4bf8cd3ef33aae9d679657cb55c60dfa72d955409adf5780ebca37b90db0b47
/data/data/com.termux/files/home/.cargo/registry/src/index.crates.io-1949cf8c6b5b557f/bitvec-1.0.1/doc/macros.md,/data/data/com.termux/files/home/pixelation/docs/markdown_archive/macros.md,b6e8176886bc226bf19a21819719610b99c27d07414045ee253bada9f87a227f
/data/data/com.termux/files/home/.cargo/registry/src/index.crates.io-1949cf8c6b5b557f/bitvec-1.0.1/doc/mem/BitElement.md,/data/data/com.termux/files/home/pixelation/docs/markdown_archive/BitElement.md,fb5ecb5e1dd6d2b1685d793b56613745a79e4085ca21e6eefe7d76154b0ac3b4
/data/data/com.termux/files/home/.cargo/registry/src/index.crates.io-1949cf8c6b5b557f/bitvec-1.0.1/doc/mem/BitRegister.md,/data/data/com.termux/files/home/pixelation/docs/markdown_archive/BitRegister.md,df1e831523b80d155e372d5024dcedd84011bb583cc0f3dee3fe9a5d8b310987
/data/data/com.termux/files/home/.cargo/registry/src/index.crates.io-1949cf8c6b5b557f/bitvec-1.0.1/doc/mem/elts.md,/data/data/com.termux/files/home/pixelation/docs/markdown_archive/elts.md,88ac70c47f84cc4e7c78cbb29efd00b9df86d8821de7fb08977ec1bbc6c2d149
/data/data/com.termux/files/home/.cargo/registry/src/index.crates.io-1949cf8c6b5b557f/bitvec-1.0.1/doc/mem.md,/data/data/com.termux/files/home/pixelation/docs/markdown_archive/mem.md,99c34698d9200ec411e065f512aad52e32dff2ae28983e82f80acc8d34e64725
/data/data/com.termux/files/home/.cargo/registry/src/index.crates.io-1949cf8c6b5b557f/bitvec-1.0.1/doc/order/BitOrder.md,/data/data/com.termux/files/home/pixelation/docs/markdown_archive/BitOrder.md,568f58b5486c4433147347ccf20574b86064d8ff170c8ee815156060357b08d5
/data/data/com.termux/files/home/.cargo/registry/src/index.crates.io-1949cf8c6b5b557f/bitvec-1.0.1/doc/order/LocalBits.md,/data/data/com.termux/files/home/pixelation/docs/markdown_archive/LocalBits.md,e0e93faf852122675024843c4c8b45ddcb319a69405ed563232ab965bf59dc7d
/data/data/com.termux/files/home/.cargo/registry/src/index.crates.io-1949cf8c6b5b557f/bitvec-1.0.1/doc/order/Lsb0.md,/data/data/com.termux/files/home/pixelation/docs/markdown_archive/Lsb0.md,e3ec71a57e2099f4d48266d32c259151660544a7b98a560774ff7e45da74d940
/data/data/com.termux/files/home/.cargo/registry/src/index.crates.io-1949cf8c6b5b557f/bitvec-1.0.1/doc/order/Msb0.md,/data/data/com.termux/files/home/pixelation/docs/markdown_archive/Msb0.md,0fbef8dbaebbbbdf29a1cd6152f94945ff10ce4da4f1380b7b615c7606da59a5
/data/data/com.termux/files/home/.cargo/registry/src/index.crates.io-1949cf8c6b5b557f/bitvec-1.0.1/doc/order/verify.md,/data/data/com.termux/files/home/pixelation/docs/markdown_archive/verify.md,bc713b528d1c73a50ffe2784bdcea9000882c1d2c4665e659ef4eaebed219cc9
/data/data/com.termux/files/home/.cargo/registry/src/index.crates.io-1949cf8c6b5b557f/bitvec-1.0.1/doc/order/verify_for_type.md,/data/data/com.termux/files/home/pixelation/docs/markdown_archive/verify_for_type.md,b52f159ea16bbfdc02e5d3bc10ac5480bed7250ff35a25b4dce8e29ec0d5f75b
/data/data/com.termux/files/home/.cargo/registry/src/index.crates.io-1949cf8c6b5b557f/bitvec-1.0.1/doc/order.md,/data/data/com.termux/files/home/pixelation/docs/markdown_archive/order.md,41185dd6e7dc3586ba186a88d94e6d1ab377b7dcd98c0c442da8fa43e274ce44
/data/data/com.termux/files/home/.cargo/registry/src/index.crates.io-1949cf8c6b5b557f/bitvec-1.0.1/doc/prelude.md,/data/data/com.termux/files/home/pixelation/docs/markdown_archive/prelude.md,12f8b13517f6199310d68f7828c02466e4574673d1d41d645768ce0055d09a6a
/data/data/com.termux/files/home/.cargo/registry/src/index.crates.io-1949cf8c6b5b557f/bitvec-1.0.1/doc/ptr/BitPtr.md,/data/data/com.termux/files/home/pixelation/docs/markdown_archive/BitPtr.md,fdcfb902239443b610c8d131f33df7ddd76830526079911907283f0816972256
/data/data/com.termux/files/home/.cargo/registry/src/index.crates.io-1949cf8c6b5b557f/bitvec-1.0.1/doc/ptr/BitPtrRange.md,/data/data/com.termux/files/home/pixelation/docs/markdown_archive/BitPtrRange.md,0d57b0893d7094fa30001aa004b28550d1c992dd56faddc54424a0f44278899e
/data/data/com.termux/files/home/.cargo/registry/src/index.crates.io-1949cf8c6b5b557f/bitvec-1.0.1/doc/ptr/BitRef.md,/data/data/com.termux/files/home/pixelation/docs/markdown_archive/BitRef.md,029fc53143799d16222af163dc36a41966983b5a1a24cbb07c09343aeba6b785
/data/data/com.termux/files/home/.cargo/registry/src/index.crates.io-1949cf8c6b5b557f/bitvec-1.0.1/doc/ptr/BitSpan.md,/data/data/com.termux/files/home/pixelation/docs/markdown_archive/BitSpan.md,251e92df37cbde11dfd9f3c8d677db09234d88035f7cdcb399a74749c0d9da2f
/data/data/com.termux/files/home/.cargo/registry/src/index.crates.io-1949cf8c6b5b557f/bitvec-1.0.1/doc/ptr/addr.md,/data/data/com.termux/files/home/pixelation/docs/markdown_archive/addr.md,ab21b19663e153d02d644538a6dda9689c1d5534c71eafa76c08e0db67c357ec
/data/data/com.termux/files/home/.cargo/registry/src/index.crates.io-1949cf8c6b5b557f/bitvec-1.0.1/doc/ptr/bitslice_from_raw_parts.md,/data/data/com.termux/files/home/pixelation/docs/markdown_archive/bitslice_from_raw_parts.md,f0d7733eb862adc69917821c4c6124de0624b3e1053105e6643e1a06f3ce2803
/data/data/com.termux/files/home/.cargo/registry/src/index.crates.io-1949cf8c6b5b557f/bitvec-1.0.1/doc/ptr/bitslice_from_raw_parts_mut.md,/data/data/com.termux/files/home/pixelation/docs/markdown_archive/bitslice_from_raw_parts_mut.md,11d0bb039da60553587a30b90891253f0dae9066275605ff7c8656b93dfd37af
/data/data/com.termux/files/home/.cargo/registry/src/index.crates.io-1949cf8c6b5b557f/bitvec-1.0.1/doc/ptr/copy.md,/data/data/com.termux/files/home/pixelation/docs/markdown_archive/copy.md,9098657daa292398309b41cd38aeec0b1fe842ab9af8b7be3898ce72e82695ce
/data/data/com.termux/files/home/.cargo/registry/src/index.crates.io-1949cf8c6b5b557f/bitvec-1.0.1/doc/ptr/copy_nonoverlapping.md,/data/data/com.termux/files/home/pixelation/docs/markdown_archive/copy_nonoverlapping.md,b26613307e3c9042cc3f08b4b479acc3c1fbac627fc7f8be5f3439acc42a1620
/data/data/com.termux/files/home/.cargo/registry/src/index.crates.io-1949cf8c6b5b557f/bitvec-1.0.1/doc/ptr/drop_in_place.md,/data/data/com.termux/files/home/pixelation/docs/markdown_archive/drop_in_place.md,e57af79b3dabbf557a653d61a4f1700f44bfbba19c91dc81944e3432f333294d
/data/data/com.termux/files/home/.cargo/registry/src/index.crates.io-1949cf8c6b5b557f/bitvec-1.0.1/doc/ptr/eq.md,/data/data/com.termux/files/home/pixelation/docs/markdown_archive/eq.md,6a525ca8e18a543fab69b1b5c233d69e0e6bd1ab149895c9c250f87705daacfb
/data/data/com.termux/files/home/.cargo/registry/src/index.crates.io-1949cf8c6b5b557f/bitvec-1.0.1/doc/ptr/hash.md,/data/data/com.termux/files/home/pixelation/docs/markdown_archive/hash.md,1e06d98d0c7e3729b6a3def518209d6f9184f96fac5508b754507adad3a689b0
/data/data/com.termux/files/home/.cargo/registry/src/index.crates.io-1949cf8c6b5b557f/bitvec-1.0.1/doc/ptr/null.md,/data/data/com.termux/files/home/pixelation/docs/markdown_archive/null.md,51d59653df80a89b6f94fc5bf75869fe53ea90135ad91df9b676dca85a389109
/data/data/com.termux/files/home/.cargo/registry/src/index.crates.io-1949cf8c6b5b557f/bitvec-1.0.1/doc/ptr/null_mut.md,/data/data/com.termux/files/home/pixelation/docs/markdown_archive/null_mut.md,16b930275d895b1dd0d25746553e6ad341c8f69fc47f98a744aa45b7c19d36ad
/data/data/com.termux/files/home/.cargo/registry/src/index.crates.io-1949cf8c6b5b557f/bitvec-1.0.1/doc/ptr/proxy.md,/data/data/com.termux/files/home/pixelation/docs/markdown_archive/proxy.md,af11c67d22c22b45926211c619f3775322e6f28d88add63b65b9d2bb21c1a942
/data/data/com.termux/files/home/.cargo/registry/src/index.crates.io-1949cf8c6b5b557f/bitvec-1.0.1/doc/ptr/range.md,/data/data/com.termux/files/home/pixelation/docs/markdown_archive/range.md,b154f54652e8f4d242bcc115cd6f827d05b8bc1ad8426fbe68a14558bab84dc1
/data/data/com.termux/files/home/.cargo/registry/src/index.crates.io-1949cf8c6b5b557f/bitvec-1.0.1/doc/ptr/read.md,/data/data/com.termux/files/home/pixelation/docs/markdown_archive/read.md,df440b35c7b4e5e610182a5e292277bef910136337fe95154456448a550f418d
/data/data/com.termux/files/home/.cargo/registry/src/index.crates.io-1949cf8c6b5b557f/bitvec-1.0.1/doc/ptr/read_unaligned.md,/data/data/com.termux/files/home/pixelation/docs/markdown_archive/read_unaligned.md,df4e7986723562ef854bad6836f894ef7717fb74bf1303a028794aa2363feb9c
/data/data/com.termux/files/home/.cargo/registry/src/index.crates.io-1949cf8c6b5b557f/bitvec-1.0.1/doc/ptr/read_volatile.md,/data/data/com.termux/files/home/pixelation/docs/markdown_archive/read_volatile.md,a4d3ddbf45db820827fecb2c5cd1728519d80827a2d0779d16ad1d38a5e9dafb
/data/data/com.termux/files/home/.cargo/registry/src/index.crates.io-1949cf8c6b5b557f/bitvec-1.0.1/doc/ptr/replace.md,/data/data/com.termux/files/home/pixelation/docs/markdown_archive/replace.md,7072db42a0b343942e6a3c25401ec2e8d718fbe3fed2ac6c317b3c6450312187
/data/data/com.termux/files/home/.cargo/registry/src/index.crates.io-1949cf8c6b5b557f/bitvec-1.0.1/doc/ptr/single.md,/data/data/com.termux/files/home/pixelation/docs/markdown_archive/single.md,fe62f53d88331457f4b1a7419bc6a2a36bd6a21e306888eab6508a2514ffad78
/data/data/com.termux/files/home/.cargo/registry/src/index.crates.io-1949cf8c6b5b557f/bitvec-1.0.1/doc/ptr/slice_from_raw_parts.md,/data/data/com.termux/files/home/pixelation/docs/markdown_archive/slice_from_raw_parts.md,9bc6fdb692f8dde9c6ac12ee08647c440f6cb1c0abc1c0c21c5568ddc7a00dfe
/data/data/com.termux/files/home/.cargo/registry/src/index.crates.io-1949cf8c6b5b557f/bitvec-1.0.1/doc/ptr/slice_from_raw_parts_mut.md,/data/data/com.termux/files/home/pixelation/docs/markdown_archive/slice_from_raw_parts_mut.md,7ba945affd77695f8d3af8962cb9bab978889daa35cef31b6e5cad73b13b2058
/data/data/com.termux/files/home/.cargo/registry/src/index.crates.io-1949cf8c6b5b557f/bitvec-1.0.1/doc/ptr/span.md,/data/data/com.termux/files/home/pixelation/docs/markdown_archive/span.md,5f9da0d1d8a97603cadefc3d2e5586f0918942886651fbc884f8b5e74be20678
/data/data/com.termux/files/home/.cargo/registry/src/index.crates.io-1949cf8c6b5b557f/bitvec-1.0.1/doc/ptr/swap.md,/data/data/com.termux/files/home/pixelation/docs/markdown_archive/swap.md,d29cbf3956edea6e77f5cba4f20f610c1cda2ff42f4e0892c85acf5bff381ded
/data/data/com.termux/files/home/.cargo/registry/src/index.crates.io-1949cf8c6b5b557f/bitvec-1.0.1/doc/ptr/swap_nonoverlapping.md,/data/data/com.termux/files/home/pixelation/docs/markdown_archive/swap_nonoverlapping.md,5db5c6f04b173e1fe63441683a5b96444b4d52c81158f23e904c223f806c4cd6
/data/data/com.termux/files/home/.cargo/registry/src/index.crates.io-1949cf8c6b5b557f/bitvec-1.0.1/doc/ptr/write.md,/data/data/com.termux/files/home/pixelation/docs/markdown_archive/write.md,0b0948f89f744ba12e1ccefc281d2743c0a6c59e900c689a7122650741ae1796
/data/data/com.termux/files/home/.cargo/registry/src/index.crates.io-1949cf8c6b5b557f/bitvec-1.0.1/doc/ptr/write_bits.md,/data/data/com.termux/files/home/pixelation/docs/markdown_archive/write_bits.md,51ac6af0e6a011aad9c801100f895af7ac0b0d030c4a26cac7fabc2caa2de967
/data/data/com.termux/files/home/.cargo/registry/src/index.crates.io-1949cf8c6b5b557f/bitvec-1.0.1/doc/ptr/write_bytes.md,/data/data/com.termux/files/home/pixelation/docs/markdown_archive/write_bytes.md,23961e423d36c0b8c0a11126d84eb233e45f8f91b5eeea7c2c2be7305607f28b
/data/data/com.termux/files/home/.cargo/registry/src/index.crates.io-1949cf8c6b5b557f/bitvec-1.0.1/doc/ptr/write_unaligned.md,/data/data/com.termux/files/home/pixelation/docs/markdown_archive/write_unaligned.md,b1f5d026432024e7ec37c3a73481bd2ad59b892581a0bcc5fd7a624f4da489d9
/data/data/com.termux/files/home/.cargo/registry/src/index.crates.io-1949cf8c6b5b557f/bitvec-1.0.1/doc/ptr/write_volatile.md,/data/data/com.termux/files/home/pixelation/docs/markdown_archive/write_volatile.md,381507d8867bb68187d994703042da1608c93912c69f0a3af1e4be41571818c2
/data/data/com.termux/files/home/.cargo/registry/src/index.crates.io-1949cf8c6b5b557f/bitvec-1.0.1/doc/ptr.md,/data/data/com.termux/files/home/pixelation/docs/markdown_archive/ptr.md,d99d1a67bcafa11bf8bf1d711dc909bfa939ec291c4efb16a25a3a98b1d655ab
/data/data/com.termux/files/home/.cargo/registry/src/index.crates.io-1949cf8c6b5b557f/bitvec-1.0.1/doc/serdes/array.md,/data/data/com.termux/files/home/pixelation/docs/markdown_archive/array_v2.md,86233887caa4c12a9fac9e9d96fbca563d1c494c27bf215e7ee50bce92bd93ce
/data/data/com.termux/files/home/.cargo/registry/src/index.crates.io-1949cf8c6b5b557f/bitvec-1.0.1/doc/serdes/slice.md,/data/data/com.termux/files/home/pixelation/docs/markdown_archive/slice.md,ebda25eff00367d2395ba19988821af044585db4b7a4a47a24e9a9dc2ad49312
/data/data/com.termux/files/home/.cargo/registry/src/index.crates.io-1949cf8c6b5b557f/bitvec-1.0.1/doc/serdes/utils.md,/data/data/com.termux/files/home/pixelation/docs/markdown_archive/utils.md,2159cdda6726a9d822d0e193fafc8c698fa54af9641831f6a830a4e8ce9acfb7
/data/data/com.termux/files/home/.cargo/registry/src/index.crates.io-1949cf8c6b5b557f/bitvec-1.0.1/doc/serdes.md,/data/data/com.termux/files/home/pixelation/docs/markdown_archive/serdes.md,f38ebde6a05eac1710245756a03305fa222333ebeae2d9001dd1512fe321b3d8
/data/data/com.termux/files/home/.cargo/registry/src/index.crates.io-1949cf8c6b5b557f/bitvec-1.0.1/doc/slice/BitSlice.md,/data/data/com.termux/files/home/pixelation/docs/markdown_archive/BitSlice.md,407731803f22e2e0a5b9d253dce40abc25db417e763605214c1709baaa1af848
/data/data/com.termux/files/home/.cargo/registry/src/index.crates.io-1949cf8c6b5b557f/bitvec-1.0.1/doc/slice/BitSliceIndex.md,/data/data/com.termux/files/home/pixelation/docs/markdown_archive/BitSliceIndex.md,affbfaeda20d305e5fee76c56ba70fb167e3b766c41c8b6e15d1ae98fcb5d6b5
/data/data/com.termux/files/home/.cargo/registry/src/index.crates.io-1949cf8c6b5b557f/bitvec-1.0.1/doc/slice/api.md,/data/data/com.termux/files/home/pixelation/docs/markdown_archive/api_v2.md,e0403a10fe5395281e538616acfe364494cbb5580c94ace87b531f51ab9064d9
/data/data/com.termux/files/home/.cargo/registry/src/index.crates.io-1949cf8c6b5b557f/bitvec-1.0.1/doc/slice/bitop_assign.md,/data/data/com.termux/files/home/pixelation/docs/markdown_archive/bitop_assign.md,b8a9f4040fd3cbc195107d91ef3fee721560d9c8ed1b296f95b554f9476cdf1a
/data/data/com.termux/files/home/.cargo/registry/src/index.crates.io-1949cf8c6b5b557f/bitvec-1.0.1/doc/slice/format.md,/data/data/com.termux/files/home/pixelation/docs/markdown_archive/format.md,5037721ca032224e9ae60d2b9f50940af506f3a3706d9c4715a2ae2139edb58c
/data/data/com.termux/files/home/.cargo/registry/src/index.crates.io-1949cf8c6b5b557f/bitvec-1.0.1/doc/slice/from_raw_parts.md,/data/data/com.termux/files/home/pixelation/docs/markdown_archive/from_raw_parts.md,e02c8a35f6bb0d0b97f8908b327cec90806cba3f64fa2f74ef5b5aab10e63a3a
/data/data/com.termux/files/home/.cargo/registry/src/index.crates.io-1949cf8c6b5b557f/bitvec-1.0.1/doc/slice/from_raw_parts_mut.md,/data/data/com.termux/files/home/pixelation/docs/markdown_archive/from_raw_parts_mut.md,8a6a1c29b6c5c8f4ca54269d14003fc5a8136069cc642e09a73aa9a077fa89be
/data/data/com.termux/files/home/.cargo/registry/src/index.crates.io-1949cf8c6b5b557f/bitvec-1.0.1/doc/slice/from_raw_parts_unchecked.md,/data/data/com.termux/files/home/pixelation/docs/markdown_archive/from_raw_parts_unchecked.md,fd53edb72dbfa52b0f67558d0ee8c1635d05811475df7ebb67b3c744af9465bd
/data/data/com.termux/files/home/.cargo/registry/src/index.crates.io-1949cf8c6b5b557f/bitvec-1.0.1/doc/slice/from_raw_parts_unchecked_mut.md,/data/data/com.termux/files/home/pixelation/docs/markdown_archive/from_raw_parts_unchecked_mut.md,6a5b4818ada81cbea1293af9af7b4738eeca2d6216681bb23d00fc7f4504c41f
/data/data/com.termux/files/home/.cargo/registry/src/index.crates.io-1949cf8c6b5b557f/bitvec-1.0.1/doc/slice/iter/Chunks.md,/data/data/com.termux/files/home/pixelation/docs/markdown_archive/Chunks.md,c089e844078a985597f1173216e9b6b298f7cf64b17a07383eedf4a271ddf9cb
/data/data/com.termux/files/home/.cargo/registry/src/index.crates.io-1949cf8c6b5b557f/bitvec-1.0.1/doc/slice/iter/ChunksExact.md,/data/data/com.termux/files/home/pixelation/docs/markdown_archive/ChunksExact.md,f59b85aa99ddece7acc84dabe3ee504ae2601ce198376add51e23e4033663a5a
/data/data/com.termux/files/home/.cargo/registry/src/index.crates.io-1949cf8c6b5b557f/bitvec-1.0.1/doc/slice/iter/ChunksExactMut.md,/data/data/com.termux/files/home/pixelation/docs/markdown_archive/ChunksExactMut.md,f3d241c261bcf4f0161caf9e8eb34da61a01606427ca46fd929d98fba024a230
/data/data/com.termux/files/home/.cargo/registry/src/index.crates.io-1949cf8c6b5b557f/bitvec-1.0.1/doc/slice/iter/ChunksMut.md,/data/data/com.termux/files/home/pixelation/docs/markdown_archive/ChunksMut.md,51f0aecaf981480f76857bb0ee2fde74d22e765547a7f604101c134211fc78ad
/data/data/com.termux/files/home/.cargo/registry/src/index.crates.io-1949cf8c6b5b557f/bitvec-1.0.1/doc/slice/iter/Iter.md,/data/data/com.termux/files/home/pixelation/docs/markdown_archive/Iter.md,190414fc6201e6c0c39451c6a1adce167dbcb2c11b881bc13cdd5c6d72e8212b
/data/data/com.termux/files/home/.cargo/registry/src/index.crates.io-1949cf8c6b5b557f/bitvec-1.0.1/doc/slice/iter/IterMut.md,/data/data/com.termux/files/home/pixelation/docs/markdown_archive/IterMut.md,09ef97a237004f4773e6ead1e171044ac92c42bd577505ddce5fde9e31820da4
/data/data/com.termux/files/home/.cargo/registry/src/index.crates.io-1949cf8c6b5b557f/bitvec-1.0.1/doc/slice/iter/IterOnes.md,/data/data/com.termux/files/home/pixelation/docs/markdown_archive/IterOnes.md,72515c4ba05a7ab783b87218445f11cd191a079f18c30346babae11df81e6ad2
/data/data/com.termux/files/home/.cargo/registry/src/index.crates.io-1949cf8c6b5b557f/bitvec-1.0.1/doc/slice/iter/IterZeros.md,/data/data/com.termux/files/home/pixelation/docs/markdown_archive/IterZeros.md,7460e07c56a5992f53f1ff80d92ac94349e5512f1eafa53ba47b9eda23bd5b85
/data/data/com.termux/files/home/.cargo/registry/src/index.crates.io-1949cf8c6b5b557f/bitvec-1.0.1/doc/slice/iter/NoAlias.md,/data/data/com.termux/files/home/pixelation/docs/markdown_archive/NoAlias.md,87c1ccf26b6d50efca62e41773b064711bbf838c0bf6b3a5cc96feba5e8e4dae
/data/data/com.termux/files/home/.cargo/registry/src/index.crates.io-1949cf8c6b5b557f/bitvec-1.0.1/doc/slice/iter/RChunks.md,/data/data/com.termux/files/home/pixelation/docs/markdown_archive/RChunks.md,4d659dacc48eee152175d07d1e95e254381c7ac10fec89e31b1489d26c26bd72
/data/data/com.termux/files/home/.cargo/registry/src/index.crates.io-1949cf8c6b5b557f/bitvec-1.0.1/doc/slice/iter/RChunksExact.md,/data/data/com.termux/files/home/pixelation/docs/markdown_archive/RChunksExact.md,c124be9280828e9afabcc36e5d6689dad66e85e124a1125b079081ece43f8742
/data/data/com.termux/files/home/.cargo/registry/src/index.crates.io-1949cf8c6b5b557f/bitvec-1.0.1/doc/slice/iter/RChunksExactMut.md,/data/data/com.termux/files/home/pixelation/docs/markdown_archive/RChunksExactMut.md,24b7aefe09e4ea4b0601b273132d4a7fe41b3290ca060df66ccd92f03d1b920c
/data/data/com.termux/files/home/.cargo/registry/src/index.crates.io-1949cf8c6b5b557f/bitvec-1.0.1/doc/slice/iter/RChunksMut.md,/data/data/com.termux/files/home/pixelation/docs/markdown_archive/RChunksMut.md,8d4143f63da14c6c36188ba841d9a99c038525af74c9e25cca65552ec13c9f34
/data/data/com.termux/files/home/.cargo/registry/src/index.crates.io-1949cf8c6b5b557f/bitvec-1.0.1/doc/slice/iter/RSplit.md,/data/data/com.termux/files/home/pixelation/docs/markdown_archive/RSplit.md,ce9c6709249a7b03d2c88fc94c34b45dc1d1e3d4a201e457f8ca39a96d59654e
/data/data/com.termux/files/home/.cargo/registry/src/index.crates.io-1949cf8c6b5b557f/bitvec-1.0.1/doc/slice/iter/RSplitMut.md,/data/data/com.termux/files/home/pixelation/docs/markdown_archive/RSplitMut.md,b190ec7b6448f1309a0f817af9a819145f2349fb1fa40dac9a551bc787d73123
/data/data/com.termux/files/home/.cargo/registry/src/index.crates.io-1949cf8c6b5b557f/bitvec-1.0.1/doc/slice/iter/RSplitN.md,/data/data/com.termux/files/home/pixelation/docs/markdown_archive/RSplitN.md,319a15d5ec046ade316580dc88167f88abd89e64a10154616a41f48d5429807c
/data/data/com.termux/files/home/.cargo/registry/src/index.crates.io-1949cf8c6b5b557f/bitvec-1.0.1/doc/slice/iter/RSplitNMut.md,/data/data/com.termux/files/home/pixelation/docs/markdown_archive/RSplitNMut.md,e4f5ab93f072dcbdea7f9e178ed680c65a0b283150a6de870668abf850a993fb
/data/data/com.termux/files/home/.cargo/registry/src/index.crates.io-1949cf8c6b5b557f/bitvec-1.0.1/doc/slice/iter/Split.md,/data/data/com.termux/files/home/pixelation/docs/markdown_archive/Split.md,fe261a3ffd25b22141f92c5c5cfaa1a18bd57a64c173385179ceb7a1a7f58917
/data/data/com.termux/files/home/.cargo/registry/src/index.crates.io-1949cf8c6b5b557f/bitvec-1.0.1/doc/slice/iter/SplitInclusive.md,/data/data/com.termux/files/home/pixelation/docs/markdown_archive/SplitInclusive.md,775479c6846bca09386e0502c916aa524be109f73ddea88622e89cfc367c1965
/data/data/com.termux/files/home/.cargo/registry/src/index.crates.io-1949cf8c6b5b557f/bitvec-1.0.1/doc/slice/iter/SplitInclusiveMut.md,/data/data/com.termux/files/home/pixelation/docs/markdown_archive/SplitInclusiveMut.md,03b4d5afc31caef9d246318b980eea87838fa26c1f36e6e371520d8a466a61f5
/data/data/com.termux/files/home/.cargo/registry/src/index.crates.io-1949cf8c6b5b557f/bitvec-1.0.1/doc/slice/iter/SplitMut.md,/data/data/com.termux/files/home/pixelation/docs/markdown_archive/SplitMut.md,5e9e70a97c9f3ed0ccefd29687039113cfdc3f5943e9cf3dadd7d91d4b383727
/data/data/com.termux/files/home/.cargo/registry/src/index.crates.io-1949cf8c6b5b557f/bitvec-1.0.1/doc/slice/iter/SplitN.md,/data/data/com.termux/files/home/pixelation/docs/markdown_archive/SplitN.md,5206eaf9a671fd6630ac4ae70b8181723207fe4ea6eca5f7c83d1c9b4ac6b01e
/data/data/com.termux/files/home/.cargo/registry/src/index.crates.io-1949cf8c6b5b557f/bitvec-1.0.1/doc/slice/iter/SplitNMut.md,/data/data/com.termux/files/home/pixelation/docs/markdown_archive/SplitNMut.md,af26049cb923c7557125d5286553c1aa1bdf0d8d1a5e4b9265d16a82d113cb63
/data/data/com.termux/files/home/.cargo/registry/src/index.crates.io-1949cf8c6b5b557f/bitvec-1.0.1/doc/slice/iter/Windows.md,/data/data/com.termux/files/home/pixelation/docs/markdown_archive/Windows.md,ca912233191d5b191cbe79a93c5a2da00ac16ed6ce9f2c870bfb988551992173
/data/data/com.termux/files/home/.cargo/registry/src/index.crates.io-1949cf8c6b5b557f/bitvec-1.0.1/doc/slice/iter.md,/data/data/com.termux/files/home/pixelation/docs/markdown_archive/iter_v3.md,2d8afcf56224aad02366466fe950bc109a24b2116f5fd7fd1e3e78519d99bc33
/data/data/com.termux/files/home/.cargo/registry/src/index.crates.io-1949cf8c6b5b557f/bitvec-1.0.1/doc/slice/ops.md,/data/data/com.termux/files/home/pixelation/docs/markdown_archive/ops.md,ffadd243b64f2111e707d9f98fb72376199713562e91396f07ab68e3c146fe7a
/data/data/com.termux/files/home/.cargo/registry/src/index.crates.io-1949cf8c6b5b557f/bitvec-1.0.1/doc/slice/specialization.md,/data/data/com.termux/files/home/pixelation/docs/markdown_archive/specialization.md,05880ea1c325283ddff3dd9c48a144f9a3d4400d39f83085718d81bd84c2f24f
/data/data/com.termux/files/home/.cargo/registry/src/index.crates.io-1949cf8c6b5b557f/bitvec-1.0.1/doc/slice/threadsafe.md,/data/data/com.termux/files/home/pixelation/docs/markdown_archive/threadsafe.md,0ab4997db44d446dcdb5cd1e285d191510f9ef179079f948cb38388135875181
/data/data/com.termux/files/home/.cargo/registry/src/index.crates.io-1949cf8c6b5b557f/bitvec-1.0.1/doc/slice/traits.md,/data/data/com.termux/files/home/pixelation/docs/markdown_archive/traits_v2.md,ac02571e029cfa33fa9c8390aea1423cedadf0ee1c0f896cb0dc04febf5ea627
/data/data/com.termux/files/home/.cargo/registry/src/index.crates.io-1949cf8c6b5b557f/bitvec-1.0.1/doc/slice.md,/data/data/com.termux/files/home/pixelation/docs/markdown_archive/slice_v2.md,40c01b8f43cce089003f40408964672d311d9737eec8e2633fb22ead817d4a9f
/data/data/com.termux/files/home/.cargo/registry/src/index.crates.io-1949cf8c6b5b557f/bitvec-1.0.1/doc/store/BitStore.md,/data/data/com.termux/files/home/pixelation/docs/markdown_archive/BitStore.md,7d4473938faea9189a35763dd841c137105323e6de3f05760cada5e15ff1d5fb
/data/data/com.termux/files/home/.cargo/registry/src/index.crates.io-1949cf8c6b5b557f/bitvec-1.0.1/doc/store.md,/data/data/com.termux/files/home/pixelation/docs/markdown_archive/store.md,fef41e9ec7f63b5f8c564c1c432b7ab7775c942fd30075001b426085f7027ba1
/data/data/com.termux/files/home/.cargo/registry/src/index.crates.io-1949cf8c6b5b557f/bitvec-1.0.1/doc/vec/BitVec.md,/data/data/com.termux/files/home/pixelation/docs/markdown_archive/BitVec.md,b6c4b0940e724eab82b7723da6524aa9b0756ae9f72cc1ae5b55859dc115e06a
/data/data/com.termux/files/home/.cargo/registry/src/index.crates.io-1949cf8c6b5b557f/bitvec-1.0.1/doc/vec/iter/Drain.md,/data/data/com.termux/files/home/pixelation/docs/markdown_archive/Drain.md,d95cc7957b0dc180a59627d401d8d54d7a21aeb38697d58b2a2b8753d97099d6
/data/data/com.termux/files/home/.cargo/registry/src/index.crates.io-1949cf8c6b5b557f/bitvec-1.0.1/doc/vec/iter/Extend_BitRef.md,/data/data/com.termux/files/home/pixelation/docs/markdown_archive/Extend_BitRef.md,3aebf2abce732a89ab396b643e7778c6a098303e00b6453011305647063b617c
/data/data/com.termux/files/home/.cargo/registry/src/index.crates.io-1949cf8c6b5b557f/bitvec-1.0.1/doc/vec/iter/Extend_bool.md,/data/data/com.termux/files/home/pixelation/docs/markdown_archive/Extend_bool.md,ac00ceee3f689a820a9baa47ff20c77723d97d5d073407d5c3d3323202608a68
/data/data/com.termux/files/home/.cargo/registry/src/index.crates.io-1949cf8c6b5b557f/bitvec-1.0.1/doc/vec/iter/FillStatus.md,/data/data/com.termux/files/home/pixelation/docs/markdown_archive/FillStatus.md,d0e8a99f86d1068e0f6a440070630c3e487c6a21d28197834d98f1bf6f093bc0
/data/data/com.termux/files/home/.cargo/registry/src/index.crates.io-1949cf8c6b5b557f/bitvec-1.0.1/doc/vec/iter/FromIterator_BitRef.md,/data/data/com.termux/files/home/pixelation/docs/markdown_archive/FromIterator_BitRef.md,1694a6455b0481e280a370af5f777020d4a46082ff68bec147897fa1117f2286
/data/data/com.termux/files/home/.cargo/registry/src/index.crates.io-1949cf8c6b5b557f/bitvec-1.0.1/doc/vec/iter/FromIterator_bool.md,/data/data/com.termux/files/home/pixelation/docs/markdown_archive/FromIterator_bool.md,f97ce6e3b2aa7f6e75450775139b9035ee8f5b7e10a256918eed73240a1ed8ed
/data/data/com.termux/files/home/.cargo/registry/src/index.crates.io-1949cf8c6b5b557f/bitvec-1.0.1/doc/vec/iter/IntoIterator.md,/data/data/com.termux/files/home/pixelation/docs/markdown_archive/IntoIterator.md,8e1026ab0b08e410891f07ebf2c2013173282138c0f566265f8a2d92ebe8d068
/data/data/com.termux/files/home/.cargo/registry/src/index.crates.io-1949cf8c6b5b557f/bitvec-1.0.1/doc/vec/iter/Splice.md,/data/data/com.termux/files/home/pixelation/docs/markdown_archive/Splice.md,9354ee8dcf09e34a741c34003cdc09a3d82d79b244e3efbea8c4ebf275fe99f4
/data/data/com.termux/files/home/.cargo/registry/src/index.crates.io-1949cf8c6b5b557f/bitvec-1.0.1/doc/vec/iter.md,/data/data/com.termux/files/home/pixelation/docs/markdown_archive/iter_v4.md,7b00f0ffadf82701d2a7c3d36807f0bde4037297fa14bec39cd037f521f41e4e
/data/data/com.termux/files/home/.cargo/registry/src/index.crates.io-1949cf8c6b5b557f/bitvec-1.0.1/doc/vec.md,/data/data/com.termux/files/home/pixelation/docs/markdown_archive/vec.md,af50c71de557e852fc2a93f59a2ead74293a4b9f2d79c9c555b7ed8d1197ea15
/data/data/com.termux/files/home/.cargo/registry/src/index.crates.io-1949cf8c6b5b557f/bitvec-1.0.1/doc/view/AsBits.md,/data/data/com.termux/files/home/pixelation/docs/markdown_archive/AsBits.md,66d9112450029553bd2ef30a67269875ae0f77b230589d288019b4db8022889a
/data/data/com.termux/files/home/.cargo/registry/src/index.crates.io-1949cf8c6b5b557f/bitvec-1.0.1/doc/view/AsMutBits.md,/data/data/com.termux/files/home/pixelation/docs/markdown_archive/AsMutBits.md,d376e79e0fff0927b45f57a5a82b265366b85f76eca95333fe79c479ca983bc5
/data/data/com.termux/files/home/.cargo/registry/src/index.crates.io-1949cf8c6b5b557f/bitvec-1.0.1/doc/view/BitView.md,/data/data/com.termux/files/home/pixelation/docs/markdown_archive/BitView.md,0cea95ae252fb35117aabff6f2b95af75f1d241d71ef3b0c965db485e304acd2
/data/data/com.termux/files/home/.cargo/registry/src/index.crates.io-1949cf8c6b5b557f/bitvec-1.0.1/doc/view.md,/data/data/com.termux/files/home/pixelation/docs/markdown_archive/view.md,8e9a0a7e6c3c7ecd5e9dec7ca1726350d7ce45e2bd82c816f66e7f426eeb4681
/data/data/com.termux/files/home/.cargo/registry/src/index.crates.io-1949cf8c6b5b557f/equivalent-1.0.1/README.md,/data/data/com.termux/files/home/pixelation/docs/markdown_archive/README_v246.md,bbcbb8419f9bb01a51d3d5e808fe35651d423014992a72be3e7acd518485f190
/data/data/com.termux/files/home/.cargo/registry/src/index.crates.io-1949cf8c6b5b557f/equivalent-1.0.2/README.md,/data/data/com.termux/files/home/pixelation/docs/markdown_archive/README_v246.md,bbcbb8419f9bb01a51d3d5e808fe35651d423014992a72be3e7acd518485f190
/data/data/com.termux/files/home/.cargo/registry/src/index.crates.io-1949cf8c6b5b557f/idna_adapter-1.2.0/README.md,/data/data/com.termux/files/home/pixelation/docs/markdown_archive/README_v247.md,15500bedc72ff1698c58c7428b15d465ed9f5c1c6f059b9cf4fe366af9dfd811
/data/data/com.termux/files/home/.cargo/registry/src/index.crates.io-1949cf8c6b5b557f/hex-0.4.3/README.md,/data/data/com.termux/files/home/pixelation/docs/markdown_archive/README_v248.md,ec487a539f41489876f5f2143e6f2071754ad96b1ca74092bdeab8135f6a819e
/data/data/com.termux/files/home/.cargo/registry/src/index.crates.io-1949cf8c6b5b557f/write16-1.0.0/README.md,/data/data/com.termux/files/home/pixelation/docs/markdown_archive/README_v249.md,ea27b433d28b9f0bc411147079740bd28c45bcf80c0f70698a3cf6432ba3046b
/data/data/com.termux/files/home/.cargo/registry/src/index.crates.io-1949cf8c6b5b557f/utf16_iter-1.0.5/README.md,/data/data/com.termux/files/home/pixelation/docs/markdown_archive/README_v250.md,c6f0243c432701e0575a7c175e0b5dfa6751832880ff25461cdebc3b7c5892e0
/data/data/com.termux/files/home/.cargo/registry/src/index.crates.io-1949cf8c6b5b557f/fastrand-2.3.0/CHANGELOG.md,/data/data/com.termux/files/home/pixelation/docs/markdown_archive/CHANGELOG_v62.md,22cdcc219d5f384821fedb05d2fbc11bcee08d4e1e301379fa9a0e97035fc0ed
/data/data/com.termux/files/home/.cargo/registry/src/index.crates.io-1949cf8c6b5b557f/fastrand-2.3.0/README.md,/data/data/com.termux/files/home/pixelation/docs/markdown_archive/README_v251.md,ea448b5f285766fff63cfcfdb851408ee2fe561f86b821f16d23fe004a4403ca
/data/data/com.termux/files/home/.cargo/registry/src/index.crates.io-1949cf8c6b5b557f/zerofrom-derive-0.1.4/README.md,/data/data/com.termux/files/home/pixelation/docs/markdown_archive/README_v252.md,2ef78913a98fb26c912c47c3c96167b9b57524754dc4857fe18a2122fec4985e
/data/data/com.termux/files/home/.cargo/registry/src/index.crates.io-1949cf8c6b5b557f/yoke-derive-0.7.4/README.md,/data/data/com.termux/files/home/pixelation/docs/markdown_archive/README_v253.md,5004c9b0aa6e1f4d0e5c8919e14e0bad0cc6753cc589d82aa9521e1bc1fd39bf
/data/data/com.termux/files/home/.cargo/registry/src/index.crates.io-1949cf8c6b5b557f/unindent-0.2.3/README.md,/data/data/com.termux/files/home/pixelation/docs/markdown_archive/README_v156.md,13fe850f35f99ad1701eb640baada22f5cce3072a9e99006d1e4f7d3e847455d
/data/data/com.termux/files/home/.cargo/registry/src/index.crates.io-1949cf8c6b5b557f/itoa-1.0.11/README.md,/data/data/com.termux/files/home/pixelation/docs/markdown_archive/README_v254.md,48573443063fa4e0786c3b46f42b6efd1f171c6b73408a64afc1b34de89f31fe
/data/data/com.termux/files/home/.cargo/registry/src/index.crates.io-1949cf8c6b5b557f/quote-1.0.36/README.md,/data/data/com.termux/files/home/pixelation/docs/markdown_archive/README_v255.md,626e7079eab0baacf0fcaf3e244f407b2014ebaeca45905d72e8fb8bed18aaea
/data/data/com.termux/files/home/.cargo/registry/src/index.crates.io-1949cf8c6b5b557f/synstructure-0.13.1/README.md,/data/data/com.termux/files/home/pixelation/docs/markdown_archive/README_v256.md,fc43c02f6d03376dbf1cf00931b78248f9325e56628545369735935d423ca9df
/data/data/com.termux/files/home/.cargo/registry/src/index.crates.io-1949cf8c6b5b557f/tinystr-0.7.6/README.md,/data/data/com.termux/files/home/pixelation/docs/markdown_archive/README_v257.md,b7b7a33a29865bc653a6696b079c1527ba61cd58a815fc792ed6fa5bfc680ad5
/data/data/com.termux/files/home/.cargo/registry/src/index.crates.io-1949cf8c6b5b557f/writeable-0.5.5/README.md,/data/data/com.termux/files/home/pixelation/docs/markdown_archive/README_v258.md,8667ddc9209c9e148fdc3ca3ba9c5a46061e95a042a4e5abae29e9e3848d9278
/data/data/com.termux/files/home/.cargo/registry/src/index.crates.io-1949cf8c6b5b557f/enum_dispatch-0.3.13/CHANGELOG.md,/data/data/com.termux/files/home/pixelation/docs/markdown_archive/CHANGELOG_v63.md,38203191855569e3bcffa12ddbc483d52d4dc163b1bba8d657e97de819940284
/data/data/com.termux/files/home/.cargo/registry/src/index.crates.io-1949cf8c6b5b557f/enum_dispatch-0.3.13/README.md,/data/data/com.termux/files/home/pixelation/docs/markdown_archive/README_v259.md,46b26d242c9349673a4aca65e24463c1e682271165436cdd8f5a8ef88e1f549f
/data/data/com.termux/files/home/.cargo/registry/src/index.crates.io-1949cf8c6b5b557f/icu_locid_transform-1.5.0/README.md,/data/data/com.termux/files/home/pixelation/docs/markdown_archive/README_v260.md,3ff3f2e2f9e5d4c5786132838576edef42a12c5529d5f080370f24aa6246bb92
/data/data/com.termux/files/home/.cargo/registry/src/index.crates.io-1949cf8c6b5b557f/ryu-1.0.18/README.md,/data/data/com.termux/files/home/pixelation/docs/markdown_archive/README_v261.md,86f0a92cf076f4983f99926607ea272c9650a5996fa3921fc5ca5abceb0f18db
/data/data/com.termux/files/home/.cargo/registry/src/index.crates.io-1949cf8c6b5b557f/icu_provider-1.5.0/README.md,/data/data/com.termux/files/home/pixelation/docs/markdown_archive/README_v262.md,38a5e2a91c50fbe3f5ae01b286f4b1aec56b0007ba4b2a3375b317b84cc5e7ef
/data/data/com.termux/files/home/.cargo/registry/src/index.crates.io-1949cf8c6b5b557f/speedate-0.15.0/README.md,/data/data/com.termux/files/home/pixelation/docs/markdown_archive/README_v263.md,cc86b6d37c3ff26dd45c0a572fb8f9ae2e4f3945ea878daf70e80cd2d7a2df1b
/data/data/com.termux/files/home/.cargo/registry/src/index.crates.io-1949cf8c6b5b557f/icu_locid_transform_data-1.5.0/README.md,/data/data/com.termux/files/home/pixelation/docs/markdown_archive/README_v264.md,6a7b856b4d1122c94b4d7d996a11ad8ef5fb7d1dfcd0d1373048d841875f747a
/data/data/com.termux/files/home/.cargo/registry/src/index.crates.io-1949cf8c6b5b557f/rustversion-1.0.17/README.md,/data/data/com.termux/files/home/pixelation/docs/markdown_archive/README_v265.md,9ba51325297bd22446d8cc89b60e10aaedc0a248ddaad9f12322e233032ac595
/data/data/com.termux/files/home/.cargo/registry/src/index.crates.io-1949cf8c6b5b557f/getrandom-0.2.15/CHANGELOG.md,/data/data/com.termux/files/home/pixelation/docs/markdown_archive/CHANGELOG_v64.md,e105a0bf8bd52de355585b2bd2f56c0d620ecee95dfca5ca5b79a80c03ba54d6
/data/data/com.termux/files/home/.cargo/registry/src/index.crates.io-1949cf8c6b5b557f/getrandom-0.2.15/README.md,/data/data/com.termux/files/home/pixelation/docs/markdown_archive/README_v266.md,543f0efa922ff55d3cdc1c96a188dff669f57a2ff3b7dfa0c95368b8e646b5dd
/data/data/com.termux/files/home/.cargo/registry/src/index.crates.io-1949cf8c6b5b557f/getrandom-0.2.15/SECURITY.md,/data/data/com.termux/files/home/pixelation/docs/markdown_archive/SECURITY_v4.md,816ea79f8c7937888ab5a972a1efb270c4bada028b448953a195359fe11d526e
/data/data/com.termux/files/home/.cargo/registry/src/index.crates.io-1949cf8c6b5b557f/yoke-0.7.4/README.md,/data/data/com.termux/files/home/pixelation/docs/markdown_archive/README_v267.md,7caeea392483abdb034071f43cd056c7a69940b77a0e65ad7f37f4657107d4a3
/data/data/com.termux/files/home/.cargo/registry/src/index.crates.io-1949cf8c6b5b557f/icu_properties-1.5.1/README.md,/data/data/com.termux/files/home/pixelation/docs/markdown_archive/README_v268.md,db479074fe6775051e712cae63e65cf3823d8354b4663303cbcdd37cd7cd1ccb
/data/data/com.termux/files/home/.cargo/registry/src/index.crates.io-1949cf8c6b5b557f/pyo3-ffi-0.24.1/README.md,/data/data/com.termux/files/home/pixelation/docs/markdown_archive/README_v269.md,0d794109eb8c20cde8c2f5fb4db6e5af61aec9424fbd930ee96529f517f99a9d
/data/data/com.termux/files/home/.cargo/registry/src/index.crates.io-1949cf8c6b5b557f/pyo3-ffi-0.24.1/examples/README.md,/data/data/com.termux/files/home/pixelation/docs/markdown_archive/README_v204.md,598f11a10ce25ac2bd5cfa6311d53ea0595e8a7ee63cedbf94c92b8398e945ef
/data/data/com.termux/files/home/.cargo/registry/src/index.crates.io-1949cf8c6b5b557f/python3-dll-a-0.2.13/CHANGELOG.md,/data/data/com.termux/files/home/pixelation/docs/markdown_archive/CHANGELOG_v65.md,27170ea0807db114d8491daa65eb59979b90e34c31de41beb7404a511550992f
/data/data/com.termux/files/home/.cargo/registry/src/index.crates.io-1949cf8c6b5b557f/python3-dll-a-0.2.13/README.md,/data/data/com.termux/files/home/pixelation/docs/markdown_archive/README_v270.md,4806d58c2cf22ae99bd667858e2ca7b0e83c31e1d518207070954b0f34cd3af5
/data/data/com.termux/files/home/.cargo/registry/src/index.crates.io-1949cf8c6b5b557f/indexmap-2.2.6/README.md,/data/data/com.termux/files/home/pixelation/docs/markdown_archive/README_v271.md,98781168dcaf64ed3eecbf7146311045433773486259a372b985c9ae28545017
/data/data/com.termux/files/home/.cargo/registry/src/index.crates.io-1949cf8c6b5b557f/indexmap-2.2.6/RELEASES.md,/data/data/com.termux/files/home/pixelation/docs/markdown_archive/RELEASES_v3.md,0f8b4d3a352bddda55384f2ffa804b39e7d73aefa27364c56378d0043756e491
/data/data/com.termux/files/home/.cargo/registry/src/index.crates.io-1949cf8c6b5b557f/zerovec-0.10.4/README.md,/data/data/com.termux/files/home/pixelation/docs/markdown_archive/README_v272.md,5d88517b10c49ade5a20a9c2ef0ca70d5e0856ea8d20f9c88571619d2814adfd
/data/data/com.termux/files/home/.cargo/registry/src/index.crates.io-1949cf8c6b5b557f/zerocopy-0.7.34/CONTRIBUTING.md,/data/data/com.termux/files/home/pixelation/docs/markdown_archive/CONTRIBUTING_v14.md,47968395d4bee21ffd1f4e665625ba6c89b841a71dc92d0cac432aafbcbfe027
/data/data/com.termux/files/home/.cargo/registry/src/index.crates.io-1949cf8c6b5b557f/zerocopy-0.7.34/INTERNAL.md,/data/data/com.termux/files/home/pixelation/docs/markdown_archive/INTERNAL.md,d6f3929776cd6b195d926dda36b7db287f92fa17ed8dabb0c9c12eb6f945bd61
/data/data/com.termux/files/home/.cargo/registry/src/index.crates.io-1949cf8c6b5b557f/zerocopy-0.7.34/POLICIES.md,/data/data/com.termux/files/home/pixelation/docs/markdown_archive/POLICIES_v2.md,c889920550fcd6aa0477ae1f9a1c6aa6f48bc0c5923b035d5ae8af4d3ce06b91
/data/data/com.termux/files/home/.cargo/registry/src/index.crates.io-1949cf8c6b5b557f/zerocopy-0.7.34/README.md,/data/data/com.termux/files/home/pixelation/docs/markdown_archive/README_v273.md,a2a01b58f7344a1a03b314d545d221e1a22642071d2067ebefbeb0d1c63a27d0
/data/data/com.termux/files/home/.cargo/registry/src/index.crates.io-1949cf8c6b5b557f/regex-automata-0.4.8/README.md,/data/data/com.termux/files/home/pixelation/docs/markdown_archive/README_v274.md,61db25dbf26092fc80e8db89165692e55f9fb86b14e8451ebb28303f45932254
/data/data/com.termux/files/home/.cargo/registry/src/index.crates.io-1949cf8c6b5b557f/regex-automata-0.4.8/tests/gen/README.md,/data/data/com.termux/files/home/pixelation/docs/markdown_archive/README_v275.md,c3bfdf2f9ced501dd5bd75d01509a34e503efb2dff2f5f7b260580dde5519ed4
/data/data/com.termux/files/home/.cargo/registry/src/index.crates.io-1949cf8c6b5b557f/libc-0.2.155/CONTRIBUTING.md,/data/data/com.termux/files/home/pixelation/docs/markdown_archive/CONTRIBUTING_v15.md,a93fcda0a76e1975fcfb0aa2ba00c9b1864f9ae6062704a294d81a3688898e10
/data/data/com.termux/files/home/.cargo/registry/src/index.crates.io-1949cf8c6b5b557f/libc-0.2.155/README.md,/data/data/com.termux/files/home/pixelation/docs/markdown_archive/README_v276.md,4da2919bb509f3f06163778478494f780ca6627cb79ccab5d2c828c8d88dc133
/data/data/com.termux/files/home/.cargo/registry/src/index.crates.io-1949cf8c6b5b557f/windows-sys-0.59.0/readme.md,/data/data/com.termux/files/home/pixelation/docs/markdown_archive/readme_v8.md,a72d775ebe17bc4af2b54f28408ff28f244eb0e4fdc3372818d090d81863e70b
/data/data/com.termux/files/home/.cargo/registry/src/index.crates.io-1949cf8c6b5b557f/triomphe-0.1.14/README.md,/data/data/com.termux/files/home/pixelation/docs/markdown_archive/README_v277.md,31f2d36aba753938cca35a0770f87b14215d6b367a1cd173f183d49242890258
/data/data/com.termux/files/home/.cargo/registry/src/index.crates.io-1949cf8c6b5b557f/itoa-1.0.15/README.md,/data/data/com.termux/files/home/pixelation/docs/markdown_archive/README_v254.md,48573443063fa4e0786c3b46f42b6efd1f171c6b73408a64afc1b34de89f31fe
/data/data/com.termux/files/home/.cargo/registry/src/index.crates.io-1949cf8c6b5b557f/crunchy-0.2.4/README.md,/data/data/com.termux/files/home/pixelation/docs/markdown_archive/README_v41.md,93b3f5c468e2d326f59c5882a758500ca96dcef81521f7c20fa7d6f89e2870f1
/data/data/com.termux/files/home/.cargo/registry/src/index.crates.io-1949cf8c6b5b557f/errno-0.3.13/CHANGELOG.md,/data/data/com.termux/files/home/pixelation/docs/markdown_archive/CHANGELOG_v66.md,0eb9276c107eff1e18401cceca0f96a141381b3f46f4663440be20e9405f1f03
/data/data/com.termux/files/home/.cargo/registry/src/index.crates.io-1949cf8c6b5b557f/errno-0.3.13/README.md,/data/data/com.termux/files/home/pixelation/docs/markdown_archive/README_v50.md,a1817eb8a0b2208d3f3989202b6af03c8261747b281039d4c7790649b587fd0b
/data/data/com.termux/files/home/.cargo/registry/src/index.crates.io-1949cf8c6b5b557f/indoc-2.0.6/README.md,/data/data/com.termux/files/home/pixelation/docs/markdown_archive/README_v278.md,aa314ca47369e660f3ab12d1756e0c341e0de3903c8721d56815c1ebe6e9e4ab
/data/data/com.termux/files/home/.cargo/registry/src/index.crates.io-1949cf8c6b5b557f/nu-ansi-term-0.46.0/README.md,/data/data/com.termux/files/home/pixelation/docs/markdown_archive/README_v279.md,5c4b8a36f0d7d8faa41084d3b7506cf63cfe8a21fc307ff0721ab4bd9b2d79c9
/data/data/com.termux/files/home/.cargo/registry/src/index.crates.io-1949cf8c6b5b557f/log-0.4.27/CHANGELOG.md,/data/data/com.termux/files/home/pixelation/docs/markdown_archive/CHANGELOG_v67.md,ca88c379b215323f4094a6a7c10e75106f0e1dfac4479aa1ecdc11eb3b90e7ce
/data/data/com.termux/files/home/.cargo/registry/src/index.crates.io-1949cf8c6b5b557f/log-0.4.27/README.md,/data/data/com.termux/files/home/pixelation/docs/markdown_archive/README_v280.md,00eda7b9168a6cb515bdd3d31be65c1988f77d3443fd9e093161df15d328208e
/data/data/com.termux/files/home/.cargo/registry/src/index.crates.io-1949cf8c6b5b557f/platform-info-2.0.5/README.md,/data/data/com.termux/files/home/pixelation/docs/markdown_archive/README_v281.md,d1ec59da4ad6b95be05d75000232228b78511a813c50c50fee37cd09d5dbab0d
/data/data/com.termux/files/home/.cargo/registry/src/index.crates.io-1949cf8c6b5b557f/twox-hash-1.6.3/README.md,/data/data/com.termux/files/home/pixelation/docs/markdown_archive/README_v282.md,e5b5bf9df5791c8d595384ce6c783e3b7de7a1ae0d486edaf086e33742f9edee
/data/data/com.termux/files/home/.cargo/registry/src/index.crates.io-1949cf8c6b5b557f/oneshot-0.1.11/CHANGELOG.md,/data/data/com.termux/files/home/pixelation/docs/markdown_archive/CHANGELOG_v68.md,1e0a210e4c51ac6c7ddd08d8653fd81154569c9198ef2db2c7e1396434484937
/data/data/com.termux/files/home/.cargo/registry/src/index.crates.io-1949cf8c6b5b557f/oneshot-0.1.11/README.md,/data/data/com.termux/files/home/pixelation/docs/markdown_archive/README_v283.md,811ea1c958d5a65583d0223b7ab09bb282e7a51ed60f9a2cb90ef6d555325a68
/data/data/com.termux/files/home/.cargo/registry/src/index.crates.io-1949cf8c6b5b557f/windows-registry-0.5.3/readme.md,/data/data/com.termux/files/home/pixelation/docs/markdown_archive/readme_v9.md,10405d58a68bed7dedfad615d935c66d1e5a74650176124b94e6bfbd2d05489b
/data/data/com.termux/files/home/.cargo/registry/src/index.crates.io-1949cf8c6b5b557f/anstream-0.6.19/README.md,/data/data/com.termux/files/home/pixelation/docs/markdown_archive/README_v284.md,7b22f0ac46116cae53ea847f9bc008d172276765e9955924cdbf5ff82cae5fca
/data/data/com.termux/files/home/.cargo/registry/src/index.crates.io-1949cf8c6b5b557f/pin-utils-0.1.0/README.md,/data/data/com.termux/files/home/pixelation/docs/markdown_archive/README_v285.md,1b0cfd43afdfb6bb718a65f9fa9954b8de3a2638f155ee021465b35f0ae98336
/data/data/com.termux/files/home/.cargo/registry/src/index.crates.io-1949cf8c6b5b557f/iana-time-zone-0.1.63/CHANGELOG.md,/data/data/com.termux/files/home/pixelation/docs/markdown_archive/CHANGELOG_v69.md,467a75b20956c8201acdad52b44b1cd146913a4df9f5282e47bf144dea2878da
/data/data/com.termux/files/home/.cargo/registry/src/index.crates.io-1949cf8c6b5b557f/iana-time-zone-0.1.63/README.md,/data/data/com.termux/files/home/pixelation/docs/markdown_archive/README_v286.md,22f9a823adec27aca10eb6dfb5e4e1e9d485e1d5f78348f788bfc81dbee2787f
/data/data/com.termux/files/home/.cargo/registry/src/index.crates.io-1949cf8c6b5b557f/hyper-rustls-0.27.7/README.md,/data/data/com.termux/files/home/pixelation/docs/markdown_archive/README_v287.md,9124a22136f3b0fa82f22896a25989b120bf05be197e0f110cdf408f63aaf5fd
/data/data/com.termux/files/home/.cargo/registry/src/index.crates.io-1949cf8c6b5b557f/hyper-rustls-0.27.7/RELEASING.md,/data/data/com.termux/files/home/pixelation/docs/markdown_archive/RELEASING_v2.md,01733c2c7ba9966525a0df69ba0c634d5accdeb3aaca466410134fbd6a8e6c03
/data/data/com.termux/files/home/.cargo/registry/src/index.crates.io-1949cf8c6b5b557f/tracing-serde-0.2.0/CHANGELOG.md,/data/data/com.termux/files/home/pixelation/docs/markdown_archive/CHANGELOG_v70.md,5c793509d3d4902be670c418fa38591b1980626b0138655ff9a15925b90aa4c9
/data/data/com.termux/files/home/.cargo/registry/src/index.crates.io-1949cf8c6b5b557f/tracing-serde-0.2.0/README.md,/data/data/com.termux/files/home/pixelation/docs/markdown_archive/README_v288.md,4867c3f1b4db3c92fcba87ff8fcb57dbf36ac237859be8acf372a543ad917f9f
/data/data/com.termux/files/home/.cargo/registry/src/index.crates.io-1949cf8c6b5b557f/wasm-bindgen-0.2.100/README.md,/data/data/com.termux/files/home/pixelation/docs/markdown_archive/README_v289.md,2b52ec6b96a5e565d322ed8bd4519954049621f3c2d28e7f9dbba2b0805dc7f6
/data/data/com.termux/files/home/.cargo/registry/src/index.crates.io-1949cf8c6b5b557f/urlencoding-2.1.3/README.md,/data/data/com.termux/files/home/pixelation/docs/markdown_archive/README_v290.md,aef1306cb06344947dfb4e5e0d980303f31500fe95c7526c8bd3247f9cfcc78f
/data/data/com.termux/files/home/.cargo/registry/src/index.crates.io-1949cf8c6b5b557f/unicode-linebreak-0.1.5/README.md,/data/data/com.termux/files/home/pixelation/docs/markdown_archive/README_v291.md,2ab14f3b536c493ee5d23f6d87256b702e06176544455d486e532e84297586f2
/data/data/com.termux/files/home/.cargo/registry/src/index.crates.io-1949cf8c6b5b557f/parking_lot-0.12.4/CHANGELOG.md,/data/data/com.termux/files/home/pixelation/docs/markdown_archive/CHANGELOG_v71.md,5d3b8f434d1481093d6d7879ee3104552383d222f01c62cd891a5cff711a4c3d
/data/data/com.termux/files/home/.cargo/registry/src/index.crates.io-1949cf8c6b5b557f/parking_lot-0.12.4/README.md,/data/data/com.termux/files/home/pixelation/docs/markdown_archive/README_v292.md,65991d3d7edeb47460d23d795212387bdf8b95e3d9bf4ba3d742fa113fe3c1a2
/data/data/com.termux/files/home/.cargo/registry/src/index.crates.io-1949cf8c6b5b557f/web-time-1.1.0/CHANGELOG.md,/data/data/com.termux/files/home/pixelation/docs/markdown_archive/CHANGELOG_v72.md,7f05140dd8c3a99a6a8f05a8a707038a424eb3e3e9c048b037e45a5fb03b4bdf
/data/data/com.termux/files/home/.cargo/registry/src/index.crates.io-1949cf8c6b5b557f/web-time-1.1.0/README.md,/data/data/com.termux/files/home/pixelation/docs/markdown_archive/README_v293.md,a097c46f254121cb860554e83ea6b5b5f110890260c56feb44b2c870e774715e
/data/data/com.termux/files/home/.cargo/registry/src/index.crates.io-1949cf8c6b5b557f/hashbrown-0.14.5/CHANGELOG.md,/data/data/com.termux/files/home/pixelation/docs/markdown_archive/CHANGELOG_v73.md,1a844fe3b7466b41ca1d5914af197d5aeed7cb14f30ebe4be351367d7ca905d2
/data/data/com.termux/files/home/.cargo/registry/src/index.crates.io-1949cf8c6b5b557f/hashbrown-0.14.5/README.md,/data/data/com.termux/files/home/pixelation/docs/markdown_archive/README_v294.md,84c222ce49510535419d338b7532a72a2bf22b7466e44de78d92d25b6c7d636b
/data/data/com.termux/files/home/.cargo/registry/src/index.crates.io-1949cf8c6b5b557f/half-2.6.0/CHANGELOG.md,/data/data/com.termux/files/home/pixelation/docs/markdown_archive/CHANGELOG_v74.md,fcef01224dc41fb792a3d33e817e9de950ed94e74b7645512fd30545b5f30930
/data/data/com.termux/files/home/.cargo/registry/src/index.crates.io-1949cf8c6b5b557f/half-2.6.0/README.md,/data/data/com.termux/files/home/pixelation/docs/markdown_archive/README_v295.md,f48dacc314fbd367551ec9e00edab552449117668bc34e83b1941cb3babbd08b
/data/data/com.termux/files/home/.cargo/registry/src/index.crates.io-1949cf8c6b5b557f/getrandom-0.3.3/CHANGELOG.md,/data/data/com.termux/files/home/pixelation/docs/markdown_archive/CHANGELOG_v75.md,fc99d55b89ff2dcca19d1d36f4e10b76e5adecc211afff67aac4d199f35e435c
/data/data/com.termux/files/home/.cargo/registry/src/index.crates.io-1949cf8c6b5b557f/getrandom-0.3.3/README.md,/data/data/com.termux/files/home/pixelation/docs/markdown_archive/README_v296.md,5afb17166a328f69726ae52321b3c6f698adefbfc64898e93e45cd3d4ce3e1e5
/data/data/com.termux/files/home/.cargo/registry/src/index.crates.io-1949cf8c6b5b557f/getrandom-0.3.3/SECURITY.md,/data/data/com.termux/files/home/pixelation/docs/markdown_archive/SECURITY_v4.md,816ea79f8c7937888ab5a972a1efb270c4bada028b448953a195359fe11d526e
/data/data/com.termux/files/home/.cargo/registry/src/index.crates.io-1949cf8c6b5b557f/nom-7.1.3/CHANGELOG.md,/data/data/com.termux/files/home/pixelation/docs/markdown_archive/CHANGELOG_v76.md,fd79f8ab367d50fd57136744fa2e0a198c279c9707c2a45f00ad1b62d0a637ab
/data/data/com.termux/files/home/.cargo/registry/src/index.crates.io-1949cf8c6b5b557f/nom-7.1.3/README.md,/data/data/com.termux/files/home/pixelation/docs/markdown_archive/README_v297.md,3cbdcb07f9ef189ad617f40423a17f1e48ee5aba3f118f261886c139d64d26ae
/data/data/com.termux/files/home/.cargo/registry/src/index.crates.io-1949cf8c6b5b557f/nom-7.1.3/doc/nom_recipes.md,/data/data/com.termux/files/home/pixelation/docs/markdown_archive/nom_recipes.md,a903a6d8f9e5c935f2a4cbd632f67bc46e41934d1cc8517da9b9e7f3840c9955
/data/data/com.termux/files/home/.cargo/registry/src/index.crates.io-1949cf8c6b5b557f/rand-0.8.5/CHANGELOG.md,/data/data/com.termux/files/home/pixelation/docs/markdown_archive/CHANGELOG_v77.md,76b505678de234d2eef751593feec6d9debb76c20d45564a9f23c9e9783dbc63
/data/data/com.termux/files/home/.cargo/registry/src/index.crates.io-1949cf8c6b5b557f/rand-0.8.5/README.md,/data/data/com.termux/files/home/pixelation/docs/markdown_archive/README_v298.md,ddb5a1fa9442c6cab92a3510365937e729f839c94b97e75d3f0430bf3a4dd2bd
/data/data/com.termux/files/home/.cargo/registry/src/index.crates.io-1949cf8c6b5b557f/derivative-2.2.0/CHANGELOG.md,/data/data/com.termux/files/home/pixelation/docs/markdown_archive/CHANGELOG_v78.md,092ab0f1848e7d8df682d4f2949773a530e5f08e5a20963a1e0c87977c9ecd94
/data/data/com.termux/files/home/.cargo/registry/src/index.crates.io-1949cf8c6b5b557f/derivative-2.2.0/CONTRIBUTING.md,/data/data/com.termux/files/home/pixelation/docs/markdown_archive/CONTRIBUTING_v16.md,c0652d83a460d4a7fa4d25a88cd6b436d7bf2da83186cd18170187fe43297502
/data/data/com.termux/files/home/.cargo/registry/src/index.crates.io-1949cf8c6b5b557f/derivative-2.2.0/README.md,/data/data/com.termux/files/home/pixelation/docs/markdown_archive/README_v299.md,65c92addca07a0fc7c01e5399848876d50548e210e5272388d2c42286a5a421e
/data/data/com.termux/files/home/.cargo/registry/src/index.crates.io-1949cf8c6b5b557f/derivative-2.2.0/doc/Clone.md,/data/data/com.termux/files/home/pixelation/docs/markdown_archive/Clone.md,1b6eaa318c4549537c42a7c5b2940ca2eb7af2315dea43d4fe814ad1ae558642
/data/data/com.termux/files/home/.cargo/registry/src/index.crates.io-1949cf8c6b5b557f/derivative-2.2.0/doc/Debug.md,/data/data/com.termux/files/home/pixelation/docs/markdown_archive/Debug.md,5c94cf9a59d2b049c5b77ae503be8a275610009c12d7bf1475dffba85737e0e5
/data/data/com.termux/files/home/.cargo/registry/src/index.crates.io-1949cf8c6b5b557f/derivative-2.2.0/doc/Default.md,/data/data/com.termux/files/home/pixelation/docs/markdown_archive/Default.md,30f9e3bc8c5570751d5e8cc8c06326d6b0c8fcd189296d4e3864ad3825400e45
/data/data/com.termux/files/home/.cargo/registry/src/index.crates.io-1949cf8c6b5b557f/derivative-2.2.0/doc/Hash.md,/data/data/com.termux/files/home/pixelation/docs/markdown_archive/Hash.md,f3fd21be426bc0fd823245445ed7765d9b158934686a1c7bb3011f99e2eba287
/data/data/com.termux/files/home/.cargo/registry/src/index.crates.io-1949cf8c6b5b557f/derivative-2.2.0/doc/README.md,/data/data/com.termux/files/home/pixelation/docs/markdown_archive/README_v300.md,0107b47c86b3a0c4efcd719ddfed3bb50cb8aa87f02484bf6a2349b2a7b92963
/data/data/com.termux/files/home/.cargo/registry/src/index.crates.io-1949cf8c6b5b557f/derivative-2.2.0/doc/SUMMARY.md,/data/data/com.termux/files/home/pixelation/docs/markdown_archive/SUMMARY_v2.md,e4a8fbebc75befcac4c17cc8d2b06c593b4ab143efc75bb563d22818c6a5e680
/data/data/com.termux/files/home/.cargo/registry/src/index.crates.io-1949cf8c6b5b557f/derivative-2.2.0/doc/cmp.md,/data/data/com.termux/files/home/pixelation/docs/markdown_archive/cmp.md,42f95d52f1e393e59935f8e0dd19d87d4c664e8eaab80e8cf20afd18afff9374
/data/data/com.termux/files/home/.cargo/registry/src/index.crates.io-1949cf8c6b5b557f/jsonwebtoken-9.3.1/CHANGELOG.md,/data/data/com.termux/files/home/pixelation/docs/markdown_archive/CHANGELOG_v79.md,f14b81733ba9573f08ff0299d32c71b09adb5e4ed1209840421979802c1671c4
/data/data/com.termux/files/home/.cargo/registry/src/index.crates.io-1949cf8c6b5b557f/jsonwebtoken-9.3.1/README.md,/data/data/com.termux/files/home/pixelation/docs/markdown_archive/README_v301.md,7ae7a202015922306e2fcc9e7d2ae35c16ced6557b5c707d8d3a55b649617edf
/data/data/com.termux/files/home/.cargo/registry/src/index.crates.io-1949cf8c6b5b557f/jsonwebtoken-9.3.1/tests/rsa/README.md,/data/data/com.termux/files/home/pixelation/docs/markdown_archive/README_v302.md,4a91c3ca763ddeb7e8b7e5f486d76f5918e664552718e174e218ebf48fa34625
/data/data/com.termux/files/home/.cargo/registry/src/index.crates.io-1949cf8c6b5b557f/num-conv-0.1.0/README.md,/data/data/com.termux/files/home/pixelation/docs/markdown_archive/README_v303.md,081b57a3244bd2d42ae1c9592c90556bf50fc2155a53760d9049c9dacbe92354
/data/data/com.termux/files/home/.cargo/registry/src/index.crates.io-1949cf8c6b5b557f/clap-4.5.40/README.md,/data/data/com.termux/files/home/pixelation/docs/markdown_archive/README_v304.md,bcb96a3aedd4da85e24e201a4922e435928b0c0a2f97fd5843d0793a54e6a09f
/data/data/com.termux/files/home/.cargo/registry/src/index.crates.io-1949cf8c6b5b557f/clap-4.5.40/examples/README.md,/data/data/com.termux/files/home/pixelation/docs/markdown_archive/README_v305.md,c5f45032ee7acda0c5f98db456cbf4f9b0362d62dc81218fcf03bcdfbd19af05
/data/data/com.termux/files/home/.cargo/registry/src/index.crates.io-1949cf8c6b5b557f/clap-4.5.40/examples/cargo-example-derive.md,/data/data/com.termux/files/home/pixelation/docs/markdown_archive/cargo-example-derive.md,66d7455f08a038872f42d9d45f9b47ebbdbf9366fafa16b749ece8ba5bdcfcce
/data/data/com.termux/files/home/.cargo/registry/src/index.crates.io-1949cf8c6b5b557f/clap-4.5.40/examples/cargo-example.md,/data/data/com.termux/files/home/pixelation/docs/markdown_archive/cargo-example.md,60a1d0f253142de5003a9474b28a5a8324a9860fc646af6309d84594d97356bd
/data/data/com.termux/files/home/.cargo/registry/src/index.crates.io-1949cf8c6b5b557f/clap-4.5.40/examples/demo.md,/data/data/com.termux/files/home/pixelation/docs/markdown_archive/demo.md,6c00568794ff99007ab0f08bf7e06fe521cb1f2f0fab30c219f16c6f54bf638d
/data/data/com.termux/files/home/.cargo/registry/src/index.crates.io-1949cf8c6b5b557f/clap-4.5.40/examples/derive_ref/interop_tests.md,/data/data/com.termux/files/home/pixelation/docs/markdown_archive/interop_tests.md,aaf307e313c3926b14f1265199ab18665bb3dea723729a7e6cbf3b237fa73941
/data/data/com.termux/files/home/.cargo/registry/src/index.crates.io-1949cf8c6b5b557f/clap-4.5.40/examples/escaped-positional-derive.md,/data/data/com.termux/files/home/pixelation/docs/markdown_archive/escaped-positional-derive.md,fb4b4351ceb43ef0c25048e8603dab6fdf4391b84e9b3ad9593602fa89abc572
/data/data/com.termux/files/home/.cargo/registry/src/index.crates.io-1949cf8c6b5b557f/clap-4.5.40/examples/escaped-positional.md,/data/data/com.termux/files/home/pixelation/docs/markdown_archive/escaped-positional.md,b44e23e5706eb815e7875825be815a370f2ba38e41d7998ea762d0ef1fb2ba56
/data/data/com.termux/files/home/.cargo/registry/src/index.crates.io-1949cf8c6b5b557f/clap-4.5.40/examples/find.md,/data/data/com.termux/files/home/pixelation/docs/markdown_archive/find.md,441ad59186eca36324d982c1b2ba458354568007cb34fc560516dc68a40ad5fd
/data/data/com.termux/files/home/.cargo/registry/src/index.crates.io-1949cf8c6b5b557f/clap-4.5.40/examples/git-derive.md,/data/data/com.termux/files/home/pixelation/docs/markdown_archive/git-derive.md,e4050c86f2789c900f9c67ccbcfe478c982588eb663b3719f378275f0c13e479
/data/data/com.termux/files/home/.cargo/registry/src/index.crates.io-1949cf8c6b5b557f/clap-4.5.40/examples/git.md,/data/data/com.termux/files/home/pixelation/docs/markdown_archive/git.md,58f861391d4af32794008ce29d1034827e4217d2281ad89e209fd01b7825b338
/data/data/com.termux/files/home/.cargo/registry/src/index.crates.io-1949cf8c6b5b557f/clap-4.5.40/examples/multicall-busybox.md,/data/data/com.termux/files/home/pixelation/docs/markdown_archive/multicall-busybox.md,b8e8a89312e2088b6dd1fac5b5b92266fda9b82c40a650dae2d41b5fcc253594
/data/data/com.termux/files/home/.cargo/registry/src/index.crates.io-1949cf8c6b5b557f/clap-4.5.40/examples/multicall-hostname.md,/data/data/com.termux/files/home/pixelation/docs/markdown_archive/multicall-hostname.md,1dedcdcc9927c08cebee11fa01fda7a730f5ddf5227c4902e1eb5ff847a80346
/data/data/com.termux/files/home/.cargo/registry/src/index.crates.io-1949cf8c6b5b557f/clap-4.5.40/examples/pacman.md,/data/data/com.termux/files/home/pixelation/docs/markdown_archive/pacman.md,8c8cf0dfc9765176a0f50aff99bbe7b2b8d8f57564957401b9f410e7e1e9a80d
/data/data/com.termux/files/home/.cargo/registry/src/index.crates.io-1949cf8c6b5b557f/clap-4.5.40/examples/tutorial_builder/01_quick.md,/data/data/com.termux/files/home/pixelation/docs/markdown_archive/01_quick.md,d2a242a6ba832cdb0a2b6f55d428d62e7048f6b7d8d8f4a75f7923da85628ca8
/data/data/com.termux/files/home/.cargo/registry/src/index.crates.io-1949cf8c6b5b557f/clap-4.5.40/examples/tutorial_builder/02_app_settings.md,/data/data/com.termux/files/home/pixelation/docs/markdown_archive/02_app_settings.md,4e7097deb0eb8e926978ef383b0da4bda33966d4e760ac0d258cd4127a054fba
/data/data/com.termux/files/home/.cargo/registry/src/index.crates.io-1949cf8c6b5b557f/clap-4.5.40/examples/tutorial_builder/02_apps.md,/data/data/com.termux/files/home/pixelation/docs/markdown_archive/02_apps.md,3cbc7010e0214d047d98104dadb76ee02ec3c5bba868758e35aebb2fdfd0fa22
/data/data/com.termux/files/home/.cargo/registry/src/index.crates.io-1949cf8c6b5b557f/clap-4.5.40/examples/tutorial_builder/02_crate.md,/data/data/com.termux/files/home/pixelation/docs/markdown_archive/02_crate.md,995dc62680b9d7c1983c673bf5775c07ae96175db186b5313c0d614308569ec0
/data/data/com.termux/files/home/.cargo/registry/src/index.crates.io-1949cf8c6b5b557f/clap-4.5.40/examples/tutorial_builder/03_01_flag_bool.md,/data/data/com.termux/files/home/pixelation/docs/markdown_archive/03_01_flag_bool.md,326d8267ce6fcc62e95fdb19f77bdc959067e41af48c7d6e465c0eafe2db741c
/data/data/com.termux/files/home/.cargo/registry/src/index.crates.io-1949cf8c6b5b557f/clap-4.5.40/examples/tutorial_builder/03_01_flag_count.md,/data/data/com.termux/files/home/pixelation/docs/markdown_archive/03_01_flag_count.md,c34ff091d239f5861a868bda051322774340be9a63dea32cbfabe8c0cc4dfd94
/data/data/com.termux/files/home/.cargo/registry/src/index.crates.io-1949cf8c6b5b557f/clap-4.5.40/examples/tutorial_builder/03_02_option.md,/data/data/com.termux/files/home/pixelation/docs/markdown_archive/03_02_option.md,f436d35a7f2aece1a30f0258f44ae09166fb4faae3b6623beb6a824d2ed234fd
/data/data/com.termux/files/home/.cargo/registry/src/index.crates.io-1949cf8c6b5b557f/clap-4.5.40/examples/tutorial_builder/03_02_option_mult.md,/data/data/com.termux/files/home/pixelation/docs/markdown_archive/03_02_option_mult.md,31930e9dbc407f5cfbb24707388d3abb17e1cd6ea4d8e9f55c15bac8d5d3168c
/data/data/com.termux/files/home/.cargo/registry/src/index.crates.io-1949cf8c6b5b557f/clap-4.5.40/examples/tutorial_builder/03_03_positional.md,/data/data/com.termux/files/home/pixelation/docs/markdown_archive/03_03_positional.md,dc2e13cf897e2e2d2b397a1ab739bfd290ec04f437128030eb7f6f609b910be7
/data/data/com.termux/files/home/.cargo/registry/src/index.crates.io-1949cf8c6b5b557f/clap-4.5.40/examples/tutorial_builder/03_03_positional_mult.md,/data/data/com.termux/files/home/pixelation/docs/markdown_archive/03_03_positional_mult.md,f1d03ca58d9ee75ec9a4cc980006a666e2c529ab6f7deaf6bd88b3fbaf09fc07
/data/data/com.termux/files/home/.cargo/registry/src/index.crates.io-1949cf8c6b5b557f/clap-4.5.40/examples/tutorial_builder/03_04_subcommands.md,/data/data/com.termux/files/home/pixelation/docs/markdown_archive/03_04_subcommands.md,aef99bdab98e23b6d12db43286a8f5ee56656e5024ffa6113dde48a15681820c
/data/data/com.termux/files/home/.cargo/registry/src/index.crates.io-1949cf8c6b5b557f/clap-4.5.40/examples/tutorial_builder/03_05_default_values.md,/data/data/com.termux/files/home/pixelation/docs/markdown_archive/03_05_default_values.md,c30c72c85190aaddc06a7c0ed1cf87356eb81f03284b0e9c5f47d4f233d06a00
/data/data/com.termux/files/home/.cargo/registry/src/index.crates.io-1949cf8c6b5b557f/clap-4.5.40/examples/tutorial_builder/03_06_required.md,/data/data/com.termux/files/home/pixelation/docs/markdown_archive/03_06_required.md,7ef4ed0da3d48a49ee2d5e7ded0deb1a810d7a51865027df50b204394be40266
/data/data/com.termux/files/home/.cargo/registry/src/index.crates.io-1949cf8c6b5b557f/clap-4.5.40/examples/tutorial_builder/04_01_enum.md,/data/data/com.termux/files/home/pixelation/docs/markdown_archive/04_01_enum.md,c89cef996c17aa909031233b283349b23427c065b634d43ee82b974f4f28d1c6
/data/data/com.termux/files/home/.cargo/registry/src/index.crates.io-1949cf8c6b5b557f/clap-4.5.40/examples/tutorial_builder/04_01_possible.md,/data/data/com.termux/files/home/pixelation/docs/markdown_archive/04_01_possible.md,e16ec1ee5e7a67ab040afd4c87c3ebf84e5ab229491b73f3da337160a0dd14bb
/data/data/com.termux/files/home/.cargo/registry/src/index.crates.io-1949cf8c6b5b557f/clap-4.5.40/examples/tutorial_builder/04_02_parse.md,/data/data/com.termux/files/home/pixelation/docs/markdown_archive/04_02_parse.md,d02e8e79e96c2def7a2576a5acc06ba539061a221960ce89eeca1a51e52ef317
/data/data/com.termux/files/home/.cargo/registry/src/index.crates.io-1949cf8c6b5b557f/clap-4.5.40/examples/tutorial_builder/04_02_validate.md,/data/data/com.termux/files/home/pixelation/docs/markdown_archive/04_02_validate.md,3f9f29b3629f0d20d8ff149ec721ee67a4baad39c12e2e379d472865c6cf682f
/data/data/com.termux/files/home/.cargo/registry/src/index.crates.io-1949cf8c6b5b557f/clap-4.5.40/examples/tutorial_builder/04_03_relations.md,/data/data/com.termux/files/home/pixelation/docs/markdown_archive/04_03_relations.md,cfc6a4ee6d6912566773c9c86b92466725e8eb90c5c765d7cb603f2ffd0d911a
/data/data/com.termux/files/home/.cargo/registry/src/index.crates.io-1949cf8c6b5b557f/clap-4.5.40/examples/tutorial_builder/04_04_custom.md,/data/data/com.termux/files/home/pixelation/docs/markdown_archive/04_04_custom.md,11581660afa0679cda9355965cf55e0a282da9184f8d2eec97a415f48878002e
/data/data/com.termux/files/home/.cargo/registry/src/index.crates.io-1949cf8c6b5b557f/clap-4.5.40/examples/tutorial_derive/01_quick.md,/data/data/com.termux/files/home/pixelation/docs/markdown_archive/01_quick_v2.md,345bbe0689766fd83929826bffc32c9067c8e97c42fb7390db2620931bd27834
/data/data/com.termux/files/home/.cargo/registry/src/index.crates.io-1949cf8c6b5b557f/clap-4.5.40/examples/tutorial_derive/02_app_settings.md,/data/data/com.termux/files/home/pixelation/docs/markdown_archive/02_app_settings_v2.md,7b3ef753653be837d6c7d92c805a8238dd61fce2fc46d58b860c3771dbfec113
/data/data/com.termux/files/home/.cargo/registry/src/index.crates.io-1949cf8c6b5b557f/clap-4.5.40/examples/tutorial_derive/02_apps.md,/data/data/com.termux/files/home/pixelation/docs/markdown_archive/02_apps_v2.md,166b48034c788304ce9d3f48f91dd7b1b7e18a6d66f689114ba618d79b60cc24
/data/data/com.termux/files/home/.cargo/registry/src/index.crates.io-1949cf8c6b5b557f/clap-4.5.40/examples/tutorial_derive/02_crate.md,/data/data/com.termux/files/home/pixelation/docs/markdown_archive/02_crate_v2.md,c15606793151791bddf5763f660a913f799303e8de4c1d28334449d0d184681d
/data/data/com.termux/files/home/.cargo/registry/src/index.crates.io-1949cf8c6b5b557f/clap-4.5.40/examples/tutorial_derive/03_01_flag_bool.md,/data/data/com.termux/files/home/pixelation/docs/markdown_archive/03_01_flag_bool_v2.md,7ffa235eb4bc61aaa15d63d4301250e2a6635520c02a55aa6294afe6798f39a0
/data/data/com.termux/files/home/.cargo/registry/src/index.crates.io-1949cf8c6b5b557f/clap-4.5.40/examples/tutorial_derive/03_01_flag_count.md,/data/data/com.termux/files/home/pixelation/docs/markdown_archive/03_01_flag_count_v2.md,02e6dc26d00cc82109350ca7910e4962007b91fe82fde1c8b86ae49dc4428a76
/data/data/com.termux/files/home/.cargo/registry/src/index.crates.io-1949cf8c6b5b557f/clap-4.5.40/examples/tutorial_derive/03_02_option.md,/data/data/com.termux/files/home/pixelation/docs/markdown_archive/03_02_option_v2.md,aa79bb542ebc969828c93dd8fd3b4a1295b323a388ca6b7229ccd1c5193c00c8
/data/data/com.termux/files/home/.cargo/registry/src/index.crates.io-1949cf8c6b5b557f/clap-4.5.40/examples/tutorial_derive/03_02_option_mult.md,/data/data/com.termux/files/home/pixelation/docs/markdown_archive/03_02_option_mult_v2.md,4241088813da3acd0079dfbcb3dea896388642d7fc0c976a143824da031d17d9
/data/data/com.termux/files/home/.cargo/registry/src/index.crates.io-1949cf8c6b5b557f/clap-4.5.40/examples/tutorial_derive/03_03_positional.md,/data/data/com.termux/files/home/pixelation/docs/markdown_archive/03_03_positional_v2.md,5cc63d71c48ea4680487e481be8f2443da5c802f9800a2d83d245ce93ae4ae0f
/data/data/com.termux/files/home/.cargo/registry/src/index.crates.io-1949cf8c6b5b557f/clap-4.5.40/examples/tutorial_derive/03_03_positional_mult.md,/data/data/com.termux/files/home/pixelation/docs/markdown_archive/03_03_positional_mult_v2.md,00e3fc665835a4df1190a5ecb7c854b1259ab2324966d69ac40770cde8e2dd21
/data/data/com.termux/files/home/.cargo/registry/src/index.crates.io-1949cf8c6b5b557f/clap-4.5.40/examples/tutorial_derive/03_04_subcommands.md,/data/data/com.termux/files/home/pixelation/docs/markdown_archive/03_04_subcommands_v2.md,8f249681987f45ea41242b643d5e5aa9b70cda8d3c562d46508523734be56948
/data/data/com.termux/files/home/.cargo/registry/src/index.crates.io-1949cf8c6b5b557f/clap-4.5.40/examples/tutorial_derive/03_05_default_values.md,/data/data/com.termux/files/home/pixelation/docs/markdown_archive/03_05_default_values_v2.md,b09e17bf0322311801881f53d9b86e5179163d4b05263988a79fd7d2b5c1eb79
/data/data/com.termux/files/home/.cargo/registry/src/index.crates.io-1949cf8c6b5b557f/clap-4.5.40/examples/tutorial_derive/03_06_optional.md,/data/data/com.termux/files/home/pixelation/docs/markdown_archive/03_06_optional.md,4c1c3d13131e4de68df58efeeecb2f5e5424377756f7e5c335c143d326427642
/data/data/com.termux/files/home/.cargo/registry/src/index.crates.io-1949cf8c6b5b557f/clap-4.5.40/examples/tutorial_derive/04_01_enum.md,/data/data/com.termux/files/home/pixelation/docs/markdown_archive/04_01_enum_v2.md,fa1deb854c06f6ca921b53e9fd98eaf8ff0a641095a592552537ed74197ef801
/data/data/com.termux/files/home/.cargo/registry/src/index.crates.io-1949cf8c6b5b557f/clap-4.5.40/examples/tutorial_derive/04_02_parse.md,/data/data/com.termux/files/home/pixelation/docs/markdown_archive/04_02_parse_v2.md,a87492c5d6fb9817345f67389142282394c525fbeade3a2750b84d949cba1c7e
/data/data/com.termux/files/home/.cargo/registry/src/index.crates.io-1949cf8c6b5b557f/clap-4.5.40/examples/tutorial_derive/04_02_validate.md,/data/data/com.termux/files/home/pixelation/docs/markdown_archive/04_02_validate_v2.md,8f83fdf4ccb89550c0df20eef49358cb222ca1a7404c18e3eafed6413c0e1313
/data/data/com.termux/files/home/.cargo/registry/src/index.crates.io-1949cf8c6b5b557f/clap-4.5.40/examples/tutorial_derive/04_03_relations.md,/data/data/com.termux/files/home/pixelation/docs/markdown_archive/04_03_relations_v2.md,15172a1e5b056ee30b6ab1fbe848c71d8499b06aa74ce30219275989034c76ac
/data/data/com.termux/files/home/.cargo/registry/src/index.crates.io-1949cf8c6b5b557f/clap-4.5.40/examples/tutorial_derive/04_04_custom.md,/data/data/com.termux/files/home/pixelation/docs/markdown_archive/04_04_custom_v2.md,f96f4ced9cce7e04e5150c2906cac315bce04a5319cab080917dd976cb815bdc
/data/data/com.termux/files/home/.cargo/registry/src/index.crates.io-1949cf8c6b5b557f/clap-4.5.40/examples/typed-derive.md,/data/data/com.termux/files/home/pixelation/docs/markdown_archive/typed-derive.md,4d65d09a62d55c99aeef05a75e899b161f2f91e3be99fb8f4f614541a580409b
/data/data/com.termux/files/home/.cargo/registry/src/index.crates.io-1949cf8c6b5b557f/rand_core-0.6.4/CHANGELOG.md,/data/data/com.termux/files/home/pixelation/docs/markdown_archive/CHANGELOG_v80.md,a33a4318dd822ef757ec79c5e6027d50d9feee5c40f85d9aadf0f598eb7ef1b7
/data/data/com.termux/files/home/.cargo/registry/src/index.crates.io-1949cf8c6b5b557f/rand_core-0.6.4/README.md,/data/data/com.termux/files/home/pixelation/docs/markdown_archive/README_v306.md,bb3bd3831adc9eaabbcea108ab7f02f5837e9d2f81e872ffd7d340ad466df4de
/data/data/com.termux/files/home/.cargo/registry/src/index.crates.io-1949cf8c6b5b557f/option-ext-0.2.0/README.md,/data/data/com.termux/files/home/pixelation/docs/markdown_archive/README_v307.md,4778f769203e879f816c7b8538f427dd542755fe2efde9ee2193815b199c8648
/data/data/com.termux/files/home/.cargo/registry/src/index.crates.io-1949cf8c6b5b557f/windows-targets-0.48.5/readme.md,/data/data/com.termux/files/home/pixelation/docs/markdown_archive/readme_v10.md,5f91803108fe0a6bfe9471d9905d73cfd0e7f37434c1cc32b1e25eaf74732920
/data/data/com.termux/files/home/.cargo/registry/src/index.crates.io-1949cf8c6b5b557f/tinyvec_macros-0.1.1/LICENSE-APACHE.md,/data/data/com.termux/files/home/pixelation/docs/markdown_archive/LICENSE-APACHE.md,4f44572785f35152c1fd2eadf565b7e079c0f300b4324f0af653419f9d76b735
/data/data/com.termux/files/home/.cargo/registry/src/index.crates.io-1949cf8c6b5b557f/tinyvec_macros-0.1.1/LICENSE-MIT.md,/data/data/com.termux/files/home/pixelation/docs/markdown_archive/LICENSE-MIT.md,1dd8eca0f83669e75fa119e34fb9e1be9d16e3e9b6368962b8019db6e8ae5f7b
/data/data/com.termux/files/home/.cargo/registry/src/index.crates.io-1949cf8c6b5b557f/tinyvec_macros-0.1.1/LICENSE-ZLIB.md,/data/data/com.termux/files/home/pixelation/docs/markdown_archive/LICENSE-ZLIB.md,41ace205715d9f19a3214218cc1c01d57c533e02cd0fef7c8e51a49a7fce5ac5
/data/data/com.termux/files/home/.cargo/registry/src/index.crates.io-1949cf8c6b5b557f/js-sys-0.3.77/README.md,/data/data/com.termux/files/home/pixelation/docs/markdown_archive/README_v308.md,de73c6d7a9d9eac0674770fde362175700676be0dfaee0b22d4c75fdc28b068e
/data/data/com.termux/files/home/.cargo/registry/src/index.crates.io-1949cf8c6b5b557f/mockall_derive-0.13.1/README.md,/data/data/com.termux/files/home/pixelation/docs/markdown_archive/README_v309.md,1130d0b4978d91ce55225202a26706365ddfdbf19ee35bca09edd35db2259b57
/data/data/com.termux/files/home/.cargo/registry/src/index.crates.io-1949cf8c6b5b557f/num-traits-0.2.19/README.md,/data/data/com.termux/files/home/pixelation/docs/markdown_archive/README_v310.md,3fa9b7a124e7bc011758919f6d13fbdce58027852abc6c0851ddf6addfedabd5
/data/data/com.termux/files/home/.cargo/registry/src/index.crates.io-1949cf8c6b5b557f/num-traits-0.2.19/RELEASES.md,/data/data/com.termux/files/home/pixelation/docs/markdown_archive/RELEASES_v4.md,eb3298353c12e0cd48c79437199bd7f159c4250da06f8362afcf71004e98fde5
/data/data/com.termux/files/home/.cargo/registry/src/index.crates.io-1949cf8c6b5b557f/tower-layer-0.3.3/CHANGELOG.md,/data/data/com.termux/files/home/pixelation/docs/markdown_archive/CHANGELOG_v81.md,8e388c285cf1f52b986862cde65a188002d1d223ffa04ce28fb669fe935f61a9
/data/data/com.termux/files/home/.cargo/registry/src/index.crates.io-1949cf8c6b5b557f/tower-layer-0.3.3/README.md,/data/data/com.termux/files/home/pixelation/docs/markdown_archive/README_v311.md,224c67c67c5cbdbfd6f46a0ef4833a09798c4edb7faffaf3c549bec7f4780173
/data/data/com.termux/files/home/.cargo/registry/src/index.crates.io-1949cf8c6b5b557f/humantime-serde-1.1.1/README.md,/data/data/com.termux/files/home/pixelation/docs/markdown_archive/README_v312.md,626965ef6f2b5054b045535098ccadbb083d6d8afaec880546d388ef058e0018
/data/data/com.termux/files/home/.cargo/registry/src/index.crates.io-1949cf8c6b5b557f/zstd-safe-7.2.4/Readme.md,/data/data/com.termux/files/home/pixelation/docs/markdown_archive/Readme_v4.md,db2e504468fe11556528df4949f492a2a91377ba6a71967732a3e460b7ae4941
/data/data/com.termux/files/home/.cargo/registry/src/index.crates.io-1949cf8c6b5b557f/tokio-macros-2.5.0/CHANGELOG.md,/data/data/com.termux/files/home/pixelation/docs/markdown_archive/CHANGELOG_v82.md,556610ed3cd61018dae1a3062267246682e0dd605212e075be8109945e234f28
/data/data/com.termux/files/home/.cargo/registry/src/index.crates.io-1949cf8c6b5b557f/tokio-macros-2.5.0/README.md,/data/data/com.termux/files/home/pixelation/docs/markdown_archive/README_v313.md,6094ea500349ce239a12b07d7dfd4ea965a7f14c993da2abc4b3c39a0479683a
/data/data/com.termux/files/home/.cargo/registry/src/index.crates.io-1949cf8c6b5b557f/memchr-2.7.5/README.md,/data/data/com.termux/files/home/pixelation/docs/markdown_archive/README_v314.md,92a74aaffe011bdaa06fbc34a01686a6eba58ca1322e976759417a547fddf734
/data/data/com.termux/files/home/.cargo/registry/src/index.crates.io-1949cf8c6b5b557f/heck-0.5.0/CHANGELOG.md,/data/data/com.termux/files/home/pixelation/docs/markdown_archive/CHANGELOG_v83.md,972078362c7c30856e5ef46aa52c1c0ec3de40f417544566e225204b4cd4982a
/data/data/com.termux/files/home/.cargo/registry/src/index.crates.io-1949cf8c6b5b557f/heck-0.5.0/README.md,/data/data/com.termux/files/home/pixelation/docs/markdown_archive/README_v315.md,c3c627aa49e64826aaf4914e5a3bd0aa2d1b304464c3e99cb6507190d3620a85
/data/data/com.termux/files/home/.cargo/registry/src/index.crates.io-1949cf8c6b5b557f/parking_lot-0.11.2/CHANGELOG.md,/data/data/com.termux/files/home/pixelation/docs/markdown_archive/CHANGELOG_v84.md,3ea666453fd8eae4b1b8d81f675f45e627115201a368890f0828cf895c58790f
/data/data/com.termux/files/home/.cargo/registry/src/index.crates.io-1949cf8c6b5b557f/parking_lot-0.11.2/README.md,/data/data/com.termux/files/home/pixelation/docs/markdown_archive/README_v316.md,93e21ceae3fe1b6cf9f6c2ebcbf09211a08b446f849048900d8d7efe52751614
/data/data/com.termux/files/home/.cargo/registry/src/index.crates.io-1949cf8c6b5b557f/tower-service-0.3.3/CHANGELOG.md,/data/data/com.termux/files/home/pixelation/docs/markdown_archive/CHANGELOG_v85.md,5a068d8fccbc19c60c88392e6de284b9cbb9c2d2596a476ca5ff9300381cd85c
/data/data/com.termux/files/home/.cargo/registry/src/index.crates.io-1949cf8c6b5b557f/tower-service-0.3.3/README.md,/data/data/com.termux/files/home/pixelation/docs/markdown_archive/README_v317.md,da9cb4815bf06e0991df6bf4e9f46272e26115dcc4e2c8f9ffc05e11d486179e
/data/data/com.termux/files/home/.cargo/registry/src/index.crates.io-1949cf8c6b5b557f/bumpalo-3.18.1/CHANGELOG.md,/data/data/com.termux/files/home/pixelation/docs/markdown_archive/CHANGELOG_v86.md,cd283d0e2fd8b3e673bcaecab2886a31ab03224e8a4eb709b1506d67581c57e7
/data/data/com.termux/files/home/.cargo/registry/src/index.crates.io-1949cf8c6b5b557f/bumpalo-3.18.1/README.md,/data/data/com.termux/files/home/pixelation/docs/markdown_archive/README_v318.md,050b1853333be74aa06088e47f5d53bc18840319d4dd256760d3d860e5e52879
/data/data/com.termux/files/home/.cargo/registry/src/index.crates.io-1949cf8c6b5b557f/try-lock-0.2.5/README.md,/data/data/com.termux/files/home/pixelation/docs/markdown_archive/README_v319.md,976bf116dd8794213bd242a61f819811a5c5a0fd4372acdbd21308863c05cfb6
/data/data/com.termux/files/home/.cargo/registry/src/index.crates.io-1949cf8c6b5b557f/relative-path-1.9.3/README.md,/data/data/com.termux/files/home/pixelation/docs/markdown_archive/README_v320.md,0fdd5c56dfb35a1c3d9e0bdc8bf53fc235c19b12a011f4d72d5eb737956c1dc8
/data/data/com.termux/files/home/.cargo/registry/src/index.crates.io-1949cf8c6b5b557f/pem-3.0.5/CHANGELOG.md,/data/data/com.termux/files/home/pixelation/docs/markdown_archive/CHANGELOG_v87.md,ac75dd145746e1c99f9a0f5921cafafd8d3291b62ff8c9a0a7288f9773ae92d9
/data/data/com.termux/files/home/.cargo/registry/src/index.crates.io-1949cf8c6b5b557f/pem-3.0.5/LICENSE.md,/data/data/com.termux/files/home/pixelation/docs/markdown_archive/LICENSE_v5.md,b7c76ff4466a3aeb6a7d903e81b651335e97d64ecb857e2ee9812a36c6fd1acf
/data/data/com.termux/files/home/.cargo/registry/src/index.crates.io-1949cf8c6b5b557f/pem-3.0.5/README.md,/data/data/com.termux/files/home/pixelation/docs/markdown_archive/README_v321.md,0f96e3ccaadcaa6b59c2947e7148e12c762865db05802ba2d2f5e7edf3a7fc30
/data/data/com.termux/files/home/.cargo/registry/src/index.crates.io-1949cf8c6b5b557f/mio-1.0.4/CHANGELOG.md,/data/data/com.termux/files/home/pixelation/docs/markdown_archive/CHANGELOG_v88.md,fb149c177f9fc19cc66f4ceff2ed2671f53684ffddc25ef0e0dbf9ecca407079
/data/data/com.termux/files/home/.cargo/registry/src/index.crates.io-1949cf8c6b5b557f/mio-1.0.4/README.md,/data/data/com.termux/files/home/pixelation/docs/markdown_archive/README_v322.md,ebf69301a77c26d354fc09e182086b4cf15199baf97d746e09d74e59c1bfe62e
/data/data/com.termux/files/home/.cargo/registry/src/index.crates.io-1949cf8c6b5b557f/pep440_rs-0.7.3/Changelog.md,/data/data/com.termux/files/home/pixelation/docs/markdown_archive/Changelog_v2.md,ce39e23678e720cf1d8a83ca75e930d88e7c5a93f1b4f56e7f6d8affa6f86efc
/data/data/com.termux/files/home/.cargo/registry/src/index.crates.io-1949cf8c6b5b557f/pep440_rs-0.7.3/Readme.md,/data/data/com.termux/files/home/pixelation/docs/markdown_archive/Readme_v5.md,47a4a1f27101186391b2d95072acc4f61214660935d122d45ee69a768798231e
/data/data/com.termux/files/home/.cargo/registry/src/index.crates.io-1949cf8c6b5b557f/lddtree-0.3.7/README.md,/data/data/com.termux/files/home/pixelation/docs/markdown_archive/README_v323.md,3be08ff724af1ef45a25098bb703d622bb095e5d8028a70f44b68217bab00492
/data/data/com.termux/files/home/.cargo/registry/src/index.crates.io-1949cf8c6b5b557f/overload-0.1.1/README.md,/data/data/com.termux/files/home/pixelation/docs/markdown_archive/README_v324.md,163212683c01ec376c6fc1d4b6acb10cc1cb4af622e9ddbd869a48c7ac9c6169
/data/data/com.termux/files/home/.cargo/registry/src/index.crates.io-1949cf8c6b5b557f/tracing-0.1.41/CHANGELOG.md,/data/data/com.termux/files/home/pixelation/docs/markdown_archive/CHANGELOG_v89.md,e41336be068976091df56bff671d38042286b776bbeb087f4bf6f4e85631cb81
/data/data/com.termux/files/home/.cargo/registry/src/index.crates.io-1949cf8c6b5b557f/tracing-0.1.41/README.md,/data/data/com.termux/files/home/pixelation/docs/markdown_archive/README_v325.md,0293821b9246c4b1a74211b74f2ce9655951931b8411eb365dced29a4ef46af5
/data/data/com.termux/files/home/.cargo/registry/src/index.crates.io-1949cf8c6b5b557f/num-bigint-0.4.6/README.md,/data/data/com.termux/files/home/pixelation/docs/markdown_archive/README_v326.md,abf3dae8d5ccf7693234cb0101a205f844959366bc906a1a5b53973a73a3054c
/data/data/com.termux/files/home/.cargo/registry/src/index.crates.io-1949cf8c6b5b557f/num-bigint-0.4.6/RELEASES.md,/data/data/com.termux/files/home/pixelation/docs/markdown_archive/RELEASES_v5.md,80b60df30e92e913d710e558f1a2de0baa8a3e49b242c66bc1a1a18de5ff4618
/data/data/com.termux/files/home/.cargo/registry/src/index.crates.io-1949cf8c6b5b557f/hyper-util-0.1.14/CHANGELOG.md,/data/data/com.termux/files/home/pixelation/docs/markdown_archive/CHANGELOG_v90.md,3d94063e7ba72aab4cba9db55938042b5d3e88d37d9bf00157096c914399b5c1
/data/data/com.termux/files/home/.cargo/registry/src/index.crates.io-1949cf8c6b5b557f/hyper-util-0.1.14/README.md,/data/data/com.termux/files/home/pixelation/docs/markdown_archive/README_v327.md,b47cc5fcb41e5d802bd175f0014f5636eefb897419720ab125b446e0b7f6f666
/data/data/com.termux/files/home/.cargo/registry/src/index.crates.io-1949cf8c6b5b557f/cc-1.2.26/CHANGELOG.md,/data/data/com.termux/files/home/pixelation/docs/markdown_archive/CHANGELOG_v91.md,8d46a5d210df61219ee77868a1b4039f1fb2c1ecbf9f5ddc720edfd2748db1e4
/data/data/com.termux/files/home/.cargo/registry/src/index.crates.io-1949cf8c6b5b557f/cc-1.2.26/README.md,/data/data/com.termux/files/home/pixelation/docs/markdown_archive/README_v235.md,f1ddbede208a5b78333a25dac0a7598e678e9b601a7d99a791069bddaf180dfe
/data/data/com.termux/files/home/.cargo/registry/src/index.crates.io-1949cf8c6b5b557f/rustc-demangle-0.1.25/README.md,/data/data/com.termux/files/home/pixelation/docs/markdown_archive/README_v328.md,80516de273102806427d87f02043b657ba0b327a7c651b0c33a94c0cd395f3de
/data/data/com.termux/files/home/.cargo/registry/src/index.crates.io-1949cf8c6b5b557f/zerovec-0.11.2/README.md,/data/data/com.termux/files/home/pixelation/docs/markdown_archive/README_v329.md,1fd135cefcbcb8cc2d046496ab41c0e266c17f0830ca1399b853c0b495ece9c0
/data/data/com.termux/files/home/.cargo/registry/src/index.crates.io-1949cf8c6b5b557f/quote-1.0.40/README.md,/data/data/com.termux/files/home/pixelation/docs/markdown_archive/README_v330.md,edb299daa2373254c96147303289002b9f424944176a26e5520ee82869caedc6
/data/data/com.termux/files/home/.cargo/registry/src/index.crates.io-1949cf8c6b5b557f/shellexpand-3.1.1/README.md,/data/data/com.termux/files/home/pixelation/docs/markdown_archive/README_v331.md,bd368ae3fb44db9bb334e1019582d9bd9fccf15ba8061d4ee121e764561917a3
/data/data/com.termux/files/home/.cargo/registry/src/index.crates.io-1949cf8c6b5b557f/hyper-1.6.0/README.md,/data/data/com.termux/files/home/pixelation/docs/markdown_archive/README_v332.md,9f8d9269b8bfb0cfb17d119c65cebcc33f67310bcec7fbf06b8527def78c1502
/data/data/com.termux/files/home/.cargo/registry/src/index.crates.io-1949cf8c6b5b557f/clap_builder-4.5.40/README.md,/data/data/com.termux/files/home/pixelation/docs/markdown_archive/README_v333.md,cf3514ce96d37676532c1d4c1b419e56f1de6c5386f39b879389b15ca6cfe9d4
/data/data/com.termux/files/home/.cargo/registry/src/index.crates.io-1949cf8c6b5b557f/rand_core-0.9.3/CHANGELOG.md,/data/data/com.termux/files/home/pixelation/docs/markdown_archive/CHANGELOG_v92.md,01ed6dbeab8975c68fd08e14f3579a964ad7579efa60998e70848cc3b6862647
/data/data/com.termux/files/home/.cargo/registry/src/index.crates.io-1949cf8c6b5b557f/rand_core-0.9.3/README.md,/data/data/com.termux/files/home/pixelation/docs/markdown_archive/README_v334.md,dfb6edf96c969676326324b06c63db3732995675192268e2f8390cc7f579ce9e
/data/data/com.termux/files/home/.cargo/registry/src/index.crates.io-1949cf8c6b5b557f/winsafe-0.0.19/LICENSE.md,/data/data/com.termux/files/home/pixelation/docs/markdown_archive/LICENSE_v6.md,3ee62f0338e87ec3b8c1730c9d2d1ccbb169b8b869924511681833599cfb8a3d
/data/data/com.termux/files/home/.cargo/registry/src/index.crates.io-1949cf8c6b5b557f/winsafe-0.0.19/README.md,/data/data/com.termux/files/home/pixelation/docs/markdown_archive/README_v335.md,9752d3df73920c2fd465a528239cfd060f4a1629f8cd1251078b34cfb64276e6
/data/data/com.termux/files/home/.cargo/registry/src/index.crates.io-1949cf8c6b5b557f/winsafe-0.0.19/src/lib.md,/data/data/com.termux/files/home/pixelation/docs/markdown_archive/lib.md,0ed3ae7e228f75b2473a1c1dd0c50fc8457fda1ae898572c8aa83cce10594d6d
/data/data/com.termux/files/home/.cargo/registry/src/index.crates.io-1949cf8c6b5b557f/winsafe-0.0.19/src/msg.md,/data/data/com.termux/files/home/pixelation/docs/markdown_archive/msg.md,9063b26fd09baaa6f45493caf413b9d4fc0a6586c36fc258a5901fb0e4f1d3f6
/data/data/com.termux/files/home/.cargo/registry/src/index.crates.io-1949cf8c6b5b557f/redox_syscall-0.2.16/README.md,/data/data/com.termux/files/home/pixelation/docs/markdown_archive/README_v166.md,9161f18ba7f69b4ca51e844aee8ffb8237513a468c5c3b1f3a5f989044f895ac
/data/data/com.termux/files/home/.cargo/registry/src/index.crates.io-1949cf8c6b5b557f/webpki-roots-1.0.0/README.md,/data/data/com.termux/files/home/pixelation/docs/markdown_archive/README_v336.md,3f785bbd28b6628dadc4203a9368b729453aaa65df454e54a0c2f8a7a42395f5
/data/data/com.termux/files/home/.cargo/registry/src/index.crates.io-1949cf8c6b5b557f/gimli-0.31.1/CHANGELOG.md,/data/data/com.termux/files/home/pixelation/docs/markdown_archive/CHANGELOG_v93.md,b62a5be34cfc438d03e68bacb75d02ce18465e6db344544559c98dadb65647b3
/data/data/com.termux/files/home/.cargo/registry/src/index.crates.io-1949cf8c6b5b557f/gimli-0.31.1/README.md,/data/data/com.termux/files/home/pixelation/docs/markdown_archive/README_v337.md,ea11b770801edf3fb11ed727a164dc96142da211a85fdfdaca20fb5fb6251192
/data/data/com.termux/files/home/.cargo/registry/src/index.crates.io-1949cf8c6b5b557f/simple_asn1-0.6.3/README.md,/data/data/com.termux/files/home/pixelation/docs/markdown_archive/README_v338.md,0b3d0058ba651db0ce90962fe8b4425e3a0eb97f99fe66236787182ca0c150ce
/data/data/com.termux/files/home/.cargo/registry/src/index.crates.io-1949cf8c6b5b557f/rustversion-1.0.21/README.md,/data/data/com.termux/files/home/pixelation/docs/markdown_archive/README_v339.md,913d04d158843566991845cc9d76e24610bf31f5a99e55115023ccc0b16ff1e7
/data/data/com.termux/files/home/.cargo/registry/src/index.crates.io-1949cf8c6b5b557f/thiserror-2.0.12/README.md,/data/data/com.termux/files/home/pixelation/docs/markdown_archive/README_v340.md,1b665c5bcd24e6a8f052427ac09de48d74c04b7255e597e3d43ac7ca0a3a1e2f
/data/data/com.termux/files/home/.cargo/registry/src/index.crates.io-1949cf8c6b5b557f/sync_wrapper-1.0.2/README.md,/data/data/com.termux/files/home/pixelation/docs/markdown_archive/README_v341.md,61e995daa67a37597f76b78ca3c61916a42a66034f01e9473ee7b7753029ca3a
/data/data/com.termux/files/home/.cargo/registry/src/index.crates.io-1949cf8c6b5b557f/tracing-appender-0.2.3/CHANGELOG.md,/data/data/com.termux/files/home/pixelation/docs/markdown_archive/CHANGELOG_v94.md,dc8499eff5f9b52a80c94887191ba8b13c8e76a077df44bda058d817e962629f
/data/data/com.termux/files/home/.cargo/registry/src/index.crates.io-1949cf8c6b5b557f/tracing-appender-0.2.3/README.md,/data/data/com.termux/files/home/pixelation/docs/markdown_archive/README_v342.md,9ff2819ffcd48c2f37a8dc98633ccb688d133dc669c9a49b4d130809e829bf7b
/data/data/com.termux/files/home/.cargo/registry/src/index.crates.io-1949cf8c6b5b557f/unscanny-0.1.0/README.md,/data/data/com.termux/files/home/pixelation/docs/markdown_archive/README_v343.md,16b859fdb8ee21f1e9a36f90a2de2398dcd3ef144555523c410773ed75ed9c27
/data/data/com.termux/files/home/.cargo/registry/src/index.crates.io-1949cf8c6b5b557f/reqwest-middleware-0.4.2/CHANGELOG.md,/data/data/com.termux/files/home/pixelation/docs/markdown_archive/CHANGELOG_v95.md,c206fe520e1303238f5457fb4a9110a69448fc1ea576529ab9291f4f97365b62
/data/data/com.termux/files/home/.cargo/registry/src/index.crates.io-1949cf8c6b5b557f/reqwest-middleware-0.4.2/README.md,/data/data/com.termux/files/home/pixelation/docs/markdown_archive/README_v344.md,6436141c2c39022806b10bd6eba627159873cecca61ed8364c086a831c7a6f5a
/data/data/com.termux/files/home/.cargo/registry/src/index.crates.io-1949cf8c6b5b557f/schannel-0.1.27/LICENSE.md,/data/data/com.termux/files/home/pixelation/docs/markdown_archive/LICENSE_v7.md,aa72991ac35b4de0034da0afe943e62b48c4092fc2ba13ae47806d8e9a4ad551
/data/data/com.termux/files/home/.cargo/registry/src/index.crates.io-1949cf8c6b5b557f/schannel-0.1.27/README.md,/data/data/com.termux/files/home/pixelation/docs/markdown_archive/README_v345.md,1356487328648f2e2ee621872cc0adb930d1f6929e587ceb1877ef3eb989fd44
/data/data/com.termux/files/home/.cargo/registry/src/index.crates.io-1949cf8c6b5b557f/web-sys-0.3.77/README.md,/data/data/com.termux/files/home/pixelation/docs/markdown_archive/README_v346.md,d116579f5b1551e32411541ba74022e643c7b8b22f3ef22a9e1989cecff3bf36
/data/data/com.termux/files/home/.cargo/registry/src/index.crates.io-1949cf8c6b5b557f/tracing-attributes-0.1.29/CHANGELOG.md,/data/data/com.termux/files/home/pixelation/docs/markdown_archive/CHANGELOG_v96.md,07cae1e6b4c3412504eb9155d217e28c0173e095c78837b6d517dcc905960516
/data/data/com.termux/files/home/.cargo/registry/src/index.crates.io-1949cf8c6b5b557f/tracing-attributes-0.1.29/README.md,/data/data/com.termux/files/home/pixelation/docs/markdown_archive/README_v347.md,01fbdf54869a1520a6e1d76a07be04b97dfeced52c66173106d5e8d9a6dd5b50
/data/data/com.termux/files/home/.cargo/registry/src/index.crates.io-1949cf8c6b5b557f/socket2-0.6.0/README.md,/data/data/com.termux/files/home/pixelation/docs/markdown_archive/README_v348.md,444031b783070ac056bd95abc4b2f4a72fd98ab11270268d8ba4c4ca53dade68
/data/data/com.termux/files/home/.cargo/registry/src/index.crates.io-1949cf8c6b5b557f/libc-0.2.172/CHANGELOG.md,/data/data/com.termux/files/home/pixelation/docs/markdown_archive/CHANGELOG_v97.md,346dd2531ef95edd4f55cdbd1bae011599905025ccb8c499ab2f0906a7e1e9f4
/data/data/com.termux/files/home/.cargo/registry/src/index.crates.io-1949cf8c6b5b557f/libc-0.2.172/CONTRIBUTING.md,/data/data/com.termux/files/home/pixelation/docs/markdown_archive/CONTRIBUTING_v17.md,155e7f4e96fafe9ee5c8adb5068be27a22de89a95ca9bfc7baf517b9850d20d6
/data/data/com.termux/files/home/.cargo/registry/src/index.crates.io-1949cf8c6b5b557f/libc-0.2.172/README.md,/data/data/com.termux/files/home/pixelation/docs/markdown_archive/README_v349.md,a198be444453fe0b24d4fb6a8b732eb9e6dc77ebcfd119fca95b97b45c77c77a
/data/data/com.termux/files/home/.cargo/registry/src/index.crates.io-1949cf8c6b5b557f/signal-hook-0.3.18/CHANGELOG.md,/data/data/com.termux/files/home/pixelation/docs/markdown_archive/CHANGELOG_v98.md,634b8bb70c6aa9282b4101b7d5063ccc45cc61a8d4d6a26dd7bf0662db4f571a
/data/data/com.termux/files/home/.cargo/registry/src/index.crates.io-1949cf8c6b5b557f/signal-hook-0.3.18/README.md,/data/data/com.termux/files/home/pixelation/docs/markdown_archive/README_v350.md,be97b822f26b642165c4fac3ed6a515f2c522f30c12a2011aa3b5cab1eb988d0
/data/data/com.termux/files/home/.cargo/registry/src/index.crates.io-1949cf8c6b5b557f/rfc2047-decoder-1.0.6/CHANGELOG.md,/data/data/com.termux/files/home/pixelation/docs/markdown_archive/CHANGELOG_v99.md,916d94446e8e869928508584e9584983fe9b6b032ea7a770d59dabcc5bfb3bdd
/data/data/com.termux/files/home/.cargo/registry/src/index.crates.io-1949cf8c6b5b557f/rfc2047-decoder-1.0.6/README.md,/data/data/com.termux/files/home/pixelation/docs/markdown_archive/README_v351.md,1cd0af59060cbf24a30ab9a70a4cac1dec4bbc453c8add608be5ae2f144754bc
/data/data/com.termux/files/home/.cargo/registry/src/index.crates.io-1949cf8c6b5b557f/csv-1.3.1/ISSUE_TEMPLATE.md,/data/data/com.termux/files/home/pixelation/docs/markdown_archive/ISSUE_TEMPLATE.md,f5f67eefb88d9e468488bb2ff85f9a3f5b8d81493577e3dc1fc5b106f3f97f13
/data/data/com.termux/files/home/.cargo/registry/src/index.crates.io-1949cf8c6b5b557f/csv-1.3.1/README.md,/data/data/com.termux/files/home/pixelation/docs/markdown_archive/README_v352.md,d9b838c5fc5d0519bac4dc4d7d2ed433d1baa73812f6e4eba080f4395407a1aa
/data/data/com.termux/files/home/.cargo/registry/src/index.crates.io-1949cf8c6b5b557f/tinyvec-1.9.0/CHANGELOG.md,/data/data/com.termux/files/home/pixelation/docs/markdown_archive/CHANGELOG_v100.md,73712444deeadd5183a00d1bbf56b4fcd6396db0872020895f854631b6c6c309
/data/data/com.termux/files/home/.cargo/registry/src/index.crates.io-1949cf8c6b5b557f/tinyvec-1.9.0/LICENSE-APACHE.md,/data/data/com.termux/files/home/pixelation/docs/markdown_archive/LICENSE-APACHE_v2.md,3ddf9be5c28fe27dad143a5dc76eea25222ad1dd68934a047064e56ed2fa40c5
/data/data/com.termux/files/home/.cargo/registry/src/index.crates.io-1949cf8c6b5b557f/tinyvec-1.9.0/LICENSE-MIT.md,/data/data/com.termux/files/home/pixelation/docs/markdown_archive/LICENSE-MIT_v2.md,4736b5d379253afa45744afc79ddb475912b213e939bdf7cb97d9a8b6f700e5f
/data/data/com.termux/files/home/.cargo/registry/src/index.crates.io-1949cf8c6b5b557f/tinyvec-1.9.0/LICENSE-ZLIB.md,/data/data/com.termux/files/home/pixelation/docs/markdown_archive/LICENSE-ZLIB_v2.md,682b4c81b85e83ce6cc6e1ace38fdd97aeb4de0e972bd2b44aa0916c54af8c96
/data/data/com.termux/files/home/.cargo/registry/src/index.crates.io-1949cf8c6b5b557f/tinyvec-1.9.0/README.md,/data/data/com.termux/files/home/pixelation/docs/markdown_archive/README_v353.md,0d8e58e1e52ebafe3f9a4a580d1b1f795c06b79aedad1197387205ef1590a173
/data/data/com.termux/files/home/.cargo/registry/src/index.crates.io-1949cf8c6b5b557f/tinyvec-1.9.0/debug_metadata/README.md,/data/data/com.termux/files/home/pixelation/docs/markdown_archive/README_v354.md,ad8c829e14e40bf784808e7885009b1c016e94f0d578955df86efd245ce90d5e
/data/data/com.termux/files/home/.cargo/registry/src/index.crates.io-1949cf8c6b5b557f/msi-0.8.0/README.md,/data/data/com.termux/files/home/pixelation/docs/markdown_archive/README_v355.md,0d5cb32a6d500144aa5cc7dc5de50b740e766abf1d5ce4a224fcce955247b413
/data/data/com.termux/files/home/.cargo/registry/src/index.crates.io-1949cf8c6b5b557f/serde-1.0.219/README.md,/data/data/com.termux/files/home/pixelation/docs/markdown_archive/README_v200.md,56dd9b1d02be861a2c2a88c06005adc61f8b1d4330cd6db304ee330bcfdc4310
/data/data/com.termux/files/home/.cargo/registry/src/index.crates.io-1949cf8c6b5b557f/serde-1.0.219/crates-io.md,/data/data/com.termux/files/home/pixelation/docs/markdown_archive/crates-io.md,407d92b2932923f8708aaf31db266fd7db32e2b0afa6c569d134b680b74a1920
/data/data/com.termux/files/home/.cargo/registry/src/index.crates.io-1949cf8c6b5b557f/linux-raw-sys-0.9.4/CODE_OF_CONDUCT.md,/data/data/com.termux/files/home/pixelation/docs/markdown_archive/CODE_OF_CONDUCT_v10.md,ccd9e538ce44713a2486cc8e4c01b8c8b846d1ccff15de728d8d6fa9a7f846cd
/data/data/com.termux/files/home/.cargo/registry/src/index.crates.io-1949cf8c6b5b557f/linux-raw-sys-0.9.4/ORG_CODE_OF_CONDUCT.md,/data/data/com.termux/files/home/pixelation/docs/markdown_archive/ORG_CODE_OF_CONDUCT.md,a62b69bf86e605ee1bcbb2f0a12ba79e4cebb6983a7b6491949750aecc4f2178
/data/data/com.termux/files/home/.cargo/registry/src/index.crates.io-1949cf8c6b5b557f/linux-raw-sys-0.9.4/README.md,/data/data/com.termux/files/home/pixelation/docs/markdown_archive/README_v356.md,3d4ae2ec9429adfd329b4506f7ca6faa84dca30d1c3b416f8f4e6f57bdb3aa96
/data/data/com.termux/files/home/.cargo/registry/src/index.crates.io-1949cf8c6b5b557f/uuid-1.17.0/README.md,/data/data/com.termux/files/home/pixelation/docs/markdown_archive/README_v357.md,6b089fe78ca5eb0900d5f08e7384fc375fab11147a4fecbff1644542714ce233
/data/data/com.termux/files/home/.cargo/registry/src/index.crates.io-1949cf8c6b5b557f/typenum-1.18.0/CHANGELOG.md,/data/data/com.termux/files/home/pixelation/docs/markdown_archive/CHANGELOG_v101.md,c27add8cf18bfac90968fe0896a3300de6d1c970cbe144b862844f2a2c0922b8
/data/data/com.termux/files/home/.cargo/registry/src/index.crates.io-1949cf8c6b5b557f/typenum-1.18.0/README.md,/data/data/com.termux/files/home/pixelation/docs/markdown_archive/README_v358.md,5108073f635aa3508ec8769ca0d9a65a62a7ce7aa491f130b2a8684c2779ace0
/data/data/com.termux/files/home/.cargo/registry/src/index.crates.io-1949cf8c6b5b557f/rustls-webpki-0.103.3/README.md,/data/data/com.termux/files/home/pixelation/docs/markdown_archive/README_v359.md,084c37ee4b35887c813373cb98f3712e20d42e238cd16b59bd90dd8ae870dbf2
/data/data/com.termux/files/home/.cargo/registry/src/index.crates.io-1949cf8c6b5b557f/rustls-webpki-0.103.3/third-party/bettertls/README.md,/data/data/com.termux/files/home/pixelation/docs/markdown_archive/README_v360.md,78d1d3c68aebdaaf23c962fb67fce89c8e20fa0014f698d7a3eaa96b0df4660b
/data/data/com.termux/files/home/.cargo/registry/src/index.crates.io-1949cf8c6b5b557f/yansi-1.0.1/README.md,/data/data/com.termux/files/home/pixelation/docs/markdown_archive/README_v361.md,9dc47127789cc349f5b13ae70b064449e4a17f4ee3020e6e11194f67692e9f2a
/data/data/com.termux/files/home/.cargo/registry/src/index.crates.io-1949cf8c6b5b557f/quinn-0.11.8/README.md,/data/data/com.termux/files/home/pixelation/docs/markdown_archive/README_v362.md,4327973cdb1c93f6badd35174cedee8c0301bb0cee2cdabf130d8811f6b152df
/data/data/com.termux/files/home/.cargo/registry/src/index.crates.io-1949cf8c6b5b557f/quinn-0.11.8/examples/README.md,/data/data/com.termux/files/home/pixelation/docs/markdown_archive/README_v363.md,8e83b342ead7bc7a1c2d6ca5712e098ed851c14314d37f13f3467b75ffd111cf
/data/data/com.termux/files/home/.cargo/registry/src/index.crates.io-1949cf8c6b5b557f/rand-0.9.2/CHANGELOG.md,/data/data/com.termux/files/home/pixelation/docs/markdown_archive/CHANGELOG_v102.md,3a56b7876eff2d0dd9d0975844b251236af71e385f413ac06c241e6996038cd7
/data/data/com.termux/files/home/.cargo/registry/src/index.crates.io-1949cf8c6b5b557f/rand-0.9.2/README.md,/data/data/com.termux/files/home/pixelation/docs/markdown_archive/README_v364.md,b7f58a24b8d2107a2ed4ce2e392ecf20c62430bf75331c077b900a2e51451ae5
/data/data/com.termux/files/home/.cargo/registry/src/index.crates.io-1949cf8c6b5b557f/tokio-util-0.7.15/CHANGELOG.md,/data/data/com.termux/files/home/pixelation/docs/markdown_archive/CHANGELOG_v103.md,5ccf6260d05f50dfa4edfd9edcfc883a7a7abdf515ef530340333a5d13ede3ce
/data/data/com.termux/files/home/.cargo/registry/src/index.crates.io-1949cf8c6b5b557f/tokio-util-0.7.15/README.md,/data/data/com.termux/files/home/pixelation/docs/markdown_archive/README_v365.md,91c8da557ba5fbfb5a9b6e58d5efd5fd1700dd836509cf017628155c249e192c
/data/data/com.termux/files/home/.cargo/registry/src/index.crates.io-1949cf8c6b5b557f/reqwest-0.12.22/CHANGELOG.md,/data/data/com.termux/files/home/pixelation/docs/markdown_archive/CHANGELOG_v104.md,7b08b8f05e5113865dca3ddf6cf8e434ac68faf14ba4227290570a8b6b0c07ea
/data/data/com.termux/files/home/.cargo/registry/src/index.crates.io-1949cf8c6b5b557f/reqwest-0.12.22/README.md,/data/data/com.termux/files/home/pixelation/docs/markdown_archive/README_v366.md,5955117fef98cf4a562f36e33eed10dcf5f4c437a383915a056c00d988428e55
/data/data/com.termux/files/home/.cargo/registry/src/index.crates.io-1949cf8c6b5b557f/windows-sys-0.52.0/readme.md,/data/data/com.termux/files/home/pixelation/docs/markdown_archive/readme_v11.md,3bcfa95b17c7748ff6139e7482ebad2d24645ac3606e4b4f88318c72122d1386
/data/data/com.termux/files/home/.cargo/registry/src/index.crates.io-1949cf8c6b5b557f/windows-sys-0.48.0/readme.md,/data/data/com.termux/files/home/pixelation/docs/markdown_archive/readme_v12.md,5588bce6b11ccb70a77f5f6d3f7897f536bc4bf8c6a867a75762dbdeba4e1050
/data/data/com.termux/files/home/.cargo/registry/src/index.crates.io-1949cf8c6b5b557f/serde_json-1.0.140/CONTRIBUTING.md,/data/data/com.termux/files/home/pixelation/docs/markdown_archive/CONTRIBUTING_v18.md,f5270cafba66223a7b51ffc0d286075a17bb7cd88762fc80d333d3102629f4d8
/data/data/com.termux/files/home/.cargo/registry/src/index.crates.io-1949cf8c6b5b557f/serde_json-1.0.140/README.md,/data/data/com.termux/files/home/pixelation/docs/markdown_archive/README_v367.md,f223b99630bae262eb2b88bb95d0f496db8f1ff4e94e43dbfc8d95d3a6c98d8f
/data/data/com.termux/files/home/.cargo/registry/src/index.crates.io-1949cf8c6b5b557f/regex-syntax-0.6.29/README.md,/data/data/com.termux/files/home/pixelation/docs/markdown_archive/README_v368.md,67a3e673a9da6826fd4db5be6902841c821b52b98dc22c300f6e327872392b0a
/data/data/com.termux/files/home/.cargo/registry/src/index.crates.io-1949cf8c6b5b557f/is_terminal_polyfill-1.70.1/README.md,/data/data/com.termux/files/home/pixelation/docs/markdown_archive/README_v369.md,edcbd294340511763ef2f1d7b96434e822afa48fcb6dd712aaf9498afe06ea3f
/data/data/com.termux/files/home/.cargo/registry/src/index.crates.io-1949cf8c6b5b557f/syn-2.0.102/README.md,/data/data/com.termux/files/home/pixelation/docs/markdown_archive/README_v370.md,ae6deb98ea51df4829c0327139a555cc115c6bcf6fb459db0ef0d6a96c4566ec
/data/data/com.termux/files/home/.cargo/registry/src/index.crates.io-1949cf8c6b5b557f/regex-syntax-0.8.5/README.md,/data/data/com.termux/files/home/pixelation/docs/markdown_archive/README_v371.md,b2484aa7e66fb92d1378e9a7ce7605af18f77cb12c179866eaf92ba28cfec1d9
/data/data/com.termux/files/home/.cargo/registry/src/index.crates.io-1949cf8c6b5b557f/rustix-1.0.7/CHANGES.md,/data/data/com.termux/files/home/pixelation/docs/markdown_archive/CHANGES.md,b55da933d14dfc512fd660b4301729cbbddb0b106fd75a01974011e7e75f5b38
/data/data/com.termux/files/home/.cargo/registry/src/index.crates.io-1949cf8c6b5b557f/rustix-1.0.7/CODE_OF_CONDUCT.md,/data/data/com.termux/files/home/pixelation/docs/markdown_archive/CODE_OF_CONDUCT_v11.md,f210602311e3f74b32f46237fd55f4ce36d798e85e3db1432ec667f63a7ffc44
/data/data/com.termux/files/home/.cargo/registry/src/index.crates.io-1949cf8c6b5b557f/rustix-1.0.7/CONTRIBUTING.md,/data/data/com.termux/files/home/pixelation/docs/markdown_archive/CONTRIBUTING_v19.md,63d06b36bf3e44bd905be68990004e4d6098870885c7d1019c56f847327e5a31
/data/data/com.termux/files/home/.cargo/registry/src/index.crates.io-1949cf8c6b5b557f/rustix-1.0.7/ORG_CODE_OF_CONDUCT.md,/data/data/com.termux/files/home/pixelation/docs/markdown_archive/ORG_CODE_OF_CONDUCT.md,a62b69bf86e605ee1bcbb2f0a12ba79e4cebb6983a7b6491949750aecc4f2178
/data/data/com.termux/files/home/.cargo/registry/src/index.crates.io-1949cf8c6b5b557f/rustix-1.0.7/README.md,/data/data/com.termux/files/home/pixelation/docs/markdown_archive/README_v372.md,3658622bf9b064542052849cff5ebc8af6cff44862d1c356c53c36016344bca7
/data/data/com.termux/files/home/.cargo/registry/src/index.crates.io-1949cf8c6b5b557f/rustix-1.0.7/SECURITY.md,/data/data/com.termux/files/home/pixelation/docs/markdown_archive/SECURITY_v3.md,4d75afb09dd28eb5982e3a1f768ee398d90204669ceef3240a16b31dcf04148a
/data/data/com.termux/files/home/.cargo/registry/src/index.crates.io-1949cf8c6b5b557f/regex-automata-0.4.9/README.md,/data/data/com.termux/files/home/pixelation/docs/markdown_archive/README_v274.md,61db25dbf26092fc80e8db89165692e55f9fb86b14e8451ebb28303f45932254
/data/data/com.termux/files/home/.cargo/registry/src/index.crates.io-1949cf8c6b5b557f/regex-automata-0.4.9/tests/gen/README.md,/data/data/com.termux/files/home/pixelation/docs/markdown_archive/README_v275.md,c3bfdf2f9ced501dd5bd75d01509a34e503efb2dff2f5f7b260580dde5519ed4
/data/data/com.termux/files/home/.cargo/registry/src/index.crates.io-1949cf8c6b5b557f/codspeed-bencher-compat-2.10.1/README.md,/data/data/com.termux/files/home/pixelation/docs/markdown_archive/README_v373.md,1a4b1515a74551c25d452f06c665767fb182c65e9e07f87b91d76fd8bc750cea
/data/data/com.termux/files/home/.cargo/registry/src/index.crates.io-1949cf8c6b5b557f/radium-0.7.0/README.md,/data/data/com.termux/files/home/pixelation/docs/markdown_archive/README_v374.md,23e6ae3cc7d7c8d7b608f87fbe79dd7af36dd9c1c00a4d2ff6bb45171a58799d
/data/data/com.termux/files/home/.cargo/registry/src/index.crates.io-1949cf8c6b5b557f/target-lexicon-0.13.2/README.md,/data/data/com.termux/files/home/pixelation/docs/markdown_archive/README_v375.md,608a98115ed2846984e68cbbea120473f9803c04297898c06435336a24bf4c32
/data/data/com.termux/files/home/.cargo/registry/src/index.crates.io-1949cf8c6b5b557f/lexical-parse-integer-1.0.5/CODE_OF_CONDUCT.md,/data/data/com.termux/files/home/pixelation/docs/markdown_archive/CODE_OF_CONDUCT_v9.md,6760f79fd0016b6c25204964c62c8a659b0c6768cfe6a4115d9cd53530632cd6
/data/data/com.termux/files/home/.cargo/registry/src/index.crates.io-1949cf8c6b5b557f/lexical-parse-integer-1.0.5/LICENSE.md,/data/data/com.termux/files/home/pixelation/docs/markdown_archive/LICENSE_v4.md,99aab70a96f3ecab683d8a319d9070af2213ae4c1601fb053fbe85e1361e32fe
/data/data/com.termux/files/home/.cargo/registry/src/index.crates.io-1949cf8c6b5b557f/lexical-parse-integer-1.0.5/README.md,/data/data/com.termux/files/home/pixelation/docs/markdown_archive/README_v237.md,6baf9a7d6f66f63a11a91bfe315c70408a23d155284683180e5b4425954f2b30
/data/data/com.termux/files/home/.cargo/registry/src/index.crates.io-1949cf8c6b5b557f/uuid-1.16.0/README.md,/data/data/com.termux/files/home/pixelation/docs/markdown_archive/README_v376.md,e552359adfb2587710820f532086d1b158f73e85b895430055c8fb7e73d5af30
/data/data/com.termux/files/home/.cargo/registry/src/index.crates.io-1949cf8c6b5b557f/indexmap-2.9.0/README.md,/data/data/com.termux/files/home/pixelation/docs/markdown_archive/README_v377.md,732583852f9bbea9c82701394ddaca19f68ae4986300a11187fe539e1b57f8f5
/data/data/com.termux/files/home/.cargo/registry/src/index.crates.io-1949cf8c6b5b557f/indexmap-2.9.0/RELEASES.md,/data/data/com.termux/files/home/pixelation/docs/markdown_archive/RELEASES_v6.md,12d23ac52009dff46f68b909d4ea948bfa74a0d9d7d1435d80efc7e25fc6cf16
/data/data/com.termux/files/home/.cargo/registry/src/index.crates.io-1949cf8c6b5b557f/memchr-2.7.4/README.md,/data/data/com.termux/files/home/pixelation/docs/markdown_archive/README_v314.md,92a74aaffe011bdaa06fbc34a01686a6eba58ca1322e976759417a547fddf734
/data/data/com.termux/files/home/.cargo/registry/src/index.crates.io-1949cf8c6b5b557f/python3-dll-a-0.2.14/CHANGELOG.md,/data/data/com.termux/files/home/pixelation/docs/markdown_archive/CHANGELOG_v105.md,30f7ec1e8e23895f9386c29423f12e38ddeef3710726b9b110af8ae68fae6ab9
/data/data/com.termux/files/home/.cargo/registry/src/index.crates.io-1949cf8c6b5b557f/python3-dll-a-0.2.14/README.md,/data/data/com.termux/files/home/pixelation/docs/markdown_archive/README_v270.md,4806d58c2cf22ae99bd667858e2ca7b0e83c31e1d518207070954b0f34cd3af5
/data/data/com.termux/files/home/.cargo/registry/src/index.crates.io-1949cf8c6b5b557f/syn-2.0.101/README.md,/data/data/com.termux/files/home/pixelation/docs/markdown_archive/README_v370.md,ae6deb98ea51df4829c0327139a555cc115c6bcf6fb459db0ef0d6a96c4566ec
/data/data/com.termux/files/home/.cargo/registry/src/index.crates.io-1949cf8c6b5b557f/pyo3-0.25.0/.towncrier.template.md,/data/data/com.termux/files/home/pixelation/docs/markdown_archive/.towncrier.template.md,1ecda4cea38054f243aaf1a1021a4d83f3d45399e6b69330c38cad1616230515
/data/data/com.termux/files/home/.cargo/registry/src/index.crates.io-1949cf8c6b5b557f/pyo3-0.25.0/Architecture.md,/data/data/com.termux/files/home/pixelation/docs/markdown_archive/Architecture.md,5f867dc70fd1ef1d0511e04ab7034d6ffe0036c90c04001a7012391e71f2354d
/data/data/com.termux/files/home/.cargo/registry/src/index.crates.io-1949cf8c6b5b557f/pyo3-0.25.0/CHANGELOG.md,/data/data/com.termux/files/home/pixelation/docs/markdown_archive/CHANGELOG_v106.md,dfda94d1503d1a12bfb345f39b6047112047bd729b12955243750e49a73bb5f9
/data/data/com.termux/files/home/.cargo/registry/src/index.crates.io-1949cf8c6b5b557f/pyo3-0.25.0/Code-of-Conduct.md,/data/data/com.termux/files/home/pixelation/docs/markdown_archive/Code-of-Conduct.md,92d4a344e60e7310c654de92a26d84c99dafbfd4fab149a85d4e22f38232bafb
/data/data/com.termux/files/home/.cargo/registry/src/index.crates.io-1949cf8c6b5b557f/pyo3-0.25.0/Contributing.md,/data/data/com.termux/files/home/pixelation/docs/markdown_archive/Contributing_v2.md,2e9ddfe17f8efa3c9c29ec31b4adf4eacecab0d5ee256bd5be3d316a8b4f1d49
/data/data/com.termux/files/home/.cargo/registry/src/index.crates.io-1949cf8c6b5b557f/pyo3-0.25.0/README.md,/data/data/com.termux/files/home/pixelation/docs/markdown_archive/README_v378.md,6c93f3b6d852409d93e96a24d00607d9aacdaa4cf1bcb8a93fbca51b5bccb8d4
/data/data/com.termux/files/home/.cargo/registry/src/index.crates.io-1949cf8c6b5b557f/pyo3-0.25.0/Releasing.md,/data/data/com.termux/files/home/pixelation/docs/markdown_archive/Releasing_v2.md,2029b18c73fe56998e3ce692a7fa590c646be56adfce96cd794f490837be45f8
/data/data/com.termux/files/home/.cargo/registry/src/index.crates.io-1949cf8c6b5b557f/pyo3-0.25.0/guide/pyclass-parameters.md,/data/data/com.termux/files/home/pixelation/docs/markdown_archive/pyclass-parameters_v2.md,bc2f04f467dd8578a10769d00f9f7387b35b41dcaa9483ecf56f3820736363d7
/data/data/com.termux/files/home/.cargo/registry/src/index.crates.io-1949cf8c6b5b557f/pyo3-0.25.0/guide/src/SUMMARY.md,/data/data/com.termux/files/home/pixelation/docs/markdown_archive/SUMMARY_v3.md,d7396f255eeca5a9b0c58857cde7937469db59aec8ce0ce74c41a8485b2d2ad7
/data/data/com.termux/files/home/.cargo/registry/src/index.crates.io-1949cf8c6b5b557f/pyo3-0.25.0/guide/src/advanced.md,/data/data/com.termux/files/home/pixelation/docs/markdown_archive/advanced.md,df2f8bb4eec77b8950f3f1b9dd558807629c34f4a3c561a6d5c702073237bd72
/data/data/com.termux/files/home/.cargo/registry/src/index.crates.io-1949cf8c6b5b557f/pyo3-0.25.0/guide/src/async-await.md,/data/data/com.termux/files/home/pixelation/docs/markdown_archive/async-await_v3.md,7cb36971e0b53d9c312e349fa7b67c86c7043053a91d7a65e3dc7eb5cc64b1e5
/data/data/com.termux/files/home/.cargo/registry/src/index.crates.io-1949cf8c6b5b557f/pyo3-0.25.0/guide/src/building-and-distribution/multiple-python-versions.md,/data/data/com.termux/files/home/pixelation/docs/markdown_archive/multiple-python-versions.md,8083a24f35f73dee594774bc3c46b8423c3864e33868cb0a57643f63734d219a
/data/data/com.termux/files/home/.cargo/registry/src/index.crates.io-1949cf8c6b5b557f/pyo3-0.25.0/guide/src/building-and-distribution.md,/data/data/com.termux/files/home/pixelation/docs/markdown_archive/building-and-distribution_v2.md,6e09a6745091883b4e481ec1b9ec5a64f594373dcdfea2cd0f4763695236d6ad
/data/data/com.termux/files/home/.cargo/registry/src/index.crates.io-1949cf8c6b5b557f/pyo3-0.25.0/guide/src/changelog.md,/data/data/com.termux/files/home/pixelation/docs/markdown_archive/changelog_v2.md,439803753b2afb2157fbcb7384c4465684736c0a42d63ef8f4a5bd8356dbfa69
/data/data/com.termux/files/home/.cargo/registry/src/index.crates.io-1949cf8c6b5b557f/pyo3-0.25.0/guide/src/class/call.md,/data/data/com.termux/files/home/pixelation/docs/markdown_archive/call.md,6c8d305b299725e670d0d75cf94036d612bc97af00c3f0ff9698d29149a11150
/data/data/com.termux/files/home/.cargo/registry/src/index.crates.io-1949cf8c6b5b557f/pyo3-0.25.0/guide/src/class/numeric.md,/data/data/com.termux/files/home/pixelation/docs/markdown_archive/numeric_v2.md,cb230000f233a2cbe6271488c54ce2dc75258b0855dc3bf33a9c8a586219cd74
/data/data/com.termux/files/home/.cargo/registry/src/index.crates.io-1949cf8c6b5b557f/pyo3-0.25.0/guide/src/class/object.md,/data/data/com.termux/files/home/pixelation/docs/markdown_archive/object_v2.md,a48c0adc737c3d39c63640f4693f6e23e645a9a98e3f067f3ef6fd83deda0c98
/data/data/com.termux/files/home/.cargo/registry/src/index.crates.io-1949cf8c6b5b557f/pyo3-0.25.0/guide/src/class/protocols.md,/data/data/com.termux/files/home/pixelation/docs/markdown_archive/protocols_v2.md,4e4281c82295c2e233ac62c69fd70cc7656e38b6e03f0819c36f71adffa8b7fd
/data/data/com.termux/files/home/.cargo/registry/src/index.crates.io-1949cf8c6b5b557f/pyo3-0.25.0/guide/src/class/thread-safety.md,/data/data/com.termux/files/home/pixelation/docs/markdown_archive/thread-safety_v2.md,c6b23cc588292aadab63191d73706ac98ee0efc2f9d98a202cf038e04548714e
/data/data/com.termux/files/home/.cargo/registry/src/index.crates.io-1949cf8c6b5b557f/pyo3-0.25.0/guide/src/class.md,/data/data/com.termux/files/home/pixelation/docs/markdown_archive/class_v2.md,d48fd375c0166d62c2b8c702e410425a37eebe09f5d20a18493851d06dc66e5f
/data/data/com.termux/files/home/.cargo/registry/src/index.crates.io-1949cf8c6b5b557f/pyo3-0.25.0/guide/src/contributing.md,/data/data/com.termux/files/home/pixelation/docs/markdown_archive/contributing_v2.md,655723bc7de5aa185b05be39400e87000595bcf268dd3066f7fc091be0a1aac0
/data/data/com.termux/files/home/.cargo/registry/src/index.crates.io-1949cf8c6b5b557f/pyo3-0.25.0/guide/src/conversions/tables.md,/data/data/com.termux/files/home/pixelation/docs/markdown_archive/tables_v2.md,d372ced66e66e13ec65755a553cb1f9ab7b7f18d35298d35675ead9eada4ef9a
/data/data/com.termux/files/home/.cargo/registry/src/index.crates.io-1949cf8c6b5b557f/pyo3-0.25.0/guide/src/conversions/traits.md,/data/data/com.termux/files/home/pixelation/docs/markdown_archive/traits_v3.md,5c59c62edeb609979ed232e0bda91ce3dbb5cc1bd786db7d09b792d23d401362
/data/data/com.termux/files/home/.cargo/registry/src/index.crates.io-1949cf8c6b5b557f/pyo3-0.25.0/guide/src/conversions.md,/data/data/com.termux/files/home/pixelation/docs/markdown_archive/conversions_v2.md,8c27cff72407ec7c1c8303cdfa4d25d85524c2fece55a74f8ea41d8f0e1e0ad0
/data/data/com.termux/files/home/.cargo/registry/src/index.crates.io-1949cf8c6b5b557f/pyo3-0.25.0/guide/src/debugging.md,/data/data/com.termux/files/home/pixelation/docs/markdown_archive/debugging_v2.md,0d33f4ec8394a6f97b88dbd166490a9863167ed5c40e40cb331032006a4ae08b
/data/data/com.termux/files/home/.cargo/registry/src/index.crates.io-1949cf8c6b5b557f/pyo3-0.25.0/guide/src/ecosystem/async-await.md,/data/data/com.termux/files/home/pixelation/docs/markdown_archive/async-await_v4.md,f9c8399daada41f2dbbb164b9458d542b03571fdb517896a0a37c036ebbbd3ef
/data/data/com.termux/files/home/.cargo/registry/src/index.crates.io-1949cf8c6b5b557f/pyo3-0.25.0/guide/src/ecosystem/logging.md,/data/data/com.termux/files/home/pixelation/docs/markdown_archive/logging_v2.md,324fc73893d14a03ab44d7b993b5435d200704b1b34ad06c9949af941d24f120
/data/data/com.termux/files/home/.cargo/registry/src/index.crates.io-1949cf8c6b5b557f/pyo3-0.25.0/guide/src/ecosystem/tracing.md,/data/data/com.termux/files/home/pixelation/docs/markdown_archive/tracing.md,f232cbe8184af6563cc36d087d51f1ccb124a69bd663eea47c10e5e10e2adc57
/data/data/com.termux/files/home/.cargo/registry/src/index.crates.io-1949cf8c6b5b557f/pyo3-0.25.0/guide/src/ecosystem.md,/data/data/com.termux/files/home/pixelation/docs/markdown_archive/ecosystem.md,d2a663465d9842f91bee793899dd5dd51e5431b5ced03d8bbb205c0eeaf5cc1c
/data/data/com.termux/files/home/.cargo/registry/src/index.crates.io-1949cf8c6b5b557f/pyo3-0.25.0/guide/src/exception.md,/data/data/com.termux/files/home/pixelation/docs/markdown_archive/exception_v2.md,cfacb02d13e533f4032287457f32a81bb1555f44fecfa790404c8c98809b20df
/data/data/com.termux/files/home/.cargo/registry/src/index.crates.io-1949cf8c6b5b557f/pyo3-0.25.0/guide/src/faq.md,/data/data/com.termux/files/home/pixelation/docs/markdown_archive/faq_v2.md,f55d458a0534101dc17b7afe975741df12b863e753992425068ae8378b94c39a
/data/data/com.termux/files/home/.cargo/registry/src/index.crates.io-1949cf8c6b5b557f/pyo3-0.25.0/guide/src/features.md,/data/data/com.termux/files/home/pixelation/docs/markdown_archive/features_v2.md,ef4f30233a2f157ce78854b6110b5a98934a6f790b264eefa0af5fe3b0eaa628
/data/data/com.termux/files/home/.cargo/registry/src/index.crates.io-1949cf8c6b5b557f/pyo3-0.25.0/guide/src/free-threading.md,/data/data/com.termux/files/home/pixelation/docs/markdown_archive/free-threading_v2.md,19981998bfae31d293dea1ca38bbb2f76d3f9b0ff026c71601da81affbc7371e
/data/data/com.termux/files/home/.cargo/registry/src/index.crates.io-1949cf8c6b5b557f/pyo3-0.25.0/guide/src/function/error-handling.md,/data/data/com.termux/files/home/pixelation/docs/markdown_archive/error-handling.md,af64df5020ea77f2bb5d1cff33ee88f9cebce651552a86af2c5a73e429265d8e
/data/data/com.termux/files/home/.cargo/registry/src/index.crates.io-1949cf8c6b5b557f/pyo3-0.25.0/guide/src/function/signature.md,/data/data/com.termux/files/home/pixelation/docs/markdown_archive/signature_v2.md,fdc61ad52e69c864b555c9a279781aff79e2611033ea32359736d1809e3ab789
/data/data/com.termux/files/home/.cargo/registry/src/index.crates.io-1949cf8c6b5b557f/pyo3-0.25.0/guide/src/function-calls.md,/data/data/com.termux/files/home/pixelation/docs/markdown_archive/function-calls.md,7a7f84b340f532210f5293656682a5c8087542e50774ab07e1096b2d350a4484
/data/data/com.termux/files/home/.cargo/registry/src/index.crates.io-1949cf8c6b5b557f/pyo3-0.25.0/guide/src/function.md,/data/data/com.termux/files/home/pixelation/docs/markdown_archive/function_v2.md,bb1e95028ee681c9c7a176927d33d343b28bbc59eed916b852bb27adf2b954f7
/data/data/com.termux/files/home/.cargo/registry/src/index.crates.io-1949cf8c6b5b557f/pyo3-0.25.0/guide/src/getting-started.md,/data/data/com.termux/files/home/pixelation/docs/markdown_archive/getting-started_v2.md,ab12840765ad7f11094842e4318ab5bdfcf006f6cd5460516d893fce6327c9ad
/data/data/com.termux/files/home/.cargo/registry/src/index.crates.io-1949cf8c6b5b557f/pyo3-0.25.0/guide/src/index.md,/data/data/com.termux/files/home/pixelation/docs/markdown_archive/index.md,5dc6feb93c4495c42bf6423eb46eebc73c9f22cb24fda206fb126d5411ff65a5
/data/data/com.termux/files/home/.cargo/registry/src/index.crates.io-1949cf8c6b5b557f/pyo3-0.25.0/guide/src/migration.md,/data/data/com.termux/files/home/pixelation/docs/markdown_archive/migration_v2.md,20bd6a1070ee9dda370ea2578077ea2d4230d85bfcfd2d30fd902eec5f503ba6
/data/data/com.termux/files/home/.cargo/registry/src/index.crates.io-1949cf8c6b5b557f/pyo3-0.25.0/guide/src/module.md,/data/data/com.termux/files/home/pixelation/docs/markdown_archive/module_v2.md,17eb7b54ac132214b8f882870c946ffc7ec6c8c76e426c85aba37496dd2dd092
/data/data/com.termux/files/home/.cargo/registry/src/index.crates.io-1949cf8c6b5b557f/pyo3-0.25.0/guide/src/parallelism.md,/data/data/com.termux/files/home/pixelation/docs/markdown_archive/parallelism.md,f0faa9e3b32461a3e6f094a5853017884b100596d2f34abd63f5235902138788
/data/data/com.termux/files/home/.cargo/registry/src/index.crates.io-1949cf8c6b5b557f/pyo3-0.25.0/guide/src/performance.md,/data/data/com.termux/files/home/pixelation/docs/markdown_archive/performance_v2.md,f543afadbe1c5cdf246c9744bc2b2ded51ac350bcfed3c2862bc6dba21897fab
/data/data/com.termux/files/home/.cargo/registry/src/index.crates.io-1949cf8c6b5b557f/pyo3-0.25.0/guide/src/python-from-rust/calling-existing-code.md,/data/data/com.termux/files/home/pixelation/docs/markdown_archive/calling-existing-code.md,0092df48629bb8e4d7bf8dbab725fe1070035f3ed4ac98a10bbd9aa13ba0c862
/data/data/com.termux/files/home/.cargo/registry/src/index.crates.io-1949cf8c6b5b557f/pyo3-0.25.0/guide/src/python-from-rust/function-calls.md,/data/data/com.termux/files/home/pixelation/docs/markdown_archive/function-calls_v3.md,f46ec066f7f771f88e3385b70e43952c3cd795525e9d8f1ce4d77fd934ecf79a
/data/data/com.termux/files/home/.cargo/registry/src/index.crates.io-1949cf8c6b5b557f/pyo3-0.25.0/guide/src/python-from-rust.md,/data/data/com.termux/files/home/pixelation/docs/markdown_archive/python-from-rust_v2.md,9019cec5daf4a53622205f624e3cac0313872fe56010a6311f721a4d44cd054e
/data/data/com.termux/files/home/.cargo/registry/src/index.crates.io-1949cf8c6b5b557f/pyo3-0.25.0/guide/src/python-typing-hints.md,/data/data/com.termux/files/home/pixelation/docs/markdown_archive/python-typing-hints_v2.md,b8aa79b68243cacebf8345c28f6fab65b5218d0185af2ca1f92ea7c07d2556f5
/data/data/com.termux/files/home/.cargo/registry/src/index.crates.io-1949cf8c6b5b557f/pyo3-0.25.0/guide/src/rust-from-python.md,/data/data/com.termux/files/home/pixelation/docs/markdown_archive/rust-from-python.md,7e1da8b958da7b428f76302cb91e159ec36973dc8368cf6033c3e3512a3e496a
/data/data/com.termux/files/home/.cargo/registry/src/index.crates.io-1949cf8c6b5b557f/pyo3-0.25.0/guide/src/trait-bounds.md,/data/data/com.termux/files/home/pixelation/docs/markdown_archive/trait-bounds_v2.md,ed260069787d2e5c57619d49c20fd07b180a44806cc216af054895bc21006b7f
/data/data/com.termux/files/home/.cargo/registry/src/index.crates.io-1949cf8c6b5b557f/pyo3-0.25.0/guide/src/types.md,/data/data/com.termux/files/home/pixelation/docs/markdown_archive/types.md,0e2a149fb238b55a9b27cfa791fb4144a4939fdb5b6dddaffa451657b8ce2cea
/data/data/com.termux/files/home/.cargo/registry/src/index.crates.io-1949cf8c6b5b557f/pyo3-0.25.0/pyo3-runtime/README.md,/data/data/com.termux/files/home/pixelation/docs/markdown_archive/README_v228.md,022371b6e623237264fb9654101bc33288f8842b5dfb9b4f5dca7215125268ba
/data/data/com.termux/files/home/.cargo/registry/src/index.crates.io-1949cf8c6b5b557f/icu_provider_macros-1.5.0/README.md,/data/data/com.termux/files/home/pixelation/docs/markdown_archive/README_v379.md,581f43ca8c5faa60ff9ffdba3e31a8aca86b98b27cc0f325736ccff7e27689ac
/data/data/com.termux/files/home/.cargo/registry/src/index.crates.io-1949cf8c6b5b557f/indoc-2.0.5/README.md,/data/data/com.termux/files/home/pixelation/docs/markdown_archive/README_v278.md,aa314ca47369e660f3ab12d1756e0c341e0de3903c8721d56815c1ebe6e9e4ab
/data/data/com.termux/files/home/.cargo/registry/src/index.crates.io-1949cf8c6b5b557f/strum-0.26.3/README.md,/data/data/com.termux/files/home/pixelation/docs/markdown_archive/README_v380.md,df67b984209ce474de5d60994983f6d2db0ac3b73bcfc2b1329871b0035c57e6
/data/data/com.termux/files/home/.cargo/registry/src/index.crates.io-1949cf8c6b5b557f/zerofrom-0.1.4/README.md,/data/data/com.termux/files/home/pixelation/docs/markdown_archive/README_v381.md,cd9b9a57dff5012642ee535c46a9f05424eab903f0b9f62de8bf7f815bcd5082
/data/data/com.termux/files/home/.cargo/registry/src/index.crates.io-1949cf8c6b5b557f/litemap-0.7.3/README.md,/data/data/com.termux/files/home/pixelation/docs/markdown_archive/README_v382.md,8d48b860b4895a3757ded795f1e0a125515ced1e883d754684c64e3191f5ebeb
/data/data/com.termux/files/home/.cargo/registry/src/index.crates.io-1949cf8c6b5b557f/autocfg-1.3.0/README.md,/data/data/com.termux/files/home/pixelation/docs/markdown_archive/README_v383.md,51238410cbbb06b149a794d954ff4d5943da566a97e71dc3aa8b5fa5a9b538b6
/data/data/com.termux/files/home/.cargo/registry/src/index.crates.io-1949cf8c6b5b557f/rustix-0.38.44/CODE_OF_CONDUCT.md,/data/data/com.termux/files/home/pixelation/docs/markdown_archive/CODE_OF_CONDUCT_v11.md,f210602311e3f74b32f46237fd55f4ce36d798e85e3db1432ec667f63a7ffc44
/data/data/com.termux/files/home/.cargo/registry/src/index.crates.io-1949cf8c6b5b557f/rustix-0.38.44/CONTRIBUTING.md,/data/data/com.termux/files/home/pixelation/docs/markdown_archive/CONTRIBUTING_v20.md,3fd57de5c678db1c972da676a8231d2fde9820695ef1f0d53f1e55a3e81d9de0
/data/data/com.termux/files/home/.cargo/registry/src/index.crates.io-1949cf8c6b5b557f/rustix-0.38.44/ORG_CODE_OF_CONDUCT.md,/data/data/com.termux/files/home/pixelation/docs/markdown_archive/ORG_CODE_OF_CONDUCT.md,a62b69bf86e605ee1bcbb2f0a12ba79e4cebb6983a7b6491949750aecc4f2178
/data/data/com.termux/files/home/.cargo/registry/src/index.crates.io-1949cf8c6b5b557f/rustix-0.38.44/README.md,/data/data/com.termux/files/home/pixelation/docs/markdown_archive/README_v384.md,fbd9eb025cdb6c58d28649f0c9132a4e383014f03a8e0edba04a4e36cc45fba0
/data/data/com.termux/files/home/.cargo/registry/src/index.crates.io-1949cf8c6b5b557f/rustix-0.38.44/SECURITY.md,/data/data/com.termux/files/home/pixelation/docs/markdown_archive/SECURITY_v3.md,4d75afb09dd28eb5982e3a1f768ee398d90204669ceef3240a16b31dcf04148a
/data/data/com.termux/files/home/.cargo/registry/src/index.crates.io-1949cf8c6b5b557f/once_cell-1.19.0/CHANGELOG.md,/data/data/com.termux/files/home/pixelation/docs/markdown_archive/CHANGELOG_v107.md,cc4e490ceb3a92be753f3ffee297921a341faf67b304e1e0e63833aba4c3d529
/data/data/com.termux/files/home/.cargo/registry/src/index.crates.io-1949cf8c6b5b557f/once_cell-1.19.0/README.md,/data/data/com.termux/files/home/pixelation/docs/markdown_archive/README_v385.md,2331182c8b5a6971fd0d04a0ca711d5839e93b3de6b2003108940a8c93850aaf
/data/data/com.termux/files/home/.cargo/registry/src/index.crates.io-1949cf8c6b5b557f/ahash-0.8.11/FAQ.md,/data/data/com.termux/files/home/pixelation/docs/markdown_archive/FAQ.md,9eb41898523ee209a0a937f9bcb78afe45ad55ca0556f8a4d4063558098f6d1e
/data/data/com.termux/files/home/.cargo/registry/src/index.crates.io-1949cf8c6b5b557f/ahash-0.8.11/README.md,/data/data/com.termux/files/home/pixelation/docs/markdown_archive/README_v386.md,d7f74d616a751bcca23d5d3b58a6daf556356a526c5f0b6aa0504715d176549a
/data/data/com.termux/files/home/.cargo/registry/src/index.crates.io-1949cf8c6b5b557f/linux-raw-sys-0.4.15/CODE_OF_CONDUCT.md,/data/data/com.termux/files/home/pixelation/docs/markdown_archive/CODE_OF_CONDUCT_v10.md,ccd9e538ce44713a2486cc8e4c01b8c8b846d1ccff15de728d8d6fa9a7f846cd
/data/data/com.termux/files/home/.cargo/registry/src/index.crates.io-1949cf8c6b5b557f/linux-raw-sys-0.4.15/ORG_CODE_OF_CONDUCT.md,/data/data/com.termux/files/home/pixelation/docs/markdown_archive/ORG_CODE_OF_CONDUCT.md,a62b69bf86e605ee1bcbb2f0a12ba79e4cebb6983a7b6491949750aecc4f2178
/data/data/com.termux/files/home/.cargo/registry/src/index.crates.io-1949cf8c6b5b557f/linux-raw-sys-0.4.15/README.md,/data/data/com.termux/files/home/pixelation/docs/markdown_archive/README_v356.md,3d4ae2ec9429adfd329b4506f7ca6faa84dca30d1c3b416f8f4e6f57bdb3aa96
/data/data/com.termux/files/home/.cargo/registry/src/index.crates.io-1949cf8c6b5b557f/clap_derive-4.5.45/README.md,/data/data/com.termux/files/home/pixelation/docs/markdown_archive/README_v145.md,5acb20197baf33b19d05b71883859135a791ce35e9104d5cd7128f42a804ec0d
/data/data/com.termux/files/home/.cargo/registry/src/index.crates.io-1949cf8c6b5b557f/rustls-webpki-0.103.4/README.md,/data/data/com.termux/files/home/pixelation/docs/markdown_archive/README_v359.md,084c37ee4b35887c813373cb98f3712e20d42e238cd16b59bd90dd8ae870dbf2
/data/data/com.termux/files/home/.cargo/registry/src/index.crates.io-1949cf8c6b5b557f/bytesize-1.3.3/README.md,/data/data/com.termux/files/home/pixelation/docs/markdown_archive/README_v387.md,2b9d71747b678d87044d2679e577ca5cee84db771cc955d25f8e897a08cd7f45
/data/data/com.termux/files/home/.cargo/registry/src/index.crates.io-1949cf8c6b5b557f/serde_spanned-0.6.9/README.md,/data/data/com.termux/files/home/pixelation/docs/markdown_archive/README_v388.md,1f3ced4e8c5ddad315e6ac6e8e1e07a411b2dce5e6c8db3bcce064e1de51e153
/data/data/com.termux/files/home/.cargo/registry/src/index.crates.io-1949cf8c6b5b557f/anstyle-1.0.13/README.md,/data/data/com.termux/files/home/pixelation/docs/markdown_archive/README_v389.md,015245c48ad8fb28bc4b2ed85a992a6e1182aa7fd633ecaac8f69b229d2aacab
/data/data/com.termux/files/home/.cargo/registry/src/index.crates.io-1949cf8c6b5b557f/fs-err-3.1.3/CHANGELOG.md,/data/data/com.termux/files/home/pixelation/docs/markdown_archive/CHANGELOG_v108.md,e6e7bf7b938072819aa8d93cedef27535234061fee64cc57fe411a92398cbd69
/data/data/com.termux/files/home/.cargo/registry/src/index.crates.io-1949cf8c6b5b557f/fs-err-3.1.3/README.md,/data/data/com.termux/files/home/pixelation/docs/markdown_archive/README_v390.md,b85dcd3e1fcd17e2db4eacb6173628ba46725f2ee2ad1c09ba9d9f3a2c40bde7
/data/data/com.termux/files/home/.cargo/registry/src/index.crates.io-1949cf8c6b5b557f/expect-test-1.5.1/CHANGELOG.md,/data/data/com.termux/files/home/pixelation/docs/markdown_archive/CHANGELOG_v109.md,bcb6e2982e7332aa8b8852a3f0a46e0ccfde57fa6de995fe94d975f965fc5aba
/data/data/com.termux/files/home/.cargo/registry/src/index.crates.io-1949cf8c6b5b557f/expect-test-1.5.1/README.md,/data/data/com.termux/files/home/pixelation/docs/markdown_archive/README_v391.md,ac04641c9c0a4f770d6b041c4300a138b0578b6f74784d4da433c346277f9f2a
/data/data/com.termux/files/home/.cargo/registry/src/index.crates.io-1949cf8c6b5b557f/camino-1.2.1/CHANGELOG.md,/data/data/com.termux/files/home/pixelation/docs/markdown_archive/CHANGELOG_v110.md,17023ab93fa964dc63a0ff637c180e25bf47e8cee07308d5544d8ab3b374bb03
/data/data/com.termux/files/home/.cargo/registry/src/index.crates.io-1949cf8c6b5b557f/camino-1.2.1/README.md,/data/data/com.termux/files/home/pixelation/docs/markdown_archive/README_v392.md,abbdf9952bf63241cabd641b513231cb7ed31ecae2367398a527775587a5b7a7
/data/data/com.termux/files/home/.cargo/registry/src/index.crates.io-1949cf8c6b5b557f/autocfg-1.5.0/README.md,/data/data/com.termux/files/home/pixelation/docs/markdown_archive/README_v393.md,fbd8762dcc681074fb3862e5d2168299fedb08d08bcadbff2713e2f956a79f82
/data/data/com.termux/files/home/.cargo/registry/src/index.crates.io-1949cf8c6b5b557f/anstream-0.6.21/README.md,/data/data/com.termux/files/home/pixelation/docs/markdown_archive/README_v394.md,7e90b134ad15dc4368d2a27efeb8db9d155dcd0886b72a032ffb367616255807
/data/data/com.termux/files/home/.cargo/registry/src/index.crates.io-1949cf8c6b5b557f/nu-ansi-term-0.50.3/CHANGELOG.md,/data/data/com.termux/files/home/pixelation/docs/markdown_archive/CHANGELOG_v111.md,2bb8b5954c5543b9169ee8abf7680144ef15f3eea403ba034efdb9b5e6b9f5b8
/data/data/com.termux/files/home/.cargo/registry/src/index.crates.io-1949cf8c6b5b557f/nu-ansi-term-0.50.3/README.md,/data/data/com.termux/files/home/pixelation/docs/markdown_archive/README_v395.md,74db2a9c27cc6cc5f8b4291f07987752ccfeaa82dd7798ebbdc0c06b576d5a0a
/data/data/com.termux/files/home/.cargo/registry/src/index.crates.io-1949cf8c6b5b557f/version_check-0.9.5/README.md,/data/data/com.termux/files/home/pixelation/docs/markdown_archive/README_v396.md,ac2a0a360812436bd5798f5fe2affe7d6ed9eb7f15d6e4d73931e95b437560f2
/data/data/com.termux/files/home/.cargo/registry/src/index.crates.io-1949cf8c6b5b557f/yoke-derive-0.8.0/README.md,/data/data/com.termux/files/home/pixelation/docs/markdown_archive/README_v253.md,5004c9b0aa6e1f4d0e5c8919e14e0bad0cc6753cc589d82aa9521e1bc1fd39bf
/data/data/com.termux/files/home/.cargo/registry/src/index.crates.io-1949cf8c6b5b557f/clap_complete-4.5.59/README.md,/data/data/com.termux/files/home/pixelation/docs/markdown_archive/README_v397.md,78893c47cbf40bd1dd97cd436491a2f1bda8ec6e1204408453a2d54c76e3e213
/data/data/com.termux/files/home/.cargo/registry/src/index.crates.io-1949cf8c6b5b557f/clap_complete_nushell-4.5.9/README.md,/data/data/com.termux/files/home/pixelation/docs/markdown_archive/README_v398.md,26f1fcee349f7afbf2cfa6c1bd338b674a82f0b6873072da6b665bf94e10555e
/data/data/com.termux/files/home/.cargo/registry/src/index.crates.io-1949cf8c6b5b557f/anyhow-1.0.100/README.md,/data/data/com.termux/files/home/pixelation/docs/markdown_archive/README_v150.md,136d2b44cc4060192516f18e43ec3eafb65693c1819a80a867e7a00c60a45ee6
/data/data/com.termux/files/home/.cargo/registry/src/index.crates.io-1949cf8c6b5b557f/mailparse-0.16.1/README.md,/data/data/com.termux/files/home/pixelation/docs/markdown_archive/README_v399.md,395e56bf01d4991edc48789f19d7ac4ac8aff66bc25ab2e500a9cce3e5930ce3
/data/data/com.termux/files/home/.cargo/registry/src/index.crates.io-1949cf8c6b5b557f/toml_datetime-0.6.11/README.md,/data/data/com.termux/files/home/pixelation/docs/markdown_archive/README_v400.md,7d607b709588de97abd6889514cae3a8b8698446972eb8fb17f901a4296718b0
/data/data/com.termux/files/home/.cargo/registry/src/index.crates.io-1949cf8c6b5b557f/crc32fast-1.5.0/README.md,/data/data/com.termux/files/home/pixelation/docs/markdown_archive/README_v401.md,bd9aef2140637bf1bc6d18864854f54c1abea8e9f8a77c5566ed09e0311d2504
/data/data/com.termux/files/home/.cargo/registry/src/index.crates.io-1949cf8c6b5b557f/clap-4.5.49/README.md,/data/data/com.termux/files/home/pixelation/docs/markdown_archive/README_v402.md,a0a53e3248c80a4b46f7fa12ec147ab2b7cdbb7de9a3828cf2a3f20aaa5f1cf2
/data/data/com.termux/files/home/.cargo/registry/src/index.crates.io-1949cf8c6b5b557f/clap-4.5.49/examples/README.md,/data/data/com.termux/files/home/pixelation/docs/markdown_archive/README_v305.md,c5f45032ee7acda0c5f98db456cbf4f9b0362d62dc81218fcf03bcdfbd19af05
/data/data/com.termux/files/home/.cargo/registry/src/index.crates.io-1949cf8c6b5b557f/clap-4.5.49/examples/cargo-example-derive.md,/data/data/com.termux/files/home/pixelation/docs/markdown_archive/cargo-example-derive.md,66d7455f08a038872f42d9d45f9b47ebbdbf9366fafa16b749ece8ba5bdcfcce
/data/data/com.termux/files/home/.cargo/registry/src/index.crates.io-1949cf8c6b5b557f/clap-4.5.49/examples/cargo-example.md,/data/data/com.termux/files/home/pixelation/docs/markdown_archive/cargo-example.md,60a1d0f253142de5003a9474b28a5a8324a9860fc646af6309d84594d97356bd
/data/data/com.termux/files/home/.cargo/registry/src/index.crates.io-1949cf8c6b5b557f/clap-4.5.49/examples/demo.md,/data/data/com.termux/files/home/pixelation/docs/markdown_archive/demo.md,6c00568794ff99007ab0f08bf7e06fe521cb1f2f0fab30c219f16c6f54bf638d
/data/data/com.termux/files/home/.cargo/registry/src/index.crates.io-1949cf8c6b5b557f/clap-4.5.49/examples/derive_ref/interop_tests.md,/data/data/com.termux/files/home/pixelation/docs/markdown_archive/interop_tests_v2.md,2c86b86447b1a4480ca30a7e7f31c418535302ec7c44da6afef24639f2555d61
/data/data/com.termux/files/home/.cargo/registry/src/index.crates.io-1949cf8c6b5b557f/clap-4.5.49/examples/escaped-positional-derive.md,/data/data/com.termux/files/home/pixelation/docs/markdown_archive/escaped-positional-derive.md,fb4b4351ceb43ef0c25048e8603dab6fdf4391b84e9b3ad9593602fa89abc572
/data/data/com.termux/files/home/.cargo/registry/src/index.crates.io-1949cf8c6b5b557f/clap-4.5.49/examples/escaped-positional.md,/data/data/com.termux/files/home/pixelation/docs/markdown_archive/escaped-positional.md,b44e23e5706eb815e7875825be815a370f2ba38e41d7998ea762d0ef1fb2ba56
/data/data/com.termux/files/home/.cargo/registry/src/index.crates.io-1949cf8c6b5b557f/clap-4.5.49/examples/find.md,/data/data/com.termux/files/home/pixelation/docs/markdown_archive/find.md,441ad59186eca36324d982c1b2ba458354568007cb34fc560516dc68a40ad5fd
/data/data/com.termux/files/home/.cargo/registry/src/index.crates.io-1949cf8c6b5b557f/clap-4.5.49/examples/git-derive.md,/data/data/com.termux/files/home/pixelation/docs/markdown_archive/git-derive.md,e4050c86f2789c900f9c67ccbcfe478c982588eb663b3719f378275f0c13e479
/data/data/com.termux/files/home/.cargo/registry/src/index.crates.io-1949cf8c6b5b557f/clap-4.5.49/examples/git.md,/data/data/com.termux/files/home/pixelation/docs/markdown_archive/git.md,58f861391d4af32794008ce29d1034827e4217d2281ad89e209fd01b7825b338
/data/data/com.termux/files/home/.cargo/registry/src/index.crates.io-1949cf8c6b5b557f/clap-4.5.49/examples/multicall-busybox.md,/data/data/com.termux/files/home/pixelation/docs/markdown_archive/multicall-busybox.md,b8e8a89312e2088b6dd1fac5b5b92266fda9b82c40a650dae2d41b5fcc253594
/data/data/com.termux/files/home/.cargo/registry/src/index.crates.io-1949cf8c6b5b557f/clap-4.5.49/examples/multicall-hostname.md,/data/data/com.termux/files/home/pixelation/docs/markdown_archive/multicall-hostname.md,1dedcdcc9927c08cebee11fa01fda7a730f5ddf5227c4902e1eb5ff847a80346
/data/data/com.termux/files/home/.cargo/registry/src/index.crates.io-1949cf8c6b5b557f/clap-4.5.49/examples/pacman.md,/data/data/com.termux/files/home/pixelation/docs/markdown_archive/pacman.md,8c8cf0dfc9765176a0f50aff99bbe7b2b8d8f57564957401b9f410e7e1e9a80d
/data/data/com.termux/files/home/.cargo/registry/src/index.crates.io-1949cf8c6b5b557f/clap-4.5.49/examples/tutorial_builder/01_quick.md,/data/data/com.termux/files/home/pixelation/docs/markdown_archive/01_quick.md,d2a242a6ba832cdb0a2b6f55d428d62e7048f6b7d8d8f4a75f7923da85628ca8
/data/data/com.termux/files/home/.cargo/registry/src/index.crates.io-1949cf8c6b5b557f/clap-4.5.49/examples/tutorial_builder/02_app_settings.md,/data/data/com.termux/files/home/pixelation/docs/markdown_archive/02_app_settings.md,4e7097deb0eb8e926978ef383b0da4bda33966d4e760ac0d258cd4127a054fba
/data/data/com.termux/files/home/.cargo/registry/src/index.crates.io-1949cf8c6b5b557f/clap-4.5.49/examples/tutorial_builder/02_apps.md,/data/data/com.termux/files/home/pixelation/docs/markdown_archive/02_apps.md,3cbc7010e0214d047d98104dadb76ee02ec3c5bba868758e35aebb2fdfd0fa22
/data/data/com.termux/files/home/.cargo/registry/src/index.crates.io-1949cf8c6b5b557f/clap-4.5.49/examples/tutorial_builder/02_crate.md,/data/data/com.termux/files/home/pixelation/docs/markdown_archive/02_crate.md,995dc62680b9d7c1983c673bf5775c07ae96175db186b5313c0d614308569ec0
/data/data/com.termux/files/home/.cargo/registry/src/index.crates.io-1949cf8c6b5b557f/clap-4.5.49/examples/tutorial_builder/03_01_flag_bool.md,/data/data/com.termux/files/home/pixelation/docs/markdown_archive/03_01_flag_bool.md,326d8267ce6fcc62e95fdb19f77bdc959067e41af48c7d6e465c0eafe2db741c
/data/data/com.termux/files/home/.cargo/registry/src/index.crates.io-1949cf8c6b5b557f/clap-4.5.49/examples/tutorial_builder/03_01_flag_count.md,/data/data/com.termux/files/home/pixelation/docs/markdown_archive/03_01_flag_count.md,c34ff091d239f5861a868bda051322774340be9a63dea32cbfabe8c0cc4dfd94
/data/data/com.termux/files/home/.cargo/registry/src/index.crates.io-1949cf8c6b5b557f/clap-4.5.49/examples/tutorial_builder/03_02_option.md,/data/data/com.termux/files/home/pixelation/docs/markdown_archive/03_02_option.md,f436d35a7f2aece1a30f0258f44ae09166fb4faae3b6623beb6a824d2ed234fd
/data/data/com.termux/files/home/.cargo/registry/src/index.crates.io-1949cf8c6b5b557f/clap-4.5.49/examples/tutorial_builder/03_02_option_mult.md,/data/data/com.termux/files/home/pixelation/docs/markdown_archive/03_02_option_mult.md,31930e9dbc407f5cfbb24707388d3abb17e1cd6ea4d8e9f55c15bac8d5d3168c
/data/data/com.termux/files/home/.cargo/registry/src/index.crates.io-1949cf8c6b5b557f/clap-4.5.49/examples/tutorial_builder/03_03_positional.md,/data/data/com.termux/files/home/pixelation/docs/markdown_archive/03_03_positional.md,dc2e13cf897e2e2d2b397a1ab739bfd290ec04f437128030eb7f6f609b910be7
/data/data/com.termux/files/home/.cargo/registry/src/index.crates.io-1949cf8c6b5b557f/clap-4.5.49/examples/tutorial_builder/03_03_positional_mult.md,/data/data/com.termux/files/home/pixelation/docs/markdown_archive/03_03_positional_mult.md,f1d03ca58d9ee75ec9a4cc980006a666e2c529ab6f7deaf6bd88b3fbaf09fc07
/data/data/com.termux/files/home/.cargo/registry/src/index.crates.io-1949cf8c6b5b557f/clap-4.5.49/examples/tutorial_builder/03_04_subcommands.md,/data/data/com.termux/files/home/pixelation/docs/markdown_archive/03_04_subcommands.md,aef99bdab98e23b6d12db43286a8f5ee56656e5024ffa6113dde48a15681820c
/data/data/com.termux/files/home/.cargo/registry/src/index.crates.io-1949cf8c6b5b557f/clap-4.5.49/examples/tutorial_builder/03_05_default_values.md,/data/data/com.termux/files/home/pixelation/docs/markdown_archive/03_05_default_values.md,c30c72c85190aaddc06a7c0ed1cf87356eb81f03284b0e9c5f47d4f233d06a00
/data/data/com.termux/files/home/.cargo/registry/src/index.crates.io-1949cf8c6b5b557f/clap-4.5.49/examples/tutorial_builder/03_06_required.md,/data/data/com.termux/files/home/pixelation/docs/markdown_archive/03_06_required.md,7ef4ed0da3d48a49ee2d5e7ded0deb1a810d7a51865027df50b204394be40266
/data/data/com.termux/files/home/.cargo/registry/src/index.crates.io-1949cf8c6b5b557f/clap-4.5.49/examples/tutorial_builder/04_01_enum.md,/data/data/com.termux/files/home/pixelation/docs/markdown_archive/04_01_enum.md,c89cef996c17aa909031233b283349b23427c065b634d43ee82b974f4f28d1c6
/data/data/com.termux/files/home/.cargo/registry/src/index.crates.io-1949cf8c6b5b557f/clap-4.5.49/examples/tutorial_builder/04_01_possible.md,/data/data/com.termux/files/home/pixelation/docs/markdown_archive/04_01_possible.md,e16ec1ee5e7a67ab040afd4c87c3ebf84e5ab229491b73f3da337160a0dd14bb
/data/data/com.termux/files/home/.cargo/registry/src/index.crates.io-1949cf8c6b5b557f/clap-4.5.49/examples/tutorial_builder/04_02_parse.md,/data/data/com.termux/files/home/pixelation/docs/markdown_archive/04_02_parse.md,d02e8e79e96c2def7a2576a5acc06ba539061a221960ce89eeca1a51e52ef317
/data/data/com.termux/files/home/.cargo/registry/src/index.crates.io-1949cf8c6b5b557f/clap-4.5.49/examples/tutorial_builder/04_02_validate.md,/data/data/com.termux/files/home/pixelation/docs/markdown_archive/04_02_validate.md,3f9f29b3629f0d20d8ff149ec721ee67a4baad39c12e2e379d472865c6cf682f
/data/data/com.termux/files/home/.cargo/registry/src/index.crates.io-1949cf8c6b5b557f/clap-4.5.49/examples/tutorial_builder/04_03_relations.md,/data/data/com.termux/files/home/pixelation/docs/markdown_archive/04_03_relations.md,cfc6a4ee6d6912566773c9c86b92466725e8eb90c5c765d7cb603f2ffd0d911a
/data/data/com.termux/files/home/.cargo/registry/src/index.crates.io-1949cf8c6b5b557f/clap-4.5.49/examples/tutorial_builder/04_04_custom.md,/data/data/com.termux/files/home/pixelation/docs/markdown_archive/04_04_custom.md,11581660afa0679cda9355965cf55e0a282da9184f8d2eec97a415f48878002e
/data/data/com.termux/files/home/.cargo/registry/src/index.crates.io-1949cf8c6b5b557f/clap-4.5.49/examples/tutorial_derive/01_quick.md,/data/data/com.termux/files/home/pixelation/docs/markdown_archive/01_quick_v2.md,345bbe0689766fd83929826bffc32c9067c8e97c42fb7390db2620931bd27834
/data/data/com.termux/files/home/.cargo/registry/src/index.crates.io-1949cf8c6b5b557f/clap-4.5.49/examples/tutorial_derive/02_app_settings.md,/data/data/com.termux/files/home/pixelation/docs/markdown_archive/02_app_settings_v2.md,7b3ef753653be837d6c7d92c805a8238dd61fce2fc46d58b860c3771dbfec113
/data/data/com.termux/files/home/.cargo/registry/src/index.crates.io-1949cf8c6b5b557f/clap-4.5.49/examples/tutorial_derive/02_apps.md,/data/data/com.termux/files/home/pixelation/docs/markdown_archive/02_apps_v2.md,166b48034c788304ce9d3f48f91dd7b1b7e18a6d66f689114ba618d79b60cc24
/data/data/com.termux/files/home/.cargo/registry/src/index.crates.io-1949cf8c6b5b557f/clap-4.5.49/examples/tutorial_derive/02_crate.md,/data/data/com.termux/files/home/pixelation/docs/markdown_archive/02_crate_v2.md,c15606793151791bddf5763f660a913f799303e8de4c1d28334449d0d184681d
/data/data/com.termux/files/home/.cargo/registry/src/index.crates.io-1949cf8c6b5b557f/clap-4.5.49/examples/tutorial_derive/03_01_flag_bool.md,/data/data/com.termux/files/home/pixelation/docs/markdown_archive/03_01_flag_bool_v2.md,7ffa235eb4bc61aaa15d63d4301250e2a6635520c02a55aa6294afe6798f39a0
/data/data/com.termux/files/home/.cargo/registry/src/index.crates.io-1949cf8c6b5b557f/clap-4.5.49/examples/tutorial_derive/03_01_flag_count.md,/data/data/com.termux/files/home/pixelation/docs/markdown_archive/03_01_flag_count_v2.md,02e6dc26d00cc82109350ca7910e4962007b91fe82fde1c8b86ae49dc4428a76
/data/data/com.termux/files/home/.cargo/registry/src/index.crates.io-1949cf8c6b5b557f/clap-4.5.49/examples/tutorial_derive/03_02_option.md,/data/data/com.termux/files/home/pixelation/docs/markdown_archive/03_02_option_v2.md,aa79bb542ebc969828c93dd8fd3b4a1295b323a388ca6b7229ccd1c5193c00c8
/data/data/com.termux/files/home/.cargo/registry/src/index.crates.io-1949cf8c6b5b557f/clap-4.5.49/examples/tutorial_derive/03_02_option_mult.md,/data/data/com.termux/files/home/pixelation/docs/markdown_archive/03_02_option_mult_v2.md,4241088813da3acd0079dfbcb3dea896388642d7fc0c976a143824da031d17d9
/data/data/com.termux/files/home/.cargo/registry/src/index.crates.io-1949cf8c6b5b557f/clap-4.5.49/examples/tutorial_derive/03_03_positional.md,/data/data/com.termux/files/home/pixelation/docs/markdown_archive/03_03_positional_v2.md,5cc63d71c48ea4680487e481be8f2443da5c802f9800a2d83d245ce93ae4ae0f
/data/data/com.termux/files/home/.cargo/registry/src/index.crates.io-1949cf8c6b5b557f/clap-4.5.49/examples/tutorial_derive/03_03_positional_mult.md,/data/data/com.termux/files/home/pixelation/docs/markdown_archive/03_03_positional_mult_v2.md,00e3fc665835a4df1190a5ecb7c854b1259ab2324966d69ac40770cde8e2dd21
/data/data/com.termux/files/home/.cargo/registry/src/index.crates.io-1949cf8c6b5b557f/clap-4.5.49/examples/tutorial_derive/03_04_subcommands.md,/data/data/com.termux/files/home/pixelation/docs/markdown_archive/03_04_subcommands_v2.md,8f249681987f45ea41242b643d5e5aa9b70cda8d3c562d46508523734be56948
/data/data/com.termux/files/home/.cargo/registry/src/index.crates.io-1949cf8c6b5b557f/clap-4.5.49/examples/tutorial_derive/03_05_default_values.md,/data/data/com.termux/files/home/pixelation/docs/markdown_archive/03_05_default_values_v2.md,b09e17bf0322311801881f53d9b86e5179163d4b05263988a79fd7d2b5c1eb79
/data/data/com.termux/files/home/.cargo/registry/src/index.crates.io-1949cf8c6b5b557f/clap-4.5.49/examples/tutorial_derive/03_06_optional.md,/data/data/com.termux/files/home/pixelation/docs/markdown_archive/03_06_optional.md,4c1c3d13131e4de68df58efeeecb2f5e5424377756f7e5c335c143d326427642
/data/data/com.termux/files/home/.cargo/registry/src/index.crates.io-1949cf8c6b5b557f/clap-4.5.49/examples/tutorial_derive/04_01_enum.md,/data/data/com.termux/files/home/pixelation/docs/markdown_archive/04_01_enum_v2.md,fa1deb854c06f6ca921b53e9fd98eaf8ff0a641095a592552537ed74197ef801
/data/data/com.termux/files/home/.cargo/registry/src/index.crates.io-1949cf8c6b5b557f/clap-4.5.49/examples/tutorial_derive/04_02_parse.md,/data/data/com.termux/files/home/pixelation/docs/markdown_archive/04_02_parse_v2.md,a87492c5d6fb9817345f67389142282394c525fbeade3a2750b84d949cba1c7e
/data/data/com.termux/files/home/.cargo/registry/src/index.crates.io-1949cf8c6b5b557f/clap-4.5.49/examples/tutorial_derive/04_02_validate.md,/data/data/com.termux/files/home/pixelation/docs/markdown_archive/04_02_validate_v2.md,8f83fdf4ccb89550c0df20eef49358cb222ca1a7404c18e3eafed6413c0e1313
/data/data/com.termux/files/home/.cargo/registry/src/index.crates.io-1949cf8c6b5b557f/clap-4.5.49/examples/tutorial_derive/04_03_relations.md,/data/data/com.termux/files/home/pixelation/docs/markdown_archive/04_03_relations_v2.md,15172a1e5b056ee30b6ab1fbe848c71d8499b06aa74ce30219275989034c76ac
/data/data/com.termux/files/home/.cargo/registry/src/index.crates.io-1949cf8c6b5b557f/clap-4.5.49/examples/tutorial_derive/04_04_custom.md,/data/data/com.termux/files/home/pixelation/docs/markdown_archive/04_04_custom_v2.md,f96f4ced9cce7e04e5150c2906cac315bce04a5319cab080917dd976cb815bdc
/data/data/com.termux/files/home/.cargo/registry/src/index.crates.io-1949cf8c6b5b557f/clap-4.5.49/examples/typed-derive/builtin.md,/data/data/com.termux/files/home/pixelation/docs/markdown_archive/builtin.md,72ce3913fa88fcc23012389e49ce6097a6016fcf6d99f988b8e8e48e802713ad
/data/data/com.termux/files/home/.cargo/registry/src/index.crates.io-1949cf8c6b5b557f/clap-4.5.49/examples/typed-derive/custom.md,/data/data/com.termux/files/home/pixelation/docs/markdown_archive/custom.md,3af3091b8716fc058952c19af5d31181b14d45aa6200ed0a712cf9592a49273c
/data/data/com.termux/files/home/.cargo/registry/src/index.crates.io-1949cf8c6b5b557f/clap-4.5.49/examples/typed-derive/fn_parser.md,/data/data/com.termux/files/home/pixelation/docs/markdown_archive/fn_parser.md,ad5ade94a357f84a92aa768dca915f9bcde6fd5545237ae7a177e0d39a478a31
/data/data/com.termux/files/home/.cargo/registry/src/index.crates.io-1949cf8c6b5b557f/clap-4.5.49/examples/typed-derive/implicit.md,/data/data/com.termux/files/home/pixelation/docs/markdown_archive/implicit.md,6b4d378053828dc25ec23de94b39d17843a1108d35b65e248517f14add4ef966
/data/data/com.termux/files/home/.cargo/registry/src/index.crates.io-1949cf8c6b5b557f/getrandom-0.3.4/CHANGELOG.md,/data/data/com.termux/files/home/pixelation/docs/markdown_archive/CHANGELOG_v112.md,3793e1d3c10656813cf278d674fe943c7ec251b30cba434d8f6c7d6b4948a830
/data/data/com.termux/files/home/.cargo/registry/src/index.crates.io-1949cf8c6b5b557f/getrandom-0.3.4/README.md,/data/data/com.termux/files/home/pixelation/docs/markdown_archive/README_v403.md,39a9371cee9b72f7aff7fcbe0018e1a90c1a0692266cacdcaac25166080b9cb0
/data/data/com.termux/files/home/.cargo/registry/src/index.crates.io-1949cf8c6b5b557f/getrandom-0.3.4/SECURITY.md,/data/data/com.termux/files/home/pixelation/docs/markdown_archive/SECURITY_v4.md,816ea79f8c7937888ab5a972a1efb270c4bada028b448953a195359fe11d526e
/data/data/com.termux/files/home/.cargo/registry/src/index.crates.io-1949cf8c6b5b557f/crossbeam-utils-0.8.21/CHANGELOG.md,/data/data/com.termux/files/home/pixelation/docs/markdown_archive/CHANGELOG_v113.md,366caba01b88f421c71b97f61b9806abbf05e1ba0d24e4bf034191c1f8aa03b8
/data/data/com.termux/files/home/.cargo/registry/src/index.crates.io-1949cf8c6b5b557f/crossbeam-utils-0.8.21/README.md,/data/data/com.termux/files/home/pixelation/docs/markdown_archive/README_v404.md,3c82bbb994f54ab76a9ed30a42dfd095c6e636258d379b9be3fbf66324310e71
/data/data/com.termux/files/home/.cargo/registry/src/index.crates.io-1949cf8c6b5b557f/wasm-bindgen-macro-0.2.104/README.md,/data/data/com.termux/files/home/pixelation/docs/markdown_archive/README_v100.md,5e8d81c7bfeb6d08e0781bf572b652f064af0bf82eb030ece7af3140b135b0ef
/data/data/com.termux/files/home/.cargo/registry/src/index.crates.io-1949cf8c6b5b557f/icu_properties-2.0.1/README.md,/data/data/com.termux/files/home/pixelation/docs/markdown_archive/README_v405.md,78fb5c330563031daba1639443167abd3275942fbdd55410986d47fa3924a583
/data/data/com.termux/files/home/.cargo/registry/src/index.crates.io-1949cf8c6b5b557f/libbz2-rs-sys-0.2.2/README.md,/data/data/com.termux/files/home/pixelation/docs/markdown_archive/README_v406.md,c50e1951d351a4f74a0658008ed4128943b47c30ef823dbc921140f7e1b6b0c3
/data/data/com.termux/files/home/.cargo/registry/src/index.crates.io-1949cf8c6b5b557f/icu_provider-2.0.0/README.md,/data/data/com.termux/files/home/pixelation/docs/markdown_archive/README_v407.md,2fef28533e883b656b0899debe782bd3bb9e0fcee7a83df9d8726ad545ef74b4
/data/data/com.termux/files/home/.cargo/registry/src/index.crates.io-1949cf8c6b5b557f/zeroize-1.8.2/CHANGELOG.md,/data/data/com.termux/files/home/pixelation/docs/markdown_archive/CHANGELOG_v114.md,e17837bcada5135c131c5c8a0cec6ee6ab2514808cfe4006e93bdbd91520a904
/data/data/com.termux/files/home/.cargo/registry/src/index.crates.io-1949cf8c6b5b557f/zeroize-1.8.2/README.md,/data/data/com.termux/files/home/pixelation/docs/markdown_archive/README_v153.md,6584a94c6eb56a1b62e4e0a6f92cb6e1de6dd9bb8d8fd41225603af248e0bdd7
/data/data/com.termux/files/home/.cargo/registry/src/index.crates.io-1949cf8c6b5b557f/flate2-1.1.4/MAINTENANCE.md,/data/data/com.termux/files/home/pixelation/docs/markdown_archive/MAINTENANCE.md,2904034aa8766570e5ba28b787084ea123b7c137bd688c0900d3bb6cf69a17eb
/data/data/com.termux/files/home/.cargo/registry/src/index.crates.io-1949cf8c6b5b557f/flate2-1.1.4/README.md,/data/data/com.termux/files/home/pixelation/docs/markdown_archive/README_v408.md,7958879222474ae6e290335294d3e752bb9142d611bcf800bb1c8ba0a9620871
/data/data/com.termux/files/home/.cargo/registry/src/index.crates.io-1949cf8c6b5b557f/encode_unicode-1.0.0/AUTHORS.md,/data/data/com.termux/files/home/pixelation/docs/markdown_archive/AUTHORS.md,f2cf336738ad935a482a799be004083ddd07c904513caf80f9e48011888fe1b6
/data/data/com.termux/files/home/.cargo/registry/src/index.crates.io-1949cf8c6b5b557f/encode_unicode-1.0.0/README.md,/data/data/com.termux/files/home/pixelation/docs/markdown_archive/README_v409.md,71c99222cb1e62b8f2c2e084caf6405150b57c8bf496c59b1636d63aa2e097d4
/data/data/com.termux/files/home/.cargo/registry/src/index.crates.io-1949cf8c6b5b557f/encode_unicode-1.0.0/RELEASES.md,/data/data/com.termux/files/home/pixelation/docs/markdown_archive/RELEASES_v7.md,2fde9ac9a45170936dcf66085fe7aa362d8536b1390a5f07f59e4f744fbf0d3d
/data/data/com.termux/files/home/.cargo/registry/src/index.crates.io-1949cf8c6b5b557f/icu_normalizer_data-2.0.0/README.md,/data/data/com.termux/files/home/pixelation/docs/markdown_archive/README_v410.md,f1bfe39400f3b4a2f33044d211d7df1ef022f3e7e6c5283c55d9b4a35838a617
/data/data/com.termux/files/home/.cargo/registry/src/index.crates.io-1949cf8c6b5b557f/miniz_oxide-0.8.9/LICENSE-APACHE.md,/data/data/com.termux/files/home/pixelation/docs/markdown_archive/LICENSE-APACHE_v3.md,0d542e0c8804e39aa7f37eb00da5a762149dc682d7829451287e11b938e94594
/data/data/com.termux/files/home/.cargo/registry/src/index.crates.io-1949cf8c6b5b557f/miniz_oxide-0.8.9/LICENSE-MIT.md,/data/data/com.termux/files/home/pixelation/docs/markdown_archive/LICENSE-MIT_v3.md,799e9ca9d179295ef372f25d3769cdda7d25bb2668add6a6a1e22d1e4c678b8d
/data/data/com.termux/files/home/.cargo/registry/src/index.crates.io-1949cf8c6b5b557f/miniz_oxide-0.8.9/LICENSE-ZLIB.md,/data/data/com.termux/files/home/pixelation/docs/markdown_archive/LICENSE-ZLIB_v3.md,0a54e647fe54104658b5e563c04c6f9edf251710e47bce692e0bd990a4ddaa39
/data/data/com.termux/files/home/.cargo/registry/src/index.crates.io-1949cf8c6b5b557f/miniz_oxide-0.8.9/Readme.md,/data/data/com.termux/files/home/pixelation/docs/markdown_archive/Readme_v6.md,223adc19e791c521f7cbc160c6f77959c74a86c58450855fead310461839fdd9
/data/data/com.termux/files/home/.cargo/registry/src/index.crates.io-1949cf8c6b5b557f/thiserror-2.0.17/README.md,/data/data/com.termux/files/home/pixelation/docs/markdown_archive/README_v340.md,1b665c5bcd24e6a8f052427ac09de48d74c04b7255e597e3d43ac7ca0a3a1e2f
/data/data/com.termux/files/home/.cargo/registry/src/index.crates.io-1949cf8c6b5b557f/bumpalo-3.19.0/CHANGELOG.md,/data/data/com.termux/files/home/pixelation/docs/markdown_archive/CHANGELOG_v115.md,47dc9dd541ccca617fa46338257b58de6a22b9b0709f858c86bd2f4556e53381
/data/data/com.termux/files/home/.cargo/registry/src/index.crates.io-1949cf8c6b5b557f/bumpalo-3.19.0/README.md,/data/data/com.termux/files/home/pixelation/docs/markdown_archive/README_v318.md,050b1853333be74aa06088e47f5d53bc18840319d4dd256760d3d860e5e52879
/data/data/com.termux/files/home/.cargo/registry/src/index.crates.io-1949cf8c6b5b557f/zopfli-0.8.2/README.md,/data/data/com.termux/files/home/pixelation/docs/markdown_archive/README_v411.md,e6127f10c2753d01d0f5ff5ac4407fda836f2eba2dcd129ee0416d28c41fd743
/data/data/com.termux/files/home/.cargo/registry/src/index.crates.io-1949cf8c6b5b557f/zerotrie-0.2.2/README.md,/data/data/com.termux/files/home/pixelation/docs/markdown_archive/README_v412.md,21c5a3a4999c937473283001d787b27b7f92942a4cc9df99e63466346205e777
/data/data/com.termux/files/home/.cargo/registry/src/index.crates.io-1949cf8c6b5b557f/stacker-0.1.22/README.md,/data/data/com.termux/files/home/pixelation/docs/markdown_archive/README_v413.md,3b4db90523bcff7d1381367418fdbdb3c866d13c95f1c4aa8185f2280ae33abb
/data/data/com.termux/files/home/.cargo/registry/src/index.crates.io-1949cf8c6b5b557f/icu_collections-2.0.0/README.md,/data/data/com.termux/files/home/pixelation/docs/markdown_archive/README_v414.md,b1a0b37b61d42026996dda3b7d524d42888181f3e7eaf940c9b2e5f561c449e3
/data/data/com.termux/files/home/.cargo/registry/src/index.crates.io-1949cf8c6b5b557f/tinystr-0.8.1/README.md,/data/data/com.termux/files/home/pixelation/docs/markdown_archive/README_v257.md,b7b7a33a29865bc653a6696b079c1527ba61cd58a815fc792ed6fa5bfc680ad5
/data/data/com.termux/files/home/.cargo/registry/src/index.crates.io-1949cf8c6b5b557f/quote-1.0.41/README.md,/data/data/com.termux/files/home/pixelation/docs/markdown_archive/README_v415.md,acf7f967c437c0dce953eed50f656f71cb79ecd59d8701577fbdcfb3f0946980
/data/data/com.termux/files/home/.cargo/registry/src/index.crates.io-1949cf8c6b5b557f/writeable-0.6.1/README.md,/data/data/com.termux/files/home/pixelation/docs/markdown_archive/README_v416.md,e56f15deb02cd8c01c9b10ad794e719032636e0dd8c4436c9b7e6b796756f15a
/data/data/com.termux/files/home/.cargo/registry/src/index.crates.io-1949cf8c6b5b557f/redox_syscall-0.5.18/README.md,/data/data/com.termux/files/home/pixelation/docs/markdown_archive/README_v417.md,344b22f59456e6fc60b1d0978aff5d393f5ea34e1183fbc8e225a67d6417c682
/data/data/com.termux/files/home/.cargo/registry/src/index.crates.io-1949cf8c6b5b557f/ryu-1.0.20/README.md,/data/data/com.termux/files/home/pixelation/docs/markdown_archive/README_v261.md,86f0a92cf076f4983f99926607ea272c9650a5996fa3921fc5ca5abceb0f18db
/data/data/com.termux/files/home/.cargo/registry/src/index.crates.io-1949cf8c6b5b557f/tempfile-3.23.0/CHANGELOG.md,/data/data/com.termux/files/home/pixelation/docs/markdown_archive/CHANGELOG_v116.md,eb3a625436922238a02d1d237ff5f00051cca76b8da22b7a0491240589136107
/data/data/com.termux/files/home/.cargo/registry/src/index.crates.io-1949cf8c6b5b557f/tempfile-3.23.0/README.md,/data/data/com.termux/files/home/pixelation/docs/markdown_archive/README_v190.md,972f1c35ec653943e067fd2c3d09e78f593b2e9e1eafd5b9668bf3653513de3e
/data/data/com.termux/files/home/.cargo/registry/src/index.crates.io-1949cf8c6b5b557f/clap_builder-4.5.49/README.md,/data/data/com.termux/files/home/pixelation/docs/markdown_archive/README_v418.md,f42fbb1b8c923e94e17446f00e820da68ff3932d008610298e91ab68558326e7
/data/data/com.termux/files/home/.cargo/registry/src/index.crates.io-1949cf8c6b5b557f/icu_properties_data-2.0.1/README.md,/data/data/com.termux/files/home/pixelation/docs/markdown_archive/README_v419.md,233fdc81b9903d581e35c8a7bde46690f90b79ca2919eba1bb2bbc6786c32db4
/data/data/com.termux/files/home/.cargo/registry/src/index.crates.io-1949cf8c6b5b557f/tracing-core-0.1.34/CHANGELOG.md,/data/data/com.termux/files/home/pixelation/docs/markdown_archive/CHANGELOG_v117.md,4a457692500fb81696af5fee6f0cd58948c84c34a1d10aafc46c761fa62be587
/data/data/com.termux/files/home/.cargo/registry/src/index.crates.io-1949cf8c6b5b557f/tracing-core-0.1.34/README.md,/data/data/com.termux/files/home/pixelation/docs/markdown_archive/README_v420.md,a5bf0553e4c81cbd4bc35c71f3bd8444e0f81b087f8c359a8129e9fa9b5507de
/data/data/com.termux/files/home/.cargo/registry/src/index.crates.io-1949cf8c6b5b557f/rustls-pki-types-1.12.0/README.md,/data/data/com.termux/files/home/pixelation/docs/markdown_archive/README_v421.md,52ab92f5b204b89f9ad02b778ca2b6ad6d32c7f94916e1917dae4e95569d0b92
/data/data/com.termux/files/home/.cargo/registry/src/index.crates.io-1949cf8c6b5b557f/rustls-pki-types-1.12.0/src/data/README.md,/data/data/com.termux/files/home/pixelation/docs/markdown_archive/README_v422.md,a20436d042d01819b65817bde6872147da740ac726016bdd6121a3f773b8ceb3
/data/data/com.termux/files/home/.cargo/registry/src/index.crates.io-1949cf8c6b5b557f/toml_edit-0.23.7/README.md,/data/data/com.termux/files/home/pixelation/docs/markdown_archive/README_v423.md,45bd9020cfbe94d0f24da3b919496734377a345cb74f0daa7ddb30f9973638e5
/data/data/com.termux/files/home/.cargo/registry/src/index.crates.io-1949cf8c6b5b557f/uuid-1.18.1/README.md,/data/data/com.termux/files/home/pixelation/docs/markdown_archive/README_v424.md,f259b8f88189530623f65b6886ee22a4090b4483933cacfdb7979c1ad3495f01
/data/data/com.termux/files/home/.cargo/registry/src/index.crates.io-1949cf8c6b5b557f/serde-1.0.228/README.md,/data/data/com.termux/files/home/pixelation/docs/markdown_archive/README_v425.md,d40eb47c3c6e3780359df6fe40d40a35725c843df0e3b845e10ecf2a15048664
/data/data/com.termux/files/home/.cargo/registry/src/index.crates.io-1949cf8c6b5b557f/serde-1.0.228/crates-io.md,/data/data/com.termux/files/home/pixelation/docs/markdown_archive/crates-io_v2.md,00b72e63d4f3393e28f9a219c8cb8c122013d82f0d10d6d551e239b13c5ba9e4
/data/data/com.termux/files/home/.cargo/registry/src/index.crates.io-1949cf8c6b5b557f/url-2.5.7/README.md,/data/data/com.termux/files/home/pixelation/docs/markdown_archive/README_v202.md,141354cfa79fe3a7e739834bf6e001ff1293169e1809cf9eb6d5c8af0b7a191f
/data/data/com.termux/files/home/.cargo/registry/src/index.crates.io-1949cf8c6b5b557f/typenum-1.19.0/CHANGELOG.md,/data/data/com.termux/files/home/pixelation/docs/markdown_archive/CHANGELOG_v118.md,ceaae6d2507787552e1e4cc6ed56a08d9c9fa55780bc865189152ed0a70efb3a
/data/data/com.termux/files/home/.cargo/registry/src/index.crates.io-1949cf8c6b5b557f/typenum-1.19.0/README.md,/data/data/com.termux/files/home/pixelation/docs/markdown_archive/README_v358.md,5108073f635aa3508ec8769ca0d9a65a62a7ce7aa491f130b2a8684c2779ace0
/data/data/com.termux/files/home/.cargo/registry/src/index.crates.io-1949cf8c6b5b557f/toml_edit-0.22.27/README.md,/data/data/com.termux/files/home/pixelation/docs/markdown_archive/README_v426.md,751d746789806a3df90f5e95da6d764ba459b65fd2b1ec31a1e0d0ebf7d7ab87
/data/data/com.termux/files/home/.cargo/registry/src/index.crates.io-1949cf8c6b5b557f/rayon-core-1.13.0/README.md,/data/data/com.termux/files/home/pixelation/docs/markdown_archive/README_v427.md,37a9a028cb507dbaebe7bb60fce9194f0f5b51fb3a52b2ac616969cf6ff4ef95
/data/data/com.termux/files/home/.cargo/registry/src/index.crates.io-1949cf8c6b5b557f/rayon-core-1.13.0/src/sleep/README.md,/data/data/com.termux/files/home/pixelation/docs/markdown_archive/README_v428.md,8790c7795d1a37e0c3016d4ac220ff2fc37f3995d2b5f251bbcb2216362fb9cd
/data/data/com.termux/files/home/.cargo/registry/src/index.crates.io-1949cf8c6b5b557f/webpki-roots-1.0.3/README.md,/data/data/com.termux/files/home/pixelation/docs/markdown_archive/README_v336.md,3f785bbd28b6628dadc4203a9368b729453aaa65df454e54a0c2f8a7a42395f5
/data/data/com.termux/files/home/.cargo/registry/src/index.crates.io-1949cf8c6b5b557f/bstr-1.12.0/README.md,/data/data/com.termux/files/home/pixelation/docs/markdown_archive/README_v429.md,d316b3ae5b764493f1dfb3879d405e4f7c215b43e04162ee9ab758a1963dda1d
/data/data/com.termux/files/home/.cargo/registry/src/index.crates.io-1949cf8c6b5b557f/syn-2.0.107/README.md,/data/data/com.termux/files/home/pixelation/docs/markdown_archive/README_v370.md,ae6deb98ea51df4829c0327139a555cc115c6bcf6fb459db0ef0d6a96c4566ec
/data/data/com.termux/files/home/.cargo/registry/src/index.crates.io-1949cf8c6b5b557f/rustls-0.23.33/README.md,/data/data/com.termux/files/home/pixelation/docs/markdown_archive/README_v430.md,1f3cec2c07d17bf1c3860fa6a692953fd456315134a1abe79ae4cc0c8cc1ca35
/data/data/com.termux/files/home/.cargo/registry/src/index.crates.io-1949cf8c6b5b557f/rustix-1.1.2/CHANGES.md,/data/data/com.termux/files/home/pixelation/docs/markdown_archive/CHANGES.md,b55da933d14dfc512fd660b4301729cbbddb0b106fd75a01974011e7e75f5b38
/data/data/com.termux/files/home/.cargo/registry/src/index.crates.io-1949cf8c6b5b557f/rustix-1.1.2/CODE_OF_CONDUCT.md,/data/data/com.termux/files/home/pixelation/docs/markdown_archive/CODE_OF_CONDUCT_v11.md,f210602311e3f74b32f46237fd55f4ce36d798e85e3db1432ec667f63a7ffc44
/data/data/com.termux/files/home/.cargo/registry/src/index.crates.io-1949cf8c6b5b557f/rustix-1.1.2/CONTRIBUTING.md,/data/data/com.termux/files/home/pixelation/docs/markdown_archive/CONTRIBUTING_v19.md,63d06b36bf3e44bd905be68990004e4d6098870885c7d1019c56f847327e5a31
/data/data/com.termux/files/home/.cargo/registry/src/index.crates.io-1949cf8c6b5b557f/rustix-1.1.2/ORG_CODE_OF_CONDUCT.md,/data/data/com.termux/files/home/pixelation/docs/markdown_archive/ORG_CODE_OF_CONDUCT.md,a62b69bf86e605ee1bcbb2f0a12ba79e4cebb6983a7b6491949750aecc4f2178
/data/data/com.termux/files/home/.cargo/registry/src/index.crates.io-1949cf8c6b5b557f/rustix-1.1.2/README.md,/data/data/com.termux/files/home/pixelation/docs/markdown_archive/README_v372.md,3658622bf9b064542052849cff5ebc8af6cff44862d1c356c53c36016344bca7
/data/data/com.termux/files/home/.cargo/registry/src/index.crates.io-1949cf8c6b5b557f/rustix-1.1.2/SECURITY.md,/data/data/com.termux/files/home/pixelation/docs/markdown_archive/SECURITY_v3.md,4d75afb09dd28eb5982e3a1f768ee398d90204669ceef3240a16b31dcf04148a
/data/data/com.termux/files/home/.cargo/registry/src/index.crates.io-1949cf8c6b5b557f/libc-0.2.177/CHANGELOG.md,/data/data/com.termux/files/home/pixelation/docs/markdown_archive/CHANGELOG_v119.md,5dc77b4161d173b54837a0df9a25cc5f6dfbd7319918d2a3767527fe9920b210
/data/data/com.termux/files/home/.cargo/registry/src/index.crates.io-1949cf8c6b5b557f/libc-0.2.177/CONTRIBUTING.md,/data/data/com.termux/files/home/pixelation/docs/markdown_archive/CONTRIBUTING_v21.md,1cac4c47d46f83d06eeabfb7bf3a70b1a5405a913db1afa31c0e6387eb5bc189
/data/data/com.termux/files/home/.cargo/registry/src/index.crates.io-1949cf8c6b5b557f/libc-0.2.177/README.md,/data/data/com.termux/files/home/pixelation/docs/markdown_archive/README_v349.md,a198be444453fe0b24d4fb6a8b732eb9e6dc77ebcfd119fca95b97b45c77c77a
/data/data/com.termux/files/home/.cargo/registry/src/index.crates.io-1949cf8c6b5b557f/windows_x86_64_gnullvm-0.53.1/readme.md,/data/data/com.termux/files/home/pixelation/docs/markdown_archive/readme_v13.md,60be11047d88f5cc3474be1298c739c15789e3a9d8c67fbc9ad56a6070112ca1
/data/data/com.termux/files/home/.cargo/registry/src/index.crates.io-1949cf8c6b5b557f/windows_x86_64_gnu-0.53.1/readme.md,/data/data/com.termux/files/home/pixelation/docs/markdown_archive/readme_v13.md,60be11047d88f5cc3474be1298c739c15789e3a9d8c67fbc9ad56a6070112ca1
/data/data/com.termux/files/home/.cargo/registry/src/index.crates.io-1949cf8c6b5b557f/windows_i686_gnu-0.53.1/readme.md,/data/data/com.termux/files/home/pixelation/docs/markdown_archive/readme_v13.md,60be11047d88f5cc3474be1298c739c15789e3a9d8c67fbc9ad56a6070112ca1
/data/data/com.termux/files/home/.cargo/registry/src/index.crates.io-1949cf8c6b5b557f/windows-sys-0.61.2/readme.md,/data/data/com.termux/files/home/pixelation/docs/markdown_archive/readme_v14.md,fe1f56a147f6d79260acfc3bae33d2b4863b514efed3a1b0e2bdf50389654715
/data/data/com.termux/files/home/.cargo/registry/src/index.crates.io-1949cf8c6b5b557f/rust_decimal-1.38.0/BUILD.md,/data/data/com.termux/files/home/pixelation/docs/markdown_archive/BUILD.md,302c5260cb6eb87efc1d968b42f082ea3569cca084c0cbcc1821a8670235c19a
/data/data/com.termux/files/home/.cargo/registry/src/index.crates.io-1949cf8c6b5b557f/rust_decimal-1.38.0/CHANGELOG.md,/data/data/com.termux/files/home/pixelation/docs/markdown_archive/CHANGELOG_v120.md,5b9d443fa24553085c7d8d5ee91ee1a00089e8c3b438d4e9f2eba0326112d417
/data/data/com.termux/files/home/.cargo/registry/src/index.crates.io-1949cf8c6b5b557f/rust_decimal-1.38.0/CODE_OF_CONDUCT.md,/data/data/com.termux/files/home/pixelation/docs/markdown_archive/CODE_OF_CONDUCT_v12.md,64765f10290cfce7191b4208cb21698b708a118568f5016602cccc304846a09a
/data/data/com.termux/files/home/.cargo/registry/src/index.crates.io-1949cf8c6b5b557f/rust_decimal-1.38.0/CONTRIBUTING.md,/data/data/com.termux/files/home/pixelation/docs/markdown_archive/CONTRIBUTING_v22.md,067b5df57acde371f7bc32721e4e8868e587bad3a5473e5efb2287a4f51d6d2d
/data/data/com.termux/files/home/.cargo/registry/src/index.crates.io-1949cf8c6b5b557f/rust_decimal-1.38.0/README.md,/data/data/com.termux/files/home/pixelation/docs/markdown_archive/README_v431.md,659dd47a9a42a142c4d127d24a164df15ecf5a99d35dbc686c740bafff48f1ab
/data/data/com.termux/files/home/.cargo/registry/src/index.crates.io-1949cf8c6b5b557f/rust_decimal-1.38.0/examples/README.md,/data/data/com.termux/files/home/pixelation/docs/markdown_archive/README_v432.md,b6f776ab76263752e0caca446ed0cc9d81a97b0bc733eefcadf262a601c43c66
/data/data/com.termux/files/home/.cargo/registry/src/index.crates.io-1949cf8c6b5b557f/rustls-0.23.31/README.md,/data/data/com.termux/files/home/pixelation/docs/markdown_archive/README_v430.md,1f3cec2c07d17bf1c3860fa6a692953fd456315134a1abe79ae4cc0c8cc1ca35
/data/data/com.termux/files/home/.cargo/registry/src/index.crates.io-1949cf8c6b5b557f/libc-0.2.175/CHANGELOG.md,/data/data/com.termux/files/home/pixelation/docs/markdown_archive/CHANGELOG_v121.md,8c5421d83f84a2184e9aa325744dfe19405339f528c93b04cd5f25d7668e1616
/data/data/com.termux/files/home/.cargo/registry/src/index.crates.io-1949cf8c6b5b557f/libc-0.2.175/CONTRIBUTING.md,/data/data/com.termux/files/home/pixelation/docs/markdown_archive/CONTRIBUTING_v17.md,155e7f4e96fafe9ee5c8adb5068be27a22de89a95ca9bfc7baf517b9850d20d6
/data/data/com.termux/files/home/.cargo/registry/src/index.crates.io-1949cf8c6b5b557f/libc-0.2.175/README.md,/data/data/com.termux/files/home/pixelation/docs/markdown_archive/README_v349.md,a198be444453fe0b24d4fb6a8b732eb9e6dc77ebcfd119fca95b97b45c77c77a
/data/data/com.termux/files/home/.cargo/registry/src/index.crates.io-1949cf8c6b5b557f/strum_macros-0.27.2/README.md,/data/data/com.termux/files/home/pixelation/docs/markdown_archive/README_v433.md,2295e296800e46ea3ab733d03fa81735c64a2de102f5cd65c485848d7552d1ef
/data/data/com.termux/files/home/.cargo/registry/src/index.crates.io-1949cf8c6b5b557f/bytesize-2.2.0/CHANGELOG.md,/data/data/com.termux/files/home/pixelation/docs/markdown_archive/CHANGELOG_v122.md,05fd8a8f47ac86a18b8dad57f3717f2aa8250e7b39913bbcfb863ebb72cfa9bb
/data/data/com.termux/files/home/.cargo/registry/src/index.crates.io-1949cf8c6b5b557f/bytesize-2.2.0/README.md,/data/data/com.termux/files/home/pixelation/docs/markdown_archive/README_v434.md,d966d10b02f90b50c26a1c166f3de51f07becbdc9d4911a1229d49b5ffa61d2c
/data/data/com.termux/files/home/.cargo/registry/src/index.crates.io-1949cf8c6b5b557f/lddtree-0.4.0/README.md,/data/data/com.termux/files/home/pixelation/docs/markdown_archive/README_v323.md,3be08ff724af1ef45a25098bb703d622bb095e5d8028a70f44b68217bab00492
/data/data/com.termux/files/home/.cargo/registry/src/index.crates.io-1949cf8c6b5b557f/potential_utf-0.1.4/README.md,/data/data/com.termux/files/home/pixelation/docs/markdown_archive/README_v435.md,c077e4d9e1438c188f0f8319b41376784562725e80bac136a3ca82062ac15b45
/data/data/com.termux/files/home/.cargo/registry/src/index.crates.io-1949cf8c6b5b557f/typeid-1.0.3/README.md,/data/data/com.termux/files/home/pixelation/docs/markdown_archive/README_v436.md,51280285faf5c10009380fab5c955c764b22ca896178e2fbbb8d9f089f8634a9
/data/data/com.termux/files/home/.cargo/registry/src/index.crates.io-1949cf8c6b5b557f/yoke-derive-0.8.1/README.md,/data/data/com.termux/files/home/pixelation/docs/markdown_archive/README_v253.md,5004c9b0aa6e1f4d0e5c8919e14e0bad0cc6753cc589d82aa9521e1bc1fd39bf
/data/data/com.termux/files/home/.cargo/registry/src/index.crates.io-1949cf8c6b5b557f/cargo-platform-0.2.0/README.md,/data/data/com.termux/files/home/pixelation/docs/markdown_archive/README_v437.md,23bb153e6c8585dfac13913a49606eacbb54a44afec4db95b6aafee9f51449dc
/data/data/com.termux/files/home/.cargo/registry/src/index.crates.io-1949cf8c6b5b557f/crypto-common-0.1.7/CHANGELOG.md,/data/data/com.termux/files/home/pixelation/docs/markdown_archive/CHANGELOG_v123.md,6fcfa84d237ac5900879ebd2a91b41f680088e741ca95c965d205880382d94cb
/data/data/com.termux/files/home/.cargo/registry/src/index.crates.io-1949cf8c6b5b557f/crypto-common-0.1.7/README.md,/data/data/com.termux/files/home/pixelation/docs/markdown_archive/README_v61.md,3451ce2bc0b658041902a8e792023d9874700e9292eac9153c45f203430e24a0
/data/data/com.termux/files/home/.cargo/registry/src/index.crates.io-1949cf8c6b5b557f/writeable-0.6.2/README.md,/data/data/com.termux/files/home/pixelation/docs/markdown_archive/README_v438.md,e7e1bb1d88602f2f4f3bc7b74be4915a999854dcf9bbc970cc504049edf6b7c1
/data/data/com.termux/files/home/.cargo/registry/src/index.crates.io-1949cf8c6b5b557f/fs4-0.13.1/CHANGELOG.md,/data/data/com.termux/files/home/pixelation/docs/markdown_archive/CHANGELOG_v124.md,f46eb16d5bdcf8fba5ee9c2c8fd921ccd9266191a2aa397a4f1adc68b8444cdd
/data/data/com.termux/files/home/.cargo/registry/src/index.crates.io-1949cf8c6b5b557f/fs4-0.13.1/README.md,/data/data/com.termux/files/home/pixelation/docs/markdown_archive/README_v439.md,0e6d22c07c55ff9a1ea73c09bc4fa1055c9f2222a6dff89a9701b593e8ff257c
/data/data/com.termux/files/home/.cargo/registry/src/index.crates.io-1949cf8c6b5b557f/find-msvc-tools-0.1.5/CHANGELOG.md,/data/data/com.termux/files/home/pixelation/docs/markdown_archive/CHANGELOG_v125.md,5f3a181623167daaf5e579415568ce79aa4e8cefe6168318c9699e12345812bc
/data/data/com.termux/files/home/.cargo/registry/src/index.crates.io-1949cf8c6b5b557f/find-msvc-tools-0.1.5/README.md,/data/data/com.termux/files/home/pixelation/docs/markdown_archive/README_v440.md,d6cf03feee4a01dd83469fc8f83a7a153b8e96aa209192aa82698ad70935261e
/data/data/com.termux/files/home/.cargo/registry/src/index.crates.io-1949cf8c6b5b557f/wasm-bindgen-0.2.105/README.md,/data/data/com.termux/files/home/pixelation/docs/markdown_archive/README_v441.md,074cc7476622aa5fd7494f56c3a9652aa0de2261e37a799e995019e763683f78
/data/data/com.termux/files/home/.cargo/registry/src/index.crates.io-1949cf8c6b5b557f/yoke-0.8.1/README.md,/data/data/com.termux/files/home/pixelation/docs/markdown_archive/README_v267.md,7caeea392483abdb034071f43cd056c7a69940b77a0e65ad7f37f4657107d4a3
/data/data/com.termux/files/home/.cargo/registry/src/index.crates.io-1949cf8c6b5b557f/icu_provider-2.1.1/README.md,/data/data/com.termux/files/home/pixelation/docs/markdown_archive/README_v407.md,2fef28533e883b656b0899debe782bd3bb9e0fcee7a83df9d8726ad545ef74b4
/data/data/com.termux/files/home/.cargo/registry/src/index.crates.io-1949cf8c6b5b557f/zopfli-0.8.3/README.md,/data/data/com.termux/files/home/pixelation/docs/markdown_archive/README_v411.md,e6127f10c2753d01d0f5ff5ac4407fda836f2eba2dcd129ee0416d28c41fd743
/data/data/com.termux/files/home/.cargo/registry/src/index.crates.io-1949cf8c6b5b557f/icu_normalizer_data-2.1.1/README.md,/data/data/com.termux/files/home/pixelation/docs/markdown_archive/README_v442.md,54bd0542b605a252c6542cb5bc461e9786190c382d730ca0738e42c3c3335a24
/data/data/com.termux/files/home/.cargo/registry/src/index.crates.io-1949cf8c6b5b557f/zerovec-0.11.5/README.md,/data/data/com.termux/files/home/pixelation/docs/markdown_archive/README_v329.md,1fd135cefcbcb8cc2d046496ab41c0e266c17f0830ca1399b853c0b495ece9c0
/data/data/com.termux/files/home/.cargo/registry/src/index.crates.io-1949cf8c6b5b557f/aho-corasick-1.1.4/DESIGN.md,/data/data/com.termux/files/home/pixelation/docs/markdown_archive/DESIGN.md,59c960e1b73b1d7fb41e4df6c0c1b1fcf44dd2ebc8a349597a7d0595f8cb5130
/data/data/com.termux/files/home/.cargo/registry/src/index.crates.io-1949cf8c6b5b557f/aho-corasick-1.1.4/README.md,/data/data/com.termux/files/home/pixelation/docs/markdown_archive/README_v98.md,afc4d559a98cf190029af0bf320fc0022725e349cd2a303aac860254e28f3c53
/data/data/com.termux/files/home/.cargo/registry/src/index.crates.io-1949cf8c6b5b557f/aho-corasick-1.1.4/src/packed/teddy/README.md,/data/data/com.termux/files/home/pixelation/docs/markdown_archive/README_v99.md,3a43194b64e221543d885176aba3beb1224a927385a20eca842daf6b0ea2f342
/data/data/com.termux/files/home/.cargo/registry/src/index.crates.io-1949cf8c6b5b557f/rustls-0.23.35/README.md,/data/data/com.termux/files/home/pixelation/docs/markdown_archive/README_v430.md,1f3cec2c07d17bf1c3860fa6a692953fd456315134a1abe79ae4cc0c8cc1ca35
/data/data/com.termux/files/home/.cargo/registry/src/index.crates.io-1949cf8c6b5b557f/rpds-1.2.0/LICENSE.md,/data/data/com.termux/files/home/pixelation/docs/markdown_archive/LICENSE_v8.md,e326b5fef9084c437878cc2184ba6dfa15503f46e5359dd67246f51761ea709f
/data/data/com.termux/files/home/.cargo/registry/src/index.crates.io-1949cf8c6b5b557f/rpds-1.2.0/README.md,/data/data/com.termux/files/home/pixelation/docs/markdown_archive/README_v443.md,2333c2712fdd1d72ae1201fb4b664db7f14d86641dab7eefe5df14e7fbb8be46
/data/data/com.termux/files/home/.cargo/registry/src/index.crates.io-1949cf8c6b5b557f/rpds-1.2.0/release-notes.md,/data/data/com.termux/files/home/pixelation/docs/markdown_archive/release-notes.md,fc5a9712769f6cdfb23c4f607d61aa36b5eb7eaec542dc95fbc740bbf75c3d76
/data/data/com.termux/files/home/.cargo/registry/src/index.crates.io-1949cf8c6b5b557f/cc-1.2.48/CHANGELOG.md,/data/data/com.termux/files/home/pixelation/docs/markdown_archive/CHANGELOG_v126.md,99938a8b8b10297cb6da9baa9c0ebb583fe6ccc3a604a7d1333fd76df8a27b9d
/data/data/com.termux/files/home/.cargo/registry/src/index.crates.io-1949cf8c6b5b557f/cc-1.2.48/README.md,/data/data/com.termux/files/home/pixelation/docs/markdown_archive/README_v235.md,f1ddbede208a5b78333a25dac0a7598e678e9b601a7d99a791069bddaf180dfe
/data/data/com.termux/files/home/.cargo/registry/src/index.crates.io-1949cf8c6b5b557f/pyo3-0.27.2/.towncrier.template.md,/data/data/com.termux/files/home/pixelation/docs/markdown_archive/.towncrier.template.md,1ecda4cea38054f243aaf1a1021a4d83f3d45399e6b69330c38cad1616230515
/data/data/com.termux/files/home/.cargo/registry/src/index.crates.io-1949cf8c6b5b557f/pyo3-0.27.2/Architecture.md,/data/data/com.termux/files/home/pixelation/docs/markdown_archive/Architecture_v2.md,ae923653b9a9ab595fe27b2a6ec7ebf755cc56a6ad971c4c47958f7e97cb1884
/data/data/com.termux/files/home/.cargo/registry/src/index.crates.io-1949cf8c6b5b557f/pyo3-0.27.2/CHANGELOG.md,/data/data/com.termux/files/home/pixelation/docs/markdown_archive/CHANGELOG_v127.md,987f5e9cd80d9c9cdac8a9efec90a72dc52f87feee9116d93c3c0c718ad6a6bd
/data/data/com.termux/files/home/.cargo/registry/src/index.crates.io-1949cf8c6b5b557f/pyo3-0.27.2/Code-of-Conduct.md,/data/data/com.termux/files/home/pixelation/docs/markdown_archive/Code-of-Conduct.md,92d4a344e60e7310c654de92a26d84c99dafbfd4fab149a85d4e22f38232bafb
/data/data/com.termux/files/home/.cargo/registry/src/index.crates.io-1949cf8c6b5b557f/pyo3-0.27.2/Contributing.md,/data/data/com.termux/files/home/pixelation/docs/markdown_archive/Contributing_v3.md,f230a7ce399d1738b0c2728383c92cec2331351b6b8455a6da69b79d8dcf97fa
/data/data/com.termux/files/home/.cargo/registry/src/index.crates.io-1949cf8c6b5b557f/pyo3-0.27.2/README.md,/data/data/com.termux/files/home/pixelation/docs/markdown_archive/README_v444.md,2469a247a58ac102651172f3e913cade01842609d304283e3a314c1efe15cc82
/data/data/com.termux/files/home/.cargo/registry/src/index.crates.io-1949cf8c6b5b557f/pyo3-0.27.2/Releasing.md,/data/data/com.termux/files/home/pixelation/docs/markdown_archive/Releasing_v2.md,2029b18c73fe56998e3ce692a7fa590c646be56adfce96cd794f490837be45f8
/data/data/com.termux/files/home/.cargo/registry/src/index.crates.io-1949cf8c6b5b557f/pyo3-0.27.2/guide/pyclass-parameters.md,/data/data/com.termux/files/home/pixelation/docs/markdown_archive/pyclass-parameters_v3.md,722a357e9605564673888799495883a3b9cb2147a2bd323a795cccf54fb5c542
/data/data/com.termux/files/home/.cargo/registry/src/index.crates.io-1949cf8c6b5b557f/pyo3-0.27.2/guide/src/SUMMARY.md,/data/data/com.termux/files/home/pixelation/docs/markdown_archive/SUMMARY_v4.md,8921f835850c4f7edfe4ca2d6281c533c7d8fbaf5a1388dce291b736966429f4
/data/data/com.termux/files/home/.cargo/registry/src/index.crates.io-1949cf8c6b5b557f/pyo3-0.27.2/guide/src/advanced.md,/data/data/com.termux/files/home/pixelation/docs/markdown_archive/advanced.md,df2f8bb4eec77b8950f3f1b9dd558807629c34f4a3c561a6d5c702073237bd72
/data/data/com.termux/files/home/.cargo/registry/src/index.crates.io-1949cf8c6b5b557f/pyo3-0.27.2/guide/src/async-await.md,/data/data/com.termux/files/home/pixelation/docs/markdown_archive/async-await_v5.md,ebc61efbad76efaba7ea0b78be9fc934e8b32fcc8260e4ccec99aeb68817d3a7
/data/data/com.termux/files/home/.cargo/registry/src/index.crates.io-1949cf8c6b5b557f/pyo3-0.27.2/guide/src/building-and-distribution/multiple-python-versions.md,/data/data/com.termux/files/home/pixelation/docs/markdown_archive/multiple-python-versions_v2.md,4ea987f1525617275317b6324a389fa383ed2226a7c9848841c8f6d338f2ba30
/data/data/com.termux/files/home/.cargo/registry/src/index.crates.io-1949cf8c6b5b557f/pyo3-0.27.2/guide/src/building-and-distribution.md,/data/data/com.termux/files/home/pixelation/docs/markdown_archive/building-and-distribution_v3.md,f23c3e450eca9b9e82952a5f5c1d9370cf9ae19bf5c11cd9f0835243cfef28a4
/data/data/com.termux/files/home/.cargo/registry/src/index.crates.io-1949cf8c6b5b557f/pyo3-0.27.2/guide/src/changelog.md,/data/data/com.termux/files/home/pixelation/docs/markdown_archive/changelog_v2.md,439803753b2afb2157fbcb7384c4465684736c0a42d63ef8f4a5bd8356dbfa69
/data/data/com.termux/files/home/.cargo/registry/src/index.crates.io-1949cf8c6b5b557f/pyo3-0.27.2/guide/src/class/call.md,/data/data/com.termux/files/home/pixelation/docs/markdown_archive/call_v2.md,701ece9b2ac4b9afde27960de4d327e6c7514b51c3a1785e21b35ae87762dce9
/data/data/com.termux/files/home/.cargo/registry/src/index.crates.io-1949cf8c6b5b557f/pyo3-0.27.2/guide/src/class/numeric.md,/data/data/com.termux/files/home/pixelation/docs/markdown_archive/numeric_v3.md,563eb73185e82dd6f525577be2a20c708c41374ebff6a9199c166ffde6d7f6ae
/data/data/com.termux/files/home/.cargo/registry/src/index.crates.io-1949cf8c6b5b557f/pyo3-0.27.2/guide/src/class/object.md,/data/data/com.termux/files/home/pixelation/docs/markdown_archive/object_v3.md,4231f5fb47f500a20dfe620802d8599d2a12d3a9a99f3e8d0acc5fbfa10f7137
/data/data/com.termux/files/home/.cargo/registry/src/index.crates.io-1949cf8c6b5b557f/pyo3-0.27.2/guide/src/class/protocols.md,/data/data/com.termux/files/home/pixelation/docs/markdown_archive/protocols_v3.md,8366f42f0c98c180354e05c47bf6b3f3026e9f1fb9373669ba4d42e73256d839
/data/data/com.termux/files/home/.cargo/registry/src/index.crates.io-1949cf8c6b5b557f/pyo3-0.27.2/guide/src/class/thread-safety.md,/data/data/com.termux/files/home/pixelation/docs/markdown_archive/thread-safety_v3.md,84728ba481236b896ae7fc1d8896135166536c7efed8585467df4c3e9e899d9b
/data/data/com.termux/files/home/.cargo/registry/src/index.crates.io-1949cf8c6b5b557f/pyo3-0.27.2/guide/src/class.md,/data/data/com.termux/files/home/pixelation/docs/markdown_archive/class_v3.md,b5d27edb7330eac47267b9531d517376a3608776b0f105c58b37515a46c07f3d
/data/data/com.termux/files/home/.cargo/registry/src/index.crates.io-1949cf8c6b5b557f/pyo3-0.27.2/guide/src/contributing.md,/data/data/com.termux/files/home/pixelation/docs/markdown_archive/contributing_v2.md,655723bc7de5aa185b05be39400e87000595bcf268dd3066f7fc091be0a1aac0
/data/data/com.termux/files/home/.cargo/registry/src/index.crates.io-1949cf8c6b5b557f/pyo3-0.27.2/guide/src/conversions/tables.md,/data/data/com.termux/files/home/pixelation/docs/markdown_archive/tables_v3.md,5b4eeee22ebd00b366bc812921e7a8a75dabf2d9ea8d74bf5a06a4548db748fe
/data/data/com.termux/files/home/.cargo/registry/src/index.crates.io-1949cf8c6b5b557f/pyo3-0.27.2/guide/src/conversions/traits.md,/data/data/com.termux/files/home/pixelation/docs/markdown_archive/traits_v4.md,5e390dc706300e5d43b40c615bc59ddc62d52cf792ee58a5e7bc72b84e468ba9
/data/data/com.termux/files/home/.cargo/registry/src/index.crates.io-1949cf8c6b5b557f/pyo3-0.27.2/guide/src/conversions.md,/data/data/com.termux/files/home/pixelation/docs/markdown_archive/conversions_v2.md,8c27cff72407ec7c1c8303cdfa4d25d85524c2fece55a74f8ea41d8f0e1e0ad0
/data/data/com.termux/files/home/.cargo/registry/src/index.crates.io-1949cf8c6b5b557f/pyo3-0.27.2/guide/src/debugging.md,/data/data/com.termux/files/home/pixelation/docs/markdown_archive/debugging_v3.md,a1d65afb28ec709e083e2b36b3fb7cf9a8713090eb42cfe2d07cfd6219f67d91
/data/data/com.termux/files/home/.cargo/registry/src/index.crates.io-1949cf8c6b5b557f/pyo3-0.27.2/guide/src/ecosystem/async-await.md,/data/data/com.termux/files/home/pixelation/docs/markdown_archive/async-await_v6.md,37c70b94a48ee29507c9f4ce3491ae66212c900591a179050da52b215063cb85
/data/data/com.termux/files/home/.cargo/registry/src/index.crates.io-1949cf8c6b5b557f/pyo3-0.27.2/guide/src/ecosystem/logging.md,/data/data/com.termux/files/home/pixelation/docs/markdown_archive/logging_v3.md,ba0c8243ac5df80404483c4e3507ce5b42da840cb4177c54eb99cd5ae0a5f959
/data/data/com.termux/files/home/.cargo/registry/src/index.crates.io-1949cf8c6b5b557f/pyo3-0.27.2/guide/src/ecosystem/tracing.md,/data/data/com.termux/files/home/pixelation/docs/markdown_archive/tracing_v2.md,85161cc9e691f688b5b8c2ebff4b79d163ae5e1b358ac496aa8e1595c8ee2061
/data/data/com.termux/files/home/.cargo/registry/src/index.crates.io-1949cf8c6b5b557f/pyo3-0.27.2/guide/src/ecosystem.md,/data/data/com.termux/files/home/pixelation/docs/markdown_archive/ecosystem.md,d2a663465d9842f91bee793899dd5dd51e5431b5ced03d8bbb205c0eeaf5cc1c
/data/data/com.termux/files/home/.cargo/registry/src/index.crates.io-1949cf8c6b5b557f/pyo3-0.27.2/guide/src/exception.md,/data/data/com.termux/files/home/pixelation/docs/markdown_archive/exception_v3.md,4cbd2b3b9fcd16c293a84682ab6c2f98a80b7bdf048ef13fcc93e09e3a6ead86
/data/data/com.termux/files/home/.cargo/registry/src/index.crates.io-1949cf8c6b5b557f/pyo3-0.27.2/guide/src/faq.md,/data/data/com.termux/files/home/pixelation/docs/markdown_archive/faq_v3.md,88145a168dca5afd776c641307effa419f85bfb51e84557facb5475a5950e52f
/data/data/com.termux/files/home/.cargo/registry/src/index.crates.io-1949cf8c6b5b557f/pyo3-0.27.2/guide/src/features.md,/data/data/com.termux/files/home/pixelation/docs/markdown_archive/features_v3.md,99bc136a685f6d8bb1354d5d35c3d7c9f958b7847ab18b2555b3faa0b1032f52
/data/data/com.termux/files/home/.cargo/registry/src/index.crates.io-1949cf8c6b5b557f/pyo3-0.27.2/guide/src/free-threading.md,/data/data/com.termux/files/home/pixelation/docs/markdown_archive/free-threading_v3.md,9f2794b4dcd9b32cb5e00c23b1e79e7173b18cab90debdc20ba15f939813eb8b
/data/data/com.termux/files/home/.cargo/registry/src/index.crates.io-1949cf8c6b5b557f/pyo3-0.27.2/guide/src/function/error-handling.md,/data/data/com.termux/files/home/pixelation/docs/markdown_archive/error-handling_v2.md,babfdea3770a38d5d2306c9965f4212ad9767725961ddc24a47fc684217ab85f
/data/data/com.termux/files/home/.cargo/registry/src/index.crates.io-1949cf8c6b5b557f/pyo3-0.27.2/guide/src/function/signature.md,/data/data/com.termux/files/home/pixelation/docs/markdown_archive/signature_v3.md,624a2e085480afafd1c97c83b56ae0bb9b076799629470194f9080d7d075e3b5
/data/data/com.termux/files/home/.cargo/registry/src/index.crates.io-1949cf8c6b5b557f/pyo3-0.27.2/guide/src/function-calls.md,/data/data/com.termux/files/home/pixelation/docs/markdown_archive/function-calls.md,7a7f84b340f532210f5293656682a5c8087542e50774ab07e1096b2d350a4484
/data/data/com.termux/files/home/.cargo/registry/src/index.crates.io-1949cf8c6b5b557f/pyo3-0.27.2/guide/src/function.md,/data/data/com.termux/files/home/pixelation/docs/markdown_archive/function_v3.md,67d3a8086941de9e686c2184622101889c8279c937f6294f29c9dcdcbe298ce4
/data/data/com.termux/files/home/.cargo/registry/src/index.crates.io-1949cf8c6b5b557f/pyo3-0.27.2/guide/src/getting-started.md,/data/data/com.termux/files/home/pixelation/docs/markdown_archive/getting-started_v3.md,63056e15ffe0bf9af6ab724cbefe2252312cd1128e3ab9fed4b4bf53bf567456
/data/data/com.termux/files/home/.cargo/registry/src/index.crates.io-1949cf8c6b5b557f/pyo3-0.27.2/guide/src/index.md,/data/data/com.termux/files/home/pixelation/docs/markdown_archive/index.md,5dc6feb93c4495c42bf6423eb46eebc73c9f22cb24fda206fb126d5411ff65a5
/data/data/com.termux/files/home/.cargo/registry/src/index.crates.io-1949cf8c6b5b557f/pyo3-0.27.2/guide/src/migration.md,/data/data/com.termux/files/home/pixelation/docs/markdown_archive/migration_v3.md,98d217ca030e150a5727e9bf76c590aa0b2e17ee0a37482c6651783465411e1b
/data/data/com.termux/files/home/.cargo/registry/src/index.crates.io-1949cf8c6b5b557f/pyo3-0.27.2/guide/src/module.md,/data/data/com.termux/files/home/pixelation/docs/markdown_archive/module_v3.md,1e745399cd3c7957b50a7a23de79fb26a573ae805b1ef2b984fe3f03ba7cc5a9
/data/data/com.termux/files/home/.cargo/registry/src/index.crates.io-1949cf8c6b5b557f/pyo3-0.27.2/guide/src/parallelism.md,/data/data/com.termux/files/home/pixelation/docs/markdown_archive/parallelism_v2.md,06c31a545aea7d72ee8400d60d9c53f72caa64c8163195570c06ab776e1be312
/data/data/com.termux/files/home/.cargo/registry/src/index.crates.io-1949cf8c6b5b557f/pyo3-0.27.2/guide/src/performance.md,/data/data/com.termux/files/home/pixelation/docs/markdown_archive/performance_v3.md,885da5b5033cac0270a7945061919a347226924ab85bf48a990aecd2f235159e
/data/data/com.termux/files/home/.cargo/registry/src/index.crates.io-1949cf8c6b5b557f/pyo3-0.27.2/guide/src/python-from-rust/calling-existing-code.md,/data/data/com.termux/files/home/pixelation/docs/markdown_archive/calling-existing-code_v2.md,dcc62490f17e8c9144eb7e3d0bd3aa0b1866a97842077f80520583b4dff07e0b
/data/data/com.termux/files/home/.cargo/registry/src/index.crates.io-1949cf8c6b5b557f/pyo3-0.27.2/guide/src/python-from-rust/function-calls.md,/data/data/com.termux/files/home/pixelation/docs/markdown_archive/function-calls_v4.md,a6ff34165d0fc64b34183d7d0bd3142161f3adb6d3b340b17a9a4b17c992c7e5
/data/data/com.termux/files/home/.cargo/registry/src/index.crates.io-1949cf8c6b5b557f/pyo3-0.27.2/guide/src/python-from-rust.md,/data/data/com.termux/files/home/pixelation/docs/markdown_archive/python-from-rust_v3.md,963d1d004a37354dba05e6ca026beeb60e37da31daebcaaebafd14cf688b9096
/data/data/com.termux/files/home/.cargo/registry/src/index.crates.io-1949cf8c6b5b557f/pyo3-0.27.2/guide/src/python-typing-hints.md,/data/data/com.termux/files/home/pixelation/docs/markdown_archive/python-typing-hints_v3.md,26e527da21e4d646ae06e269bbb97ef5f89290839f807135ef2bba99110b34bb
/data/data/com.termux/files/home/.cargo/registry/src/index.crates.io-1949cf8c6b5b557f/pyo3-0.27.2/guide/src/rust-from-python.md,/data/data/com.termux/files/home/pixelation/docs/markdown_archive/rust-from-python.md,7e1da8b958da7b428f76302cb91e159ec36973dc8368cf6033c3e3512a3e496a
/data/data/com.termux/files/home/.cargo/registry/src/index.crates.io-1949cf8c6b5b557f/pyo3-0.27.2/guide/src/trait-bounds.md,/data/data/com.termux/files/home/pixelation/docs/markdown_archive/trait-bounds_v3.md,8f4a8692ed8c6fc66a856f2125480efdbe512386c3882e1320184aaacd5b3fcc
/data/data/com.termux/files/home/.cargo/registry/src/index.crates.io-1949cf8c6b5b557f/pyo3-0.27.2/guide/src/type-stub.md,/data/data/com.termux/files/home/pixelation/docs/markdown_archive/type-stub.md,12fb558ad20e87634a54ddf6259a58fb8a11a4666d8fd2cd2bbeaa907588e1cc
/data/data/com.termux/files/home/.cargo/registry/src/index.crates.io-1949cf8c6b5b557f/pyo3-0.27.2/guide/src/types.md,/data/data/com.termux/files/home/pixelation/docs/markdown_archive/types_v2.md,2a4c27ce7c553562c48debfc792071f95c1fd83279064068c54ca5d87c9b517d
/data/data/com.termux/files/home/.cargo/registry/src/index.crates.io-1949cf8c6b5b557f/pyo3-0.27.2/pyo3-runtime/README.md,/data/data/com.termux/files/home/pixelation/docs/markdown_archive/README_v228.md,022371b6e623237264fb9654101bc33288f8842b5dfb9b4f5dca7215125268ba
/data/data/com.termux/files/home/.cargo/registry/src/index.crates.io-1949cf8c6b5b557f/zerovec-derive-0.10.3/README.md,/data/data/com.termux/files/home/pixelation/docs/markdown_archive/README_v445.md,bacbc17b2cb457c169257f5e22c78a45d1c4a399eadae383f7732af909616ebc
/data/data/com.termux/files/home/.cargo/registry/src/index.crates.io-1949cf8c6b5b557f/icu_normalizer-1.5.0/README.md,/data/data/com.termux/files/home/pixelation/docs/markdown_archive/README_v446.md,7c238039ae55d7dc74c6fe4d0db071db103c2740a1637943ded2a8c504c58b86
/data/data/com.termux/files/home/.cargo/registry/src/index.crates.io-1949cf8c6b5b557f/icu_normalizer-1.5.0/benches/data/README.md,/data/data/com.termux/files/home/pixelation/docs/markdown_archive/README_v447.md,fa79b84815a228c3fbfa5d4c6d12885036994ca8ad61e683b2113cf2b428bb85
/data/data/com.termux/files/home/.cargo/registry/src/index.crates.io-1949cf8c6b5b557f/icu_normalizer-1.5.0/tests/data/README.md,/data/data/com.termux/files/home/pixelation/docs/markdown_archive/README_v448.md,521fcd44a1f10f21629df88113fa29ca9f4e1dfbeea79fda19a7dc8ba435e24b
/data/data/com.termux/files/home/.cargo/registry/src/index.crates.io-1949cf8c6b5b557f/serde-1.0.218/README.md,/data/data/com.termux/files/home/pixelation/docs/markdown_archive/README_v200.md,56dd9b1d02be861a2c2a88c06005adc61f8b1d4330cd6db304ee330bcfdc4310
/data/data/com.termux/files/home/.cargo/registry/src/index.crates.io-1949cf8c6b5b557f/serde-1.0.218/crates-io.md,/data/data/com.termux/files/home/pixelation/docs/markdown_archive/crates-io.md,407d92b2932923f8708aaf31db266fd7db32e2b0afa6c569d134b680b74a1920
/data/data/com.termux/files/home/.cargo/registry/src/index.crates.io-1949cf8c6b5b557f/cc-1.0.101/CHANGELOG.md,/data/data/com.termux/files/home/pixelation/docs/markdown_archive/CHANGELOG_v128.md,97ca6d9626e3e72c1359956660dea981d97ce39aedb19fc7e118215da963384b
/data/data/com.termux/files/home/.cargo/registry/src/index.crates.io-1949cf8c6b5b557f/cc-1.0.101/README.md,/data/data/com.termux/files/home/pixelation/docs/markdown_archive/README_v235.md,f1ddbede208a5b78333a25dac0a7598e678e9b601a7d99a791069bddaf180dfe
/data/data/com.termux/files/home/.cargo/registry/src/index.crates.io-1949cf8c6b5b557f/anstyle-wincon-3.0.10/README.md,/data/data/com.termux/files/home/pixelation/docs/markdown_archive/README_v86.md,289fc63d666b20c289686a8e6c16282b20e3af91dfea2cc6c795329421e6e245
/data/data/com.termux/files/home/.cargo/registry/src/index.crates.io-1949cf8c6b5b557f/clap_lex-0.7.6/README.md,/data/data/com.termux/files/home/pixelation/docs/markdown_archive/README_v449.md,624a651f22e1591f78f597c1a4364231ad6374350796e14087bef7dac2e3d902
/data/data/com.termux/files/home/.cargo/registry/src/index.crates.io-1949cf8c6b5b557f/crc-3.3.0/README.md,/data/data/com.termux/files/home/pixelation/docs/markdown_archive/README_v450.md,c3e8748ab7af4211498c1f15d0c19c6c1faadbb0075b207d2cc4d3ba5f962400
/data/data/com.termux/files/home/.cargo/registry/src/index.crates.io-1949cf8c6b5b557f/derive_arbitrary-1.4.2/README.md,/data/data/com.termux/files/home/pixelation/docs/markdown_archive/README_v451.md,7059db284b2016ba7355c63a2b14eb732c7b8952286ff1bc4fdde605018a39c4
/data/data/com.termux/files/home/.cargo/registry/src/index.crates.io-1949cf8c6b5b557f/serde_spanned-1.0.3/README.md,/data/data/com.termux/files/home/pixelation/docs/markdown_archive/README_v452.md,dd1b53b524e4a6685a0afec2cdef745ec4da2b1eef8097c26afaf10bcae73860
/data/data/com.termux/files/home/.cargo/registry/src/index.crates.io-1949cf8c6b5b557f/idna_adapter-1.2.1/README.md,/data/data/com.termux/files/home/pixelation/docs/markdown_archive/README_v453.md,48fbe86bdf574cdfb76c6eabaa8134549ad40d0e3c6c1a3b29000fc8d92c8426
/data/data/com.termux/files/home/.cargo/registry/src/index.crates.io-1949cf8c6b5b557f/lazy_static-1.5.0/README.md,/data/data/com.termux/files/home/pixelation/docs/markdown_archive/README_v454.md,41e8c243b3e89d7ba8ef3cf1dbd1e0a8e5eb88741288ef9e122437d6d4f8895d
/data/data/com.termux/files/home/.cargo/registry/src/index.crates.io-1949cf8c6b5b557f/serial_test-3.2.0/README.md,/data/data/com.termux/files/home/pixelation/docs/markdown_archive/README_v455.md,007276a4a3e2567175306b75f261b83e08b865ba6bc7a9a26530f8c0e335f42b
/data/data/com.termux/files/home/.cargo/registry/src/index.crates.io-1949cf8c6b5b557f/adler2-2.0.1/CHANGELOG.md,/data/data/com.termux/files/home/pixelation/docs/markdown_archive/CHANGELOG_v129.md,04fa29ec6eb6b05b706247ecac2cbc7075792dbfcea0bf52715782cf42132e94
/data/data/com.termux/files/home/.cargo/registry/src/index.crates.io-1949cf8c6b5b557f/adler2-2.0.1/README.md,/data/data/com.termux/files/home/pixelation/docs/markdown_archive/README_v456.md,cd955d5d6a49161e6f7a04df4a5963581b66ed43fd5096b2dedca8e295efe4f9
/data/data/com.termux/files/home/.cargo/registry/src/index.crates.io-1949cf8c6b5b557f/adler2-2.0.1/RELEASE_PROCESS.md,/data/data/com.termux/files/home/pixelation/docs/markdown_archive/RELEASE_PROCESS.md,a86cd10fc70f167f8d00e9e4ce0c6b4ebdfa1865058390dffd1e0ad4d3e68d9d
/data/data/com.termux/files/home/.cargo/registry/src/index.crates.io-1949cf8c6b5b557f/anstyle-parse-0.2.7/README.md,/data/data/com.termux/files/home/pixelation/docs/markdown_archive/README_v457.md,d66bf61a027a03eb7cc34a7eaf9f8e91657445e978b6545169d629e0188d89ea
/data/data/com.termux/files/home/.cargo/registry/src/index.crates.io-1949cf8c6b5b557f/crossbeam-deque-0.8.6/CHANGELOG.md,/data/data/com.termux/files/home/pixelation/docs/markdown_archive/CHANGELOG_v130.md,0291dc92112ba4d6fe899162cded7f2b7150ed2d06d23e08e5d02a0b53a469f8
/data/data/com.termux/files/home/.cargo/registry/src/index.crates.io-1949cf8c6b5b557f/crossbeam-deque-0.8.6/README.md,/data/data/com.termux/files/home/pixelation/docs/markdown_archive/README_v458.md,86445da156ad68ea1d1f2dc49a3cef942ccc377ff56316aefe89732ded763aba
/data/data/com.termux/files/home/.cargo/registry/src/index.crates.io-1949cf8c6b5b557f/filetime-0.2.26/README.md,/data/data/com.termux/files/home/pixelation/docs/markdown_archive/README_v459.md,6cd295d9f4efe412971b1855ecaf7b19ef3956006a652ea205c456a5d33550c1
/data/data/com.termux/files/home/.cargo/registry/src/index.crates.io-1949cf8c6b5b557f/either-1.15.0/README-crates.io.md,/data/data/com.termux/files/home/pixelation/docs/markdown_archive/README-crates.io.md,b775991a01ab4a0a8de6169f597775319d9ce8178f5c74ccdc634f13a286b20c
/data/data/com.termux/files/home/.cargo/registry/src/index.crates.io-1949cf8c6b5b557f/futures-executor-0.3.31/README.md,/data/data/com.termux/files/home/pixelation/docs/markdown_archive/README_v460.md,05ba6a5490962c4df45b78e9ad928a29dd5c3fad749284d5b812ca7e765feb6d
/data/data/com.termux/files/home/.cargo/registry/src/index.crates.io-1949cf8c6b5b557f/lzxd-0.2.6/README.md,/data/data/com.termux/files/home/pixelation/docs/markdown_archive/README_v461.md,d757a7a2f537c0273c714684243a691d1a5d27e16c3ba02d59c5ac2e99bc7d71
/data/data/com.termux/files/home/.cargo/registry/src/index.crates.io-1949cf8c6b5b557f/boxcar-0.2.14/README.md,/data/data/com.termux/files/home/pixelation/docs/markdown_archive/README_v462.md,b4500225efa69a2fa5a7df124777ddb849cd078d254f1261d0057d08b9b6f8db
/data/data/com.termux/files/home/.cargo/registry/src/index.crates.io-1949cf8c6b5b557f/wait-timeout-0.2.1/README.md,/data/data/com.termux/files/home/pixelation/docs/markdown_archive/README_v463.md,98929e53f432d525819f988542fa66595a6db202e7e6001190aecc2a66786155
/data/data/com.termux/files/home/.cargo/registry/src/index.crates.io-1949cf8c6b5b557f/webpki-roots-0.26.11/README.md,/data/data/com.termux/files/home/pixelation/docs/markdown_archive/README_v336.md,3f785bbd28b6628dadc4203a9368b729453aaa65df454e54a0c2f8a7a42395f5
/data/data/com.termux/files/home/.cargo/registry/src/index.crates.io-1949cf8c6b5b557f/xattr-1.6.1/README.md,/data/data/com.termux/files/home/pixelation/docs/markdown_archive/README_v464.md,a207638e1dbbd93ad245c0cdcb15a904aa043dfe65adce5a111c791abbbf2165
/data/data/com.termux/files/home/.cargo/registry/src/index.crates.io-1949cf8c6b5b557f/bitflags-2.10.0/CHANGELOG.md,/data/data/com.termux/files/home/pixelation/docs/markdown_archive/CHANGELOG_v131.md,648bc400e8387d19c7170890bb6e45207d63cb3149f5591936b317ac7952bbb9
/data/data/com.termux/files/home/.cargo/registry/src/index.crates.io-1949cf8c6b5b557f/bitflags-2.10.0/CODE_OF_CONDUCT.md,/data/data/com.termux/files/home/pixelation/docs/markdown_archive/CODE_OF_CONDUCT_v2.md,42634d0f6d922f49857175af991802822f7f920487aefa2ee250a50d12251a66
/data/data/com.termux/files/home/.cargo/registry/src/index.crates.io-1949cf8c6b5b557f/bitflags-2.10.0/CONTRIBUTING.md,/data/data/com.termux/files/home/pixelation/docs/markdown_archive/CONTRIBUTING_v5.md,6c9f96eacb20af877ae2d16f024904f3038b93448a8488e9dbcac0df7f6439a5
/data/data/com.termux/files/home/.cargo/registry/src/index.crates.io-1949cf8c6b5b557f/bitflags-2.10.0/README.md,/data/data/com.termux/files/home/pixelation/docs/markdown_archive/README_v465.md,b3d42f34936fd897dc891094f0dbbfb5f41f7255f48a3fe2470b1b420b6235d6
/data/data/com.termux/files/home/.cargo/registry/src/index.crates.io-1949cf8c6b5b557f/bitflags-2.10.0/SECURITY.md,/data/data/com.termux/files/home/pixelation/docs/markdown_archive/SECURITY_v2.md,68704c8128fa2e776ed7cbda741fbf61ad52f998a96350ee7ee4dbf64c6573bc
/data/data/com.termux/files/home/.cargo/registry/src/index.crates.io-1949cf8c6b5b557f/bitflags-2.10.0/spec.md,/data/data/com.termux/files/home/pixelation/docs/markdown_archive/spec_v2.md,f0657642c7cf470e6d6e55362aaab224b3df0f22cb7796b109bb41687acea8b1
/data/data/com.termux/files/home/.cargo/registry/src/index.crates.io-1949cf8c6b5b557f/ahash-0.8.12/FAQ.md,/data/data/com.termux/files/home/pixelation/docs/markdown_archive/FAQ.md,9eb41898523ee209a0a937f9bcb78afe45ad55ca0556f8a4d4063558098f6d1e
/data/data/com.termux/files/home/.cargo/registry/src/index.crates.io-1949cf8c6b5b557f/ahash-0.8.12/README.md,/data/data/com.termux/files/home/pixelation/docs/markdown_archive/README_v386.md,d7f74d616a751bcca23d5d3b58a6daf556356a526c5f0b6aa0504715d176549a
/data/data/com.termux/files/home/.cargo/registry/src/index.crates.io-1949cf8c6b5b557f/console-0.16.1/CHANGELOG.md,/data/data/com.termux/files/home/pixelation/docs/markdown_archive/CHANGELOG_v132.md,38259591ad24ff6f6d37edd7ea27cfb53a38b8920ad62cd48a20ff79386ccf02
/data/data/com.termux/files/home/.cargo/registry/src/index.crates.io-1949cf8c6b5b557f/console-0.16.1/README.md,/data/data/com.termux/files/home/pixelation/docs/markdown_archive/README_v466.md,542f09e6ec3a04b6b991d239d4c346b4dabf005b409c815c155ac40fc677610a
/data/data/com.termux/files/home/.cargo/registry/src/index.crates.io-1949cf8c6b5b557f/terminal_size-0.4.3/README.md,/data/data/com.termux/files/home/pixelation/docs/markdown_archive/README_v467.md,5d4b74d1cfa6f8837e33d83af6e7ad3203a3fbdf8e43c6431f51b1426eca26a3
/data/data/com.termux/files/home/.cargo/registry/src/index.crates.io-1949cf8c6b5b557f/litemap-0.8.0/README.md,/data/data/com.termux/files/home/pixelation/docs/markdown_archive/README_v468.md,34cd913e9410be17d4f8ada19fb1d3660d8415e2e92b59ad2bd38e30f18b1de3
/data/data/com.termux/files/home/.cargo/registry/src/index.crates.io-1949cf8c6b5b557f/js-sys-0.3.81/README.md,/data/data/com.termux/files/home/pixelation/docs/markdown_archive/README_v469.md,bf8c6e34eb9f3d30c3c407641aca0755f5ee4b7eb84c5248b84c617c4a9c43c0
/data/data/com.termux/files/home/.cargo/registry/src/index.crates.io-1949cf8c6b5b557f/redox_users-0.4.6/README.md,/data/data/com.termux/files/home/pixelation/docs/markdown_archive/README_v470.md,9c3a6fd2a798bd1e105c5ee72f7b475471e3a9abec89b5be2b5263d654085d22
/data/data/com.termux/files/home/.cargo/registry/src/index.crates.io-1949cf8c6b5b557f/rustc-hash-2.1.1/CHANGELOG.md,/data/data/com.termux/files/home/pixelation/docs/markdown_archive/CHANGELOG_v133.md,1c9951d52d63dfbff8d32ad7909761517db5dc8f9084dba7892da8d5028c9692
/data/data/com.termux/files/home/.cargo/registry/src/index.crates.io-1949cf8c6b5b557f/rustc-hash-2.1.1/CODE_OF_CONDUCT.md,/data/data/com.termux/files/home/pixelation/docs/markdown_archive/CODE_OF_CONDUCT_v13.md,3e77f5476805b69467641b2c682aa2355344395056939089182cd901c56dce63
/data/data/com.termux/files/home/.cargo/registry/src/index.crates.io-1949cf8c6b5b557f/rustc-hash-2.1.1/README.md,/data/data/com.termux/files/home/pixelation/docs/markdown_archive/README_v471.md,ccd7a15a2e2021dbbfd5b7f99a10666a64ac50f8d5d6926a858efdde724fb424
/data/data/com.termux/files/home/.cargo/registry/src/index.crates.io-1949cf8c6b5b557f/quoted_printable-0.5.1/README.md,/data/data/com.termux/files/home/pixelation/docs/markdown_archive/README_v472.md,f834fbd433a1690d6185e27a7f40c632b4ca66f5896967348825f53ab9676651
/data/data/com.termux/files/home/.cargo/registry/src/index.crates.io-1949cf8c6b5b557f/semver-1.0.27/README.md,/data/data/com.termux/files/home/pixelation/docs/markdown_archive/README_v473.md,4a1a5c2b5bb8641613748cebfdb62f4f5f2ce2da639ef4921fcb4334af4e3ade
/data/data/com.termux/files/home/.cargo/registry/src/index.crates.io-1949cf8c6b5b557f/rustflags-0.1.7/README.md,/data/data/com.termux/files/home/pixelation/docs/markdown_archive/README_v474.md,3c62d9c0121497881fb16c2657838e8655b097299883c13981b5b743a91dd7bb
/data/data/com.termux/files/home/.cargo/registry/src/index.crates.io-1949cf8c6b5b557f/icu_normalizer-2.0.0/README.md,/data/data/com.termux/files/home/pixelation/docs/markdown_archive/README_v475.md,aec56e279d7e40a901b47a2eccb52197fde6c9499011b349c5ef509363bee6a9
/data/data/com.termux/files/home/.cargo/registry/src/index.crates.io-1949cf8c6b5b557f/icu_normalizer-2.0.0/benches/data/README.md,/data/data/com.termux/files/home/pixelation/docs/markdown_archive/README_v447.md,fa79b84815a228c3fbfa5d4c6d12885036994ca8ad61e683b2113cf2b428bb85
/data/data/com.termux/files/home/.cargo/registry/src/index.crates.io-1949cf8c6b5b557f/icu_normalizer-2.0.0/tests/data/README.md,/data/data/com.termux/files/home/pixelation/docs/markdown_archive/README_v448.md,521fcd44a1f10f21629df88113fa29ca9f4e1dfbeea79fda19a7dc8ba435e24b
/data/data/com.termux/files/home/.cargo/registry/src/index.crates.io-1949cf8c6b5b557f/thread_local-1.1.9/CHANGELOG.md,/data/data/com.termux/files/home/pixelation/docs/markdown_archive/CHANGELOG_v134.md,0130bc98dcaf6335344fe85a9efef31be7116e545198401e3c02268e7c5b71a8
/data/data/com.termux/files/home/.cargo/registry/src/index.crates.io-1949cf8c6b5b557f/thread_local-1.1.9/README.md,/data/data/com.termux/files/home/pixelation/docs/markdown_archive/README_v476.md,120dfd9b10dbf5f1c20f0be6943c9bec6543cebcebaf9d8ec4cf69bb52153e81
/data/data/com.termux/files/home/.cargo/registry/src/index.crates.io-1949cf8c6b5b557f/target-lexicon-0.13.3/README.md,/data/data/com.termux/files/home/pixelation/docs/markdown_archive/README_v375.md,608a98115ed2846984e68cbbea120473f9803c04297898c06435336a24bf4c32
/data/data/com.termux/files/home/.cargo/registry/src/index.crates.io-1949cf8c6b5b557f/toml_datetime-0.7.3/README.md,/data/data/com.termux/files/home/pixelation/docs/markdown_archive/README_v477.md,052409149adfc4473429e3fdc3f45913186d3d37bc46bc645cb7f72c5a31efbb
/data/data/com.termux/files/home/.cargo/registry/src/index.crates.io-1949cf8c6b5b557f/valuable-0.1.1/README.md,/data/data/com.termux/files/home/pixelation/docs/markdown_archive/README_v478.md,847f41128733b704280d60b93915a38c1cbfbdbcb12362e11e4119fd5ca8eb38
/data/data/com.termux/files/home/.cargo/registry/src/index.crates.io-1949cf8c6b5b557f/sha2-0.10.9/CHANGELOG.md,/data/data/com.termux/files/home/pixelation/docs/markdown_archive/CHANGELOG_v135.md,ac7458b4a503ec9f636446aa1770536a1907fee11e55a708137107b5365d2aba
/data/data/com.termux/files/home/.cargo/registry/src/index.crates.io-1949cf8c6b5b557f/sha2-0.10.9/README.md,/data/data/com.termux/files/home/pixelation/docs/markdown_archive/README_v479.md,b7af562922e4a631657acf264772d2af2b72a08d9bbc5fbcf56d9324f9027708
/data/data/com.termux/files/home/.cargo/registry/src/index.crates.io-1949cf8c6b5b557f/indexmap-2.12.0/README.md,/data/data/com.termux/files/home/pixelation/docs/markdown_archive/README_v480.md,8dae0979cb4ef716a1f1df7a2e20916d65cddc5f481418a6e543676c13460fd7
/data/data/com.termux/files/home/.cargo/registry/src/index.crates.io-1949cf8c6b5b557f/indexmap-2.12.0/RELEASES.md,/data/data/com.termux/files/home/pixelation/docs/markdown_archive/RELEASES_v8.md,dc010c8c28b50a019b102f1d6223b58dbbcaf0f6564f3a328197f3a9e82c5b73
/data/data/com.termux/files/home/.cargo/registry/src/index.crates.io-1949cf8c6b5b557f/which-7.0.3/CHANGELOG.md,/data/data/com.termux/files/home/pixelation/docs/markdown_archive/CHANGELOG_v136.md,2f478cb9aab18ca986596047079fe37dc555934644c9647099d6011caa0bf38e
/data/data/com.termux/files/home/.cargo/registry/src/index.crates.io-1949cf8c6b5b557f/which-7.0.3/README.md,/data/data/com.termux/files/home/pixelation/docs/markdown_archive/README_v481.md,a8f5e120aa218cba0adfb255b0d9e1e12d85374b378d479c69e83e57f02263c7
/data/data/com.termux/files/home/.cargo/registry/src/index.crates.io-1949cf8c6b5b557f/sdd-3.0.10/CHANGELOG.md,/data/data/com.termux/files/home/pixelation/docs/markdown_archive/CHANGELOG_v137.md,7f09017b26f97d9a361f3241d4ec53d592021d8ff8e9d56107c4cd1aba8f46ae
/data/data/com.termux/files/home/.cargo/registry/src/index.crates.io-1949cf8c6b5b557f/sdd-3.0.10/README.md,/data/data/com.termux/files/home/pixelation/docs/markdown_archive/README_v482.md,43186e72b63ed266925037019ef3a1dc5a49a5ec9c54143d20dea0a7992cf46b
/data/data/com.termux/files/home/.cargo/registry/src/index.crates.io-1949cf8c6b5b557f/rustls-pemfile-2.2.0/README.md,/data/data/com.termux/files/home/pixelation/docs/markdown_archive/README_v483.md,ad9198813ea190dced136dce2617be7e3f13f636e356b71b0902c7a8448e527b
/data/data/com.termux/files/home/.cargo/registry/src/index.crates.io-1949cf8c6b5b557f/similar-2.7.0/CHANGELOG.md,/data/data/com.termux/files/home/pixelation/docs/markdown_archive/CHANGELOG_v138.md,ff18c581bbbc07177b6431edb44917fa956b19f56b98eda468e52bd17badfe87
/data/data/com.termux/files/home/.cargo/registry/src/index.crates.io-1949cf8c6b5b557f/similar-2.7.0/README.md,/data/data/com.termux/files/home/pixelation/docs/markdown_archive/README_v484.md,ed4e7f5f1d3fe7b5ebf08377aa8ae385a1073b05687741d9691956d2726284d5
/data/data/com.termux/files/home/.cargo/registry/src/index.crates.io-1949cf8c6b5b557f/serde_core-1.0.228/README.md,/data/data/com.termux/files/home/pixelation/docs/markdown_archive/README_v485.md,d9ca174c5818d7885265f0242d3193dd2963c2ee1da84aed8b938ec6a6990e58
/data/data/com.termux/files/home/.cargo/registry/src/index.crates.io-1949cf8c6b5b557f/proc-macro2-1.0.101/README.md,/data/data/com.termux/files/home/pixelation/docs/markdown_archive/README_v201.md,c609b6865476d6c35879784e9155367a97a0da496aa5c3c61488440a20f59883
/data/data/com.termux/files/home/.cargo/registry/src/index.crates.io-1949cf8c6b5b557f/zlib-rs-0.5.2/README.md,/data/data/com.termux/files/home/pixelation/docs/markdown_archive/README_v486.md,9938581c82330440be5f3b6b9125cc02c0874b250dc62093f167bf2158dbe29a
/data/data/com.termux/files/home/.cargo/registry/src/index.crates.io-1949cf8c6b5b557f/zip-6.0.0/.amazonq/rules/rules.md,/data/data/com.termux/files/home/pixelation/docs/markdown_archive/rules.md,e371bb54d61a88264603d0dab60ef38d81fac2324ed7ccfdeab7e62fb9b06690
/data/data/com.termux/files/home/.cargo/registry/src/index.crates.io-1949cf8c6b5b557f/zip-6.0.0/CHANGELOG.md,/data/data/com.termux/files/home/pixelation/docs/markdown_archive/CHANGELOG_v139.md,7b63179dc621c530468aa8cad2b99a00f10803a69ddf5ab58d17aac0717975e3
/data/data/com.termux/files/home/.cargo/registry/src/index.crates.io-1949cf8c6b5b557f/zip-6.0.0/CODE_OF_CONDUCT.md,/data/data/com.termux/files/home/pixelation/docs/markdown_archive/CODE_OF_CONDUCT_v14.md,77930b2129928632cae79e10d0863885b34729e4f144f3ae5443cff65997196a
/data/data/com.termux/files/home/.cargo/registry/src/index.crates.io-1949cf8c6b5b557f/zip-6.0.0/CONTRIBUTING.md,/data/data/com.termux/files/home/pixelation/docs/markdown_archive/CONTRIBUTING_v23.md,a3d09049f918a0d3d9c4a09e2b5bf47436a09bc05fcfb0a198c5aa7d0ce5cbc0
/data/data/com.termux/files/home/.cargo/registry/src/index.crates.io-1949cf8c6b5b557f/zip-6.0.0/README.md,/data/data/com.termux/files/home/pixelation/docs/markdown_archive/README_v487.md,99cb24d512c8b0e2f0f15d222f4fe33e45899a87201493a9ba3a31ac7031c6f2
/data/data/com.termux/files/home/.cargo/registry/src/index.crates.io-1949cf8c6b5b557f/zip-6.0.0/SECURITY.md,/data/data/com.termux/files/home/pixelation/docs/markdown_archive/SECURITY_v5.md,d2bb3b232a752234a250243be2794c210f64b6fc3a3970d2dc8a6178e5ba75a0
/data/data/com.termux/files/home/.cargo/registry/src/index.crates.io-1949cf8c6b5b557f/zip-6.0.0/pull_request_template.md,/data/data/com.termux/files/home/pixelation/docs/markdown_archive/pull_request_template.md,7807acee3d1c3cee92d17e3e8e53e759f8c8b57b38b92a907c92fe1c92de0cc4
/data/data/com.termux/files/home/.cargo/registry/src/index.crates.io-1949cf8c6b5b557f/rayon-1.11.0/FAQ.md,/data/data/com.termux/files/home/pixelation/docs/markdown_archive/FAQ_v2.md,3b47ed781d832942f5f45db9acbf102df41b401111b6fd5303af911101746449
/data/data/com.termux/files/home/.cargo/registry/src/index.crates.io-1949cf8c6b5b557f/rayon-1.11.0/README.md,/data/data/com.termux/files/home/pixelation/docs/markdown_archive/README_v488.md,1f55d6c63c8663ba26a3df7ade14e5ad6d6253437f0946e8dc6b73399643d79e
/data/data/com.termux/files/home/.cargo/registry/src/index.crates.io-1949cf8c6b5b557f/rayon-1.11.0/RELEASES.md,/data/data/com.termux/files/home/pixelation/docs/markdown_archive/RELEASES_v9.md,d93d9bdcd13f00357518ad9eccba727c0cdfabe56ec324ee5e599fa2a0881875
/data/data/com.termux/files/home/.cargo/registry/src/index.crates.io-1949cf8c6b5b557f/rayon-1.11.0/src/iter/plumbing/README.md,/data/data/com.termux/files/home/pixelation/docs/markdown_archive/README_v489.md,da11d90143745b30efe99934bb5d8267d7b205c8096d0936ddb1bbba0b13ea17
/data/data/com.termux/files/home/.cargo/registry/src/index.crates.io-1949cf8c6b5b557f/portable-atomic-1.11.1/CHANGELOG.md,/data/data/com.termux/files/home/pixelation/docs/markdown_archive/CHANGELOG_v140.md,a7370ef60e963a325f8af6e36e645b833acf041db85b7edb11103d0edf687b40
/data/data/com.termux/files/home/.cargo/registry/src/index.crates.io-1949cf8c6b5b557f/portable-atomic-1.11.1/README.md,/data/data/com.termux/files/home/pixelation/docs/markdown_archive/README_v490.md,c0c8dd408e14d74874139f83b3623c1e93deab2ff155a4c9d156840cfa4af19a
/data/data/com.termux/files/home/.cargo/registry/src/index.crates.io-1949cf8c6b5b557f/portable-atomic-1.11.1/src/imp/atomic128/README.md,/data/data/com.termux/files/home/pixelation/docs/markdown_archive/README_v491.md,ef7dac874552a38b991d6ecbb0e850cb44d7f3820eb83e845ff45b4a66a42e9b
/data/data/com.termux/files/home/.cargo/registry/src/index.crates.io-1949cf8c6b5b557f/portable-atomic-1.11.1/src/imp/atomic64/README.md,/data/data/com.termux/files/home/pixelation/docs/markdown_archive/README_v241.md,bf6705e765bd66ac699b94398f22b9671dac8e7ab3d4de1bca2e14e472ba8ddd
/data/data/com.termux/files/home/.cargo/registry/src/index.crates.io-1949cf8c6b5b557f/portable-atomic-1.11.1/src/imp/detect/README.md,/data/data/com.termux/files/home/pixelation/docs/markdown_archive/README_v492.md,b3dcfcca4d4d7a533240e9e12f9e03a436bbd4d4d1fd2fb4817fe9222803494b
/data/data/com.termux/files/home/.cargo/registry/src/index.crates.io-1949cf8c6b5b557f/portable-atomic-1.11.1/src/imp/interrupt/README.md,/data/data/com.termux/files/home/pixelation/docs/markdown_archive/README_v243.md,14f2c84eea49ab7c0022b200750844851a116ac193dd8b9839971a89d94b2199
/data/data/com.termux/files/home/.cargo/registry/src/index.crates.io-1949cf8c6b5b557f/tracing-subscriber-0.3.20/CHANGELOG.md,/data/data/com.termux/files/home/pixelation/docs/markdown_archive/CHANGELOG_v141.md,b408265f4ac31d096f9a46924bb29997f829998172009ba5af8daab71175894b
/data/data/com.termux/files/home/.cargo/registry/src/index.crates.io-1949cf8c6b5b557f/tracing-subscriber-0.3.20/README.md,/data/data/com.termux/files/home/pixelation/docs/markdown_archive/README_v493.md,95aeb002ed62f0ba3ea93c8dd177f2161d9c8d9fb7b13f72f7ac60e282f1b36c
/data/data/com.termux/files/home/.cargo/registry/src/index.crates.io-1949cf8c6b5b557f/regex-automata-0.4.13/README.md,/data/data/com.termux/files/home/pixelation/docs/markdown_archive/README_v494.md,a7cfb89cd6d4de6b6e8b18e872227e5f1e47d91345e377aa1a75affc18c53aa1
/data/data/com.termux/files/home/.cargo/registry/src/index.crates.io-1949cf8c6b5b557f/regex-automata-0.4.13/tests/gen/README.md,/data/data/com.termux/files/home/pixelation/docs/markdown_archive/README_v495.md,c36d7a7a0b8301234f861b6a94c68b4c6a8a8a5ac2a7a762acc241a96c9a8d46
/data/data/com.termux/files/home/.cargo/registry/src/index.crates.io-1949cf8c6b5b557f/windows_x86_64_msvc-0.53.1/readme.md,/data/data/com.termux/files/home/pixelation/docs/markdown_archive/readme_v13.md,60be11047d88f5cc3474be1298c739c15789e3a9d8c67fbc9ad56a6070112ca1
/data/data/com.termux/files/home/.cargo/registry/src/index.crates.io-1949cf8c6b5b557f/windows-sys-0.60.2/readme.md,/data/data/com.termux/files/home/pixelation/docs/markdown_archive/readme_v15.md,d7b88d9e2a558e5e480f9df72b22bd9cfeb3be98648d91c38c1528a9bbd8cea6
/data/data/com.termux/files/home/.cargo/registry/src/index.crates.io-1949cf8c6b5b557f/linux-raw-sys-0.11.0/CODE_OF_CONDUCT.md,/data/data/com.termux/files/home/pixelation/docs/markdown_archive/CODE_OF_CONDUCT_v10.md,ccd9e538ce44713a2486cc8e4c01b8c8b846d1ccff15de728d8d6fa9a7f846cd
/data/data/com.termux/files/home/.cargo/registry/src/index.crates.io-1949cf8c6b5b557f/linux-raw-sys-0.11.0/ORG_CODE_OF_CONDUCT.md,/data/data/com.termux/files/home/pixelation/docs/markdown_archive/ORG_CODE_OF_CONDUCT.md,a62b69bf86e605ee1bcbb2f0a12ba79e4cebb6983a7b6491949750aecc4f2178
/data/data/com.termux/files/home/.cargo/registry/src/index.crates.io-1949cf8c6b5b557f/linux-raw-sys-0.11.0/README.md,/data/data/com.termux/files/home/pixelation/docs/markdown_archive/README_v356.md,3d4ae2ec9429adfd329b4506f7ca6faa84dca30d1c3b416f8f4e6f57bdb3aa96
/data/data/com.termux/files/home/.cargo/registry/src/index.crates.io-1949cf8c6b5b557f/portable-atomic-1.6.0/CHANGELOG.md,/data/data/com.termux/files/home/pixelation/docs/markdown_archive/CHANGELOG_v142.md,e7dafc5269137adcaaddbd78bd6fa5c42121598e115c9c2fcad64f1295b9397d
/data/data/com.termux/files/home/.cargo/registry/src/index.crates.io-1949cf8c6b5b557f/portable-atomic-1.6.0/README.md,/data/data/com.termux/files/home/pixelation/docs/markdown_archive/README_v496.md,85091dd4fe4bd5a09ca7a32a8289814688803b3a42bbae49cb222912b20fe84f
/data/data/com.termux/files/home/.cargo/registry/src/index.crates.io-1949cf8c6b5b557f/portable-atomic-1.6.0/src/imp/atomic128/README.md,/data/data/com.termux/files/home/pixelation/docs/markdown_archive/README_v497.md,ab18c8b14daf59254b50b10073e15ea83a2a5d05923e7676a1c1817d93677c62
/data/data/com.termux/files/home/.cargo/registry/src/index.crates.io-1949cf8c6b5b557f/portable-atomic-1.6.0/src/imp/interrupt/README.md,/data/data/com.termux/files/home/pixelation/docs/markdown_archive/README_v498.md,396d099bf7519755780fef3933657022bd5e9f41210cc4177e18e29bac6fede1
/data/data/com.termux/files/home/.cargo/registry/src/index.crates.io-1949cf8c6b5b557f/icu_properties_data-1.5.0/README.md,/data/data/com.termux/files/home/pixelation/docs/markdown_archive/README_v499.md,a70bb26aef3b72020d630048cec8f787f03c57505c3d4464a3131aaa1cdb2c82
/data/data/com.termux/files/home/.cargo/registry/src/index.crates.io-1949cf8c6b5b557f/syn-2.0.82/README.md,/data/data/com.termux/files/home/pixelation/docs/markdown_archive/README_v370.md,ae6deb98ea51df4829c0327139a555cc115c6bcf6fb459db0ef0d6a96c4566ec
/data/data/com.termux/files/home/.cargo/registry/src/index.crates.io-1949cf8c6b5b557f/pyo3-ffi-0.25.1/README.md,/data/data/com.termux/files/home/pixelation/docs/markdown_archive/README_v500.md,0e0be64ccabf9c11107ff567a6185aeef6dd6c598d3a26732076dcfd61b5c9a2
/data/data/com.termux/files/home/.cargo/registry/src/index.crates.io-1949cf8c6b5b557f/pyo3-ffi-0.25.1/examples/README.md,/data/data/com.termux/files/home/pixelation/docs/markdown_archive/README_v204.md,598f11a10ce25ac2bd5cfa6311d53ea0595e8a7ee63cedbf94c92b8398e945ef
/data/data/com.termux/files/home/.cargo/registry/src/index.crates.io-1949cf8c6b5b557f/ctor-proc-macro-0.0.6/README.md,/data/data/com.termux/files/home/pixelation/docs/markdown_archive/README_v59.md,09790a8194cc699fe61f68daa4af50bed127b5086513b162b27d2d026b7ac3e7
/data/data/com.termux/files/home/.cargo/registry/src/index.crates.io-1949cf8c6b5b557f/windows-threading-0.1.0/readme.md,/data/data/com.termux/files/home/pixelation/docs/markdown_archive/readme_v16.md,1b380f23fe8a08b7193b089bf70881c5deadba69b718da68aff6c341b1fc83af
/data/data/com.termux/files/home/.cargo/registry/src/index.crates.io-1949cf8c6b5b557f/anstream-0.6.20/README.md,/data/data/com.termux/files/home/pixelation/docs/markdown_archive/README_v284.md,7b22f0ac46116cae53ea847f9bc008d172276765e9955924cdbf5ff82cae5fca
/data/data/com.termux/files/home/.cargo/registry/src/index.crates.io-1949cf8c6b5b557f/signal-hook-registry-1.4.6/README.md,/data/data/com.termux/files/home/pixelation/docs/markdown_archive/README_v170.md,56d8abee3efdf82aed1791a81feb60d9db987cedfa9c2e2a6b9451ac94bb88f7
/data/data/com.termux/files/home/.cargo/registry/src/index.crates.io-1949cf8c6b5b557f/thiserror-2.0.15/README.md,/data/data/com.termux/files/home/pixelation/docs/markdown_archive/README_v340.md,1b665c5bcd24e6a8f052427ac09de48d74c04b7255e597e3d43ac7ca0a3a1e2f
/data/data/com.termux/files/home/.cargo/registry/src/index.crates.io-1949cf8c6b5b557f/async-trait-0.1.89/README.md,/data/data/com.termux/files/home/pixelation/docs/markdown_archive/README_v28.md,14f782ff6a20c3eae705b59f8c04f0e9a5d2e096ab47d20b28b315d7cbbbcd3b
/data/data/com.termux/files/home/.cargo/registry/src/index.crates.io-1949cf8c6b5b557f/rustc-demangle-0.1.26/CHANGELOG.md,/data/data/com.termux/files/home/pixelation/docs/markdown_archive/CHANGELOG_v143.md,4af2f69369b5be800b7c280cb92b26c5965d3063d244fab502871a87366d15c9
/data/data/com.termux/files/home/.cargo/registry/src/index.crates.io-1949cf8c6b5b557f/rustc-demangle-0.1.26/README.md,/data/data/com.termux/files/home/pixelation/docs/markdown_archive/README_v328.md,80516de273102806427d87f02043b657ba0b327a7c651b0c33a94c0cd395f3de
/data/data/com.termux/files/home/.cargo/registry/src/index.crates.io-1949cf8c6b5b557f/clap-4.5.45/README.md,/data/data/com.termux/files/home/pixelation/docs/markdown_archive/README_v402.md,a0a53e3248c80a4b46f7fa12ec147ab2b7cdbb7de9a3828cf2a3f20aaa5f1cf2
/data/data/com.termux/files/home/.cargo/registry/src/index.crates.io-1949cf8c6b5b557f/clap-4.5.45/examples/README.md,/data/data/com.termux/files/home/pixelation/docs/markdown_archive/README_v305.md,c5f45032ee7acda0c5f98db456cbf4f9b0362d62dc81218fcf03bcdfbd19af05
/data/data/com.termux/files/home/.cargo/registry/src/index.crates.io-1949cf8c6b5b557f/clap-4.5.45/examples/cargo-example-derive.md,/data/data/com.termux/files/home/pixelation/docs/markdown_archive/cargo-example-derive.md,66d7455f08a038872f42d9d45f9b47ebbdbf9366fafa16b749ece8ba5bdcfcce
/data/data/com.termux/files/home/.cargo/registry/src/index.crates.io-1949cf8c6b5b557f/clap-4.5.45/examples/cargo-example.md,/data/data/com.termux/files/home/pixelation/docs/markdown_archive/cargo-example.md,60a1d0f253142de5003a9474b28a5a8324a9860fc646af6309d84594d97356bd
/data/data/com.termux/files/home/.cargo/registry/src/index.crates.io-1949cf8c6b5b557f/clap-4.5.45/examples/demo.md,/data/data/com.termux/files/home/pixelation/docs/markdown_archive/demo.md,6c00568794ff99007ab0f08bf7e06fe521cb1f2f0fab30c219f16c6f54bf638d
/data/data/com.termux/files/home/.cargo/registry/src/index.crates.io-1949cf8c6b5b557f/clap-4.5.45/examples/derive_ref/interop_tests.md,/data/data/com.termux/files/home/pixelation/docs/markdown_archive/interop_tests.md,aaf307e313c3926b14f1265199ab18665bb3dea723729a7e6cbf3b237fa73941
/data/data/com.termux/files/home/.cargo/registry/src/index.crates.io-1949cf8c6b5b557f/clap-4.5.45/examples/escaped-positional-derive.md,/data/data/com.termux/files/home/pixelation/docs/markdown_archive/escaped-positional-derive.md,fb4b4351ceb43ef0c25048e8603dab6fdf4391b84e9b3ad9593602fa89abc572
/data/data/com.termux/files/home/.cargo/registry/src/index.crates.io-1949cf8c6b5b557f/clap-4.5.45/examples/escaped-positional.md,/data/data/com.termux/files/home/pixelation/docs/markdown_archive/escaped-positional.md,b44e23e5706eb815e7875825be815a370f2ba38e41d7998ea762d0ef1fb2ba56
/data/data/com.termux/files/home/.cargo/registry/src/index.crates.io-1949cf8c6b5b557f/clap-4.5.45/examples/find.md,/data/data/com.termux/files/home/pixelation/docs/markdown_archive/find.md,441ad59186eca36324d982c1b2ba458354568007cb34fc560516dc68a40ad5fd
/data/data/com.termux/files/home/.cargo/registry/src/index.crates.io-1949cf8c6b5b557f/clap-4.5.45/examples/git-derive.md,/data/data/com.termux/files/home/pixelation/docs/markdown_archive/git-derive.md,e4050c86f2789c900f9c67ccbcfe478c982588eb663b3719f378275f0c13e479
/data/data/com.termux/files/home/.cargo/registry/src/index.crates.io-1949cf8c6b5b557f/clap-4.5.45/examples/git.md,/data/data/com.termux/files/home/pixelation/docs/markdown_archive/git.md,58f861391d4af32794008ce29d1034827e4217d2281ad89e209fd01b7825b338
/data/data/com.termux/files/home/.cargo/registry/src/index.crates.io-1949cf8c6b5b557f/clap-4.5.45/examples/multicall-busybox.md,/data/data/com.termux/files/home/pixelation/docs/markdown_archive/multicall-busybox.md,b8e8a89312e2088b6dd1fac5b5b92266fda9b82c40a650dae2d41b5fcc253594
/data/data/com.termux/files/home/.cargo/registry/src/index.crates.io-1949cf8c6b5b557f/clap-4.5.45/examples/multicall-hostname.md,/data/data/com.termux/files/home/pixelation/docs/markdown_archive/multicall-hostname.md,1dedcdcc9927c08cebee11fa01fda7a730f5ddf5227c4902e1eb5ff847a80346
/data/data/com.termux/files/home/.cargo/registry/src/index.crates.io-1949cf8c6b5b557f/clap-4.5.45/examples/pacman.md,/data/data/com.termux/files/home/pixelation/docs/markdown_archive/pacman.md,8c8cf0dfc9765176a0f50aff99bbe7b2b8d8f57564957401b9f410e7e1e9a80d
/data/data/com.termux/files/home/.cargo/registry/src/index.crates.io-1949cf8c6b5b557f/clap-4.5.45/examples/tutorial_builder/01_quick.md,/data/data/com.termux/files/home/pixelation/docs/markdown_archive/01_quick.md,d2a242a6ba832cdb0a2b6f55d428d62e7048f6b7d8d8f4a75f7923da85628ca8
/data/data/com.termux/files/home/.cargo/registry/src/index.crates.io-1949cf8c6b5b557f/clap-4.5.45/examples/tutorial_builder/02_app_settings.md,/data/data/com.termux/files/home/pixelation/docs/markdown_archive/02_app_settings.md,4e7097deb0eb8e926978ef383b0da4bda33966d4e760ac0d258cd4127a054fba
/data/data/com.termux/files/home/.cargo/registry/src/index.crates.io-1949cf8c6b5b557f/clap-4.5.45/examples/tutorial_builder/02_apps.md,/data/data/com.termux/files/home/pixelation/docs/markdown_archive/02_apps.md,3cbc7010e0214d047d98104dadb76ee02ec3c5bba868758e35aebb2fdfd0fa22
/data/data/com.termux/files/home/.cargo/registry/src/index.crates.io-1949cf8c6b5b557f/clap-4.5.45/examples/tutorial_builder/02_crate.md,/data/data/com.termux/files/home/pixelation/docs/markdown_archive/02_crate.md,995dc62680b9d7c1983c673bf5775c07ae96175db186b5313c0d614308569ec0
/data/data/com.termux/files/home/.cargo/registry/src/index.crates.io-1949cf8c6b5b557f/clap-4.5.45/examples/tutorial_builder/03_01_flag_bool.md,/data/data/com.termux/files/home/pixelation/docs/markdown_archive/03_01_flag_bool.md,326d8267ce6fcc62e95fdb19f77bdc959067e41af48c7d6e465c0eafe2db741c
/data/data/com.termux/files/home/.cargo/registry/src/index.crates.io-1949cf8c6b5b557f/clap-4.5.45/examples/tutorial_builder/03_01_flag_count.md,/data/data/com.termux/files/home/pixelation/docs/markdown_archive/03_01_flag_count.md,c34ff091d239f5861a868bda051322774340be9a63dea32cbfabe8c0cc4dfd94
/data/data/com.termux/files/home/.cargo/registry/src/index.crates.io-1949cf8c6b5b557f/clap-4.5.45/examples/tutorial_builder/03_02_option.md,/data/data/com.termux/files/home/pixelation/docs/markdown_archive/03_02_option.md,f436d35a7f2aece1a30f0258f44ae09166fb4faae3b6623beb6a824d2ed234fd
/data/data/com.termux/files/home/.cargo/registry/src/index.crates.io-1949cf8c6b5b557f/clap-4.5.45/examples/tutorial_builder/03_02_option_mult.md,/data/data/com.termux/files/home/pixelation/docs/markdown_archive/03_02_option_mult.md,31930e9dbc407f5cfbb24707388d3abb17e1cd6ea4d8e9f55c15bac8d5d3168c
/data/data/com.termux/files/home/.cargo/registry/src/index.crates.io-1949cf8c6b5b557f/clap-4.5.45/examples/tutorial_builder/03_03_positional.md,/data/data/com.termux/files/home/pixelation/docs/markdown_archive/03_03_positional.md,dc2e13cf897e2e2d2b397a1ab739bfd290ec04f437128030eb7f6f609b910be7
/data/data/com.termux/files/home/.cargo/registry/src/index.crates.io-1949cf8c6b5b557f/clap-4.5.45/examples/tutorial_builder/03_03_positional_mult.md,/data/data/com.termux/files/home/pixelation/docs/markdown_archive/03_03_positional_mult.md,f1d03ca58d9ee75ec9a4cc980006a666e2c529ab6f7deaf6bd88b3fbaf09fc07
/data/data/com.termux/files/home/.cargo/registry/src/index.crates.io-1949cf8c6b5b557f/clap-4.5.45/examples/tutorial_builder/03_04_subcommands.md,/data/data/com.termux/files/home/pixelation/docs/markdown_archive/03_04_subcommands.md,aef99bdab98e23b6d12db43286a8f5ee56656e5024ffa6113dde48a15681820c
/data/data/com.termux/files/home/.cargo/registry/src/index.crates.io-1949cf8c6b5b557f/clap-4.5.45/examples/tutorial_builder/03_05_default_values.md,/data/data/com.termux/files/home/pixelation/docs/markdown_archive/03_05_default_values.md,c30c72c85190aaddc06a7c0ed1cf87356eb81f03284b0e9c5f47d4f233d06a00
/data/data/com.termux/files/home/.cargo/registry/src/index.crates.io-1949cf8c6b5b557f/clap-4.5.45/examples/tutorial_builder/03_06_required.md,/data/data/com.termux/files/home/pixelation/docs/markdown_archive/03_06_required.md,7ef4ed0da3d48a49ee2d5e7ded0deb1a810d7a51865027df50b204394be40266
/data/data/com.termux/files/home/.cargo/registry/src/index.crates.io-1949cf8c6b5b557f/clap-4.5.45/examples/tutorial_builder/04_01_enum.md,/data/data/com.termux/files/home/pixelation/docs/markdown_archive/04_01_enum.md,c89cef996c17aa909031233b283349b23427c065b634d43ee82b974f4f28d1c6
/data/data/com.termux/files/home/.cargo/registry/src/index.crates.io-1949cf8c6b5b557f/clap-4.5.45/examples/tutorial_builder/04_01_possible.md,/data/data/com.termux/files/home/pixelation/docs/markdown_archive/04_01_possible.md,e16ec1ee5e7a67ab040afd4c87c3ebf84e5ab229491b73f3da337160a0dd14bb
/data/data/com.termux/files/home/.cargo/registry/src/index.crates.io-1949cf8c6b5b557f/clap-4.5.45/examples/tutorial_builder/04_02_parse.md,/data/data/com.termux/files/home/pixelation/docs/markdown_archive/04_02_parse.md,d02e8e79e96c2def7a2576a5acc06ba539061a221960ce89eeca1a51e52ef317
/data/data/com.termux/files/home/.cargo/registry/src/index.crates.io-1949cf8c6b5b557f/clap-4.5.45/examples/tutorial_builder/04_02_validate.md,/data/data/com.termux/files/home/pixelation/docs/markdown_archive/04_02_validate.md,3f9f29b3629f0d20d8ff149ec721ee67a4baad39c12e2e379d472865c6cf682f
/data/data/com.termux/files/home/.cargo/registry/src/index.crates.io-1949cf8c6b5b557f/clap-4.5.45/examples/tutorial_builder/04_03_relations.md,/data/data/com.termux/files/home/pixelation/docs/markdown_archive/04_03_relations.md,cfc6a4ee6d6912566773c9c86b92466725e8eb90c5c765d7cb603f2ffd0d911a
/data/data/com.termux/files/home/.cargo/registry/src/index.crates.io-1949cf8c6b5b557f/clap-4.5.45/examples/tutorial_builder/04_04_custom.md,/data/data/com.termux/files/home/pixelation/docs/markdown_archive/04_04_custom.md,11581660afa0679cda9355965cf55e0a282da9184f8d2eec97a415f48878002e
/data/data/com.termux/files/home/.cargo/registry/src/index.crates.io-1949cf8c6b5b557f/clap-4.5.45/examples/tutorial_derive/01_quick.md,/data/data/com.termux/files/home/pixelation/docs/markdown_archive/01_quick_v2.md,345bbe0689766fd83929826bffc32c9067c8e97c42fb7390db2620931bd27834
/data/data/com.termux/files/home/.cargo/registry/src/index.crates.io-1949cf8c6b5b557f/clap-4.5.45/examples/tutorial_derive/02_app_settings.md,/data/data/com.termux/files/home/pixelation/docs/markdown_archive/02_app_settings_v2.md,7b3ef753653be837d6c7d92c805a8238dd61fce2fc46d58b860c3771dbfec113
/data/data/com.termux/files/home/.cargo/registry/src/index.crates.io-1949cf8c6b5b557f/clap-4.5.45/examples/tutorial_derive/02_apps.md,/data/data/com.termux/files/home/pixelation/docs/markdown_archive/02_apps_v2.md,166b48034c788304ce9d3f48f91dd7b1b7e18a6d66f689114ba618d79b60cc24
/data/data/com.termux/files/home/.cargo/registry/src/index.crates.io-1949cf8c6b5b557f/clap-4.5.45/examples/tutorial_derive/02_crate.md,/data/data/com.termux/files/home/pixelation/docs/markdown_archive/02_crate_v2.md,c15606793151791bddf5763f660a913f799303e8de4c1d28334449d0d184681d
/data/data/com.termux/files/home/.cargo/registry/src/index.crates.io-1949cf8c6b5b557f/clap-4.5.45/examples/tutorial_derive/03_01_flag_bool.md,/data/data/com.termux/files/home/pixelation/docs/markdown_archive/03_01_flag_bool_v2.md,7ffa235eb4bc61aaa15d63d4301250e2a6635520c02a55aa6294afe6798f39a0
/data/data/com.termux/files/home/.cargo/registry/src/index.crates.io-1949cf8c6b5b557f/clap-4.5.45/examples/tutorial_derive/03_01_flag_count.md,/data/data/com.termux/files/home/pixelation/docs/markdown_archive/03_01_flag_count_v2.md,02e6dc26d00cc82109350ca7910e4962007b91fe82fde1c8b86ae49dc4428a76
/data/data/com.termux/files/home/.cargo/registry/src/index.crates.io-1949cf8c6b5b557f/clap-4.5.45/examples/tutorial_derive/03_02_option.md,/data/data/com.termux/files/home/pixelation/docs/markdown_archive/03_02_option_v2.md,aa79bb542ebc969828c93dd8fd3b4a1295b323a388ca6b7229ccd1c5193c00c8
/data/data/com.termux/files/home/.cargo/registry/src/index.crates.io-1949cf8c6b5b557f/clap-4.5.45/examples/tutorial_derive/03_02_option_mult.md,/data/data/com.termux/files/home/pixelation/docs/markdown_archive/03_02_option_mult_v2.md,4241088813da3acd0079dfbcb3dea896388642d7fc0c976a143824da031d17d9
/data/data/com.termux/files/home/.cargo/registry/src/index.crates.io-1949cf8c6b5b557f/clap-4.5.45/examples/tutorial_derive/03_03_positional.md,/data/data/com.termux/files/home/pixelation/docs/markdown_archive/03_03_positional_v2.md,5cc63d71c48ea4680487e481be8f2443da5c802f9800a2d83d245ce93ae4ae0f
/data/data/com.termux/files/home/.cargo/registry/src/index.crates.io-1949cf8c6b5b557f/clap-4.5.45/examples/tutorial_derive/03_03_positional_mult.md,/data/data/com.termux/files/home/pixelation/docs/markdown_archive/03_03_positional_mult_v2.md,00e3fc665835a4df1190a5ecb7c854b1259ab2324966d69ac40770cde8e2dd21
/data/data/com.termux/files/home/.cargo/registry/src/index.crates.io-1949cf8c6b5b557f/clap-4.5.45/examples/tutorial_derive/03_04_subcommands.md,/data/data/com.termux/files/home/pixelation/docs/markdown_archive/03_04_subcommands_v2.md,8f249681987f45ea41242b643d5e5aa9b70cda8d3c562d46508523734be56948
/data/data/com.termux/files/home/.cargo/registry/src/index.crates.io-1949cf8c6b5b557f/clap-4.5.45/examples/tutorial_derive/03_05_default_values.md,/data/data/com.termux/files/home/pixelation/docs/markdown_archive/03_05_default_values_v2.md,b09e17bf0322311801881f53d9b86e5179163d4b05263988a79fd7d2b5c1eb79
/data/data/com.termux/files/home/.cargo/registry/src/index.crates.io-1949cf8c6b5b557f/clap-4.5.45/examples/tutorial_derive/03_06_optional.md,/data/data/com.termux/files/home/pixelation/docs/markdown_archive/03_06_optional.md,4c1c3d13131e4de68df58efeeecb2f5e5424377756f7e5c335c143d326427642
/data/data/com.termux/files/home/.cargo/registry/src/index.crates.io-1949cf8c6b5b557f/clap-4.5.45/examples/tutorial_derive/04_01_enum.md,/data/data/com.termux/files/home/pixelation/docs/markdown_archive/04_01_enum_v2.md,fa1deb854c06f6ca921b53e9fd98eaf8ff0a641095a592552537ed74197ef801
/data/data/com.termux/files/home/.cargo/registry/src/index.crates.io-1949cf8c6b5b557f/clap-4.5.45/examples/tutorial_derive/04_02_parse.md,/data/data/com.termux/files/home/pixelation/docs/markdown_archive/04_02_parse_v2.md,a87492c5d6fb9817345f67389142282394c525fbeade3a2750b84d949cba1c7e
/data/data/com.termux/files/home/.cargo/registry/src/index.crates.io-1949cf8c6b5b557f/clap-4.5.45/examples/tutorial_derive/04_02_validate.md,/data/data/com.termux/files/home/pixelation/docs/markdown_archive/04_02_validate_v2.md,8f83fdf4ccb89550c0df20eef49358cb222ca1a7404c18e3eafed6413c0e1313
/data/data/com.termux/files/home/.cargo/registry/src/index.crates.io-1949cf8c6b5b557f/clap-4.5.45/examples/tutorial_derive/04_03_relations.md,/data/data/com.termux/files/home/pixelation/docs/markdown_archive/04_03_relations_v2.md,15172a1e5b056ee30b6ab1fbe848c71d8499b06aa74ce30219275989034c76ac
/data/data/com.termux/files/home/.cargo/registry/src/index.crates.io-1949cf8c6b5b557f/clap-4.5.45/examples/tutorial_derive/04_04_custom.md,/data/data/com.termux/files/home/pixelation/docs/markdown_archive/04_04_custom_v2.md,f96f4ced9cce7e04e5150c2906cac315bce04a5319cab080917dd976cb815bdc
/data/data/com.termux/files/home/.cargo/registry/src/index.crates.io-1949cf8c6b5b557f/clap-4.5.45/examples/typed-derive.md,/data/data/com.termux/files/home/pixelation/docs/markdown_archive/typed-derive.md,4d65d09a62d55c99aeef05a75e899b161f2f91e3be99fb8f4f614541a580409b
/data/data/com.termux/files/home/.cargo/registry/src/index.crates.io-1949cf8c6b5b557f/hyper-util-0.1.16/CHANGELOG.md,/data/data/com.termux/files/home/pixelation/docs/markdown_archive/CHANGELOG_v144.md,d79694b61bd20498e430eb5b9d4e9a0e03aa1d30b73c8451c68ea275220ac308
/data/data/com.termux/files/home/.cargo/registry/src/index.crates.io-1949cf8c6b5b557f/hyper-util-0.1.16/README.md,/data/data/com.termux/files/home/pixelation/docs/markdown_archive/README_v327.md,b47cc5fcb41e5d802bd175f0014f5636eefb897419720ab125b446e0b7f6f666
/data/data/com.termux/files/home/.cargo/registry/src/index.crates.io-1949cf8c6b5b557f/regex-1.11.2/CHANGELOG.md,/data/data/com.termux/files/home/pixelation/docs/markdown_archive/CHANGELOG_v145.md,1f4891dbbd7bc6d1a48804040101b107214ecd46fa28c19db788919f8584465d
/data/data/com.termux/files/home/.cargo/registry/src/index.crates.io-1949cf8c6b5b557f/regex-1.11.2/README.md,/data/data/com.termux/files/home/pixelation/docs/markdown_archive/README_v501.md,2e5ffce9b5781a2c286517f0fb81e7e00d9736ffa938c9a34b5e92f30352a115
/data/data/com.termux/files/home/.cargo/registry/src/index.crates.io-1949cf8c6b5b557f/regex-1.11.2/UNICODE.md,/data/data/com.termux/files/home/pixelation/docs/markdown_archive/UNICODE_v2.md,91ee848bf40a67626940d242d3ef05e90c7d5ef72d23bcf626033b5394aee0ea
/data/data/com.termux/files/home/.cargo/registry/src/index.crates.io-1949cf8c6b5b557f/regex-1.11.2/bench/README.md,/data/data/com.termux/files/home/pixelation/docs/markdown_archive/README_v220.md,0aee42206b0e5edcb400a11faa2c536f512bcc6086e5ffdda001b9bfe4d19808
/data/data/com.termux/files/home/.cargo/registry/src/index.crates.io-1949cf8c6b5b557f/regex-1.11.2/testdata/README.md,/data/data/com.termux/files/home/pixelation/docs/markdown_archive/README_v502.md,8c06d771da52048ac5b67de8b61f386a4aa70c904a7da4efec1aa86c710b0be5
/data/data/com.termux/files/home/.cargo/registry/src/index.crates.io-1949cf8c6b5b557f/hyper-1.7.0/README.md,/data/data/com.termux/files/home/pixelation/docs/markdown_archive/README_v332.md,9f8d9269b8bfb0cfb17d119c65cebcc33f67310bcec7fbf06b8527def78c1502
/data/data/com.termux/files/home/.cargo/registry/src/index.crates.io-1949cf8c6b5b557f/clap_builder-4.5.44/README.md,/data/data/com.termux/files/home/pixelation/docs/markdown_archive/README_v333.md,cf3514ce96d37676532c1d4c1b419e56f1de6c5386f39b879389b15ca6cfe9d4
/data/data/com.termux/files/home/.cargo/registry/src/index.crates.io-1949cf8c6b5b557f/sysinfo-0.37.0/ADDING_NEW_PLATFORMS.md,/data/data/com.termux/files/home/pixelation/docs/markdown_archive/ADDING_NEW_PLATFORMS.md,43f54e5bd825d402cad4197e215c3a5fdeea81a39bec83505695557494953ae4
/data/data/com.termux/files/home/.cargo/registry/src/index.crates.io-1949cf8c6b5b557f/sysinfo-0.37.0/CHANGELOG.md,/data/data/com.termux/files/home/pixelation/docs/markdown_archive/CHANGELOG_v146.md,31275eb5456dfd0843ba740a560f01a1d168af52504f2c5e0cc023c6896687b3
/data/data/com.termux/files/home/.cargo/registry/src/index.crates.io-1949cf8c6b5b557f/sysinfo-0.37.0/README.md,/data/data/com.termux/files/home/pixelation/docs/markdown_archive/README_v503.md,23681fe682c63a06c945fb84b5fa5557e506fdb95d2355476a624d9a070ae871
/data/data/com.termux/files/home/.cargo/registry/src/index.crates.io-1949cf8c6b5b557f/sysinfo-0.37.0/md_doc/is_supported.md,/data/data/com.termux/files/home/pixelation/docs/markdown_archive/is_supported.md,5e59361c8a072d706b35e186fd0de498bbcd4aadde8ac13507e8d51695213e60
/data/data/com.termux/files/home/.cargo/registry/src/index.crates.io-1949cf8c6b5b557f/sysinfo-0.37.0/md_doc/minimum_cpu_update_interval.md,/data/data/com.termux/files/home/pixelation/docs/markdown_archive/minimum_cpu_update_interval.md,437f8a5b423b12a39f66a77d4693d246939495a6c8617f98da53348e483abffa
/data/data/com.termux/files/home/.cargo/registry/src/index.crates.io-1949cf8c6b5b557f/sysinfo-0.37.0/md_doc/pid.md,/data/data/com.termux/files/home/pixelation/docs/markdown_archive/pid.md,8825c649179e6477c3b26628d99f72004c85d4b5810cebbcacfec833ea2054b8
/data/data/com.termux/files/home/.cargo/registry/src/index.crates.io-1949cf8c6b5b557f/sysinfo-0.37.0/md_doc/serde.md,/data/data/com.termux/files/home/pixelation/docs/markdown_archive/serde.md,c816105ee8bea663a538b0c4144ca6f1b8fdf2b330ed7479929245cc0cbbb791
/data/data/com.termux/files/home/.cargo/registry/src/index.crates.io-1949cf8c6b5b557f/sysinfo-0.37.0/md_doc/sid.md,/data/data/com.termux/files/home/pixelation/docs/markdown_archive/sid.md,fcb7ffcd014c218ef5b2883a86c1818688a00b9d1593129b6646f50a0bea40cb
/data/data/com.termux/files/home/.cargo/registry/src/index.crates.io-1949cf8c6b5b557f/sysinfo-0.37.0/md_doc/supported_signals.md,/data/data/com.termux/files/home/pixelation/docs/markdown_archive/supported_signals.md,9ba8ccabab3a33d2cd5bd750ca787787f80d03b18ab8bf87c5810ec745b3319a
/data/data/com.termux/files/home/.cargo/registry/src/index.crates.io-1949cf8c6b5b557f/sysinfo-0.37.0/migration_guide.md,/data/data/com.termux/files/home/pixelation/docs/markdown_archive/migration_guide.md,9b965b7edcc17e6eea1d212f2739e9cf8ac4f7cd36597f83a03dd46503ccc0f0
/data/data/com.termux/files/home/.cargo/registry/src/index.crates.io-1949cf8c6b5b557f/objc2-io-kit-0.3.1/README.md,/data/data/com.termux/files/home/pixelation/docs/markdown_archive/README_v504.md,64c30d7808e763add513e0ee114c695bc58624d7ab987c228d19ee242a4c9f3b
/data/data/com.termux/files/home/.cargo/registry/src/index.crates.io-1949cf8c6b5b557f/zerocopy-0.8.26/CHANGELOG.md,/data/data/com.termux/files/home/pixelation/docs/markdown_archive/CHANGELOG_v55.md,876e5a74db78bdc53677ec4d489ce7b2fc87840f2dc094423cef406138082708
/data/data/com.termux/files/home/.cargo/registry/src/index.crates.io-1949cf8c6b5b557f/zerocopy-0.8.26/CONTRIBUTING.md,/data/data/com.termux/files/home/pixelation/docs/markdown_archive/CONTRIBUTING_v13.md,a0980739c88a1b5fe71e487ec49ead40a33e96042d4cb2310240ac1a635c97d3
/data/data/com.termux/files/home/.cargo/registry/src/index.crates.io-1949cf8c6b5b557f/zerocopy-0.8.26/POLICIES.md,/data/data/com.termux/files/home/pixelation/docs/markdown_archive/POLICIES.md,43dbf7f7b6e003fe080099e51ea2b70b5d99fa2185ee54717a914202a42e1a82
/data/data/com.termux/files/home/.cargo/registry/src/index.crates.io-1949cf8c6b5b557f/zerocopy-0.8.26/README.md,/data/data/com.termux/files/home/pixelation/docs/markdown_archive/README_v505.md,3d2a9c183a16038d8ba7bbeb4fa963f6793ae70aabf9d7df52967c47440e775b
/data/data/com.termux/files/home/.cargo/registry/src/index.crates.io-1949cf8c6b5b557f/pyo3-0.26.0/.towncrier.template.md,/data/data/com.termux/files/home/pixelation/docs/markdown_archive/.towncrier.template.md,1ecda4cea38054f243aaf1a1021a4d83f3d45399e6b69330c38cad1616230515
/data/data/com.termux/files/home/.cargo/registry/src/index.crates.io-1949cf8c6b5b557f/pyo3-0.26.0/Architecture.md,/data/data/com.termux/files/home/pixelation/docs/markdown_archive/Architecture_v3.md,fd871f110e2cef4a63761341329d4ded5975e063c2be4d909297686158ec85dc
/data/data/com.termux/files/home/.cargo/registry/src/index.crates.io-1949cf8c6b5b557f/pyo3-0.26.0/CHANGELOG.md,/data/data/com.termux/files/home/pixelation/docs/markdown_archive/CHANGELOG_v147.md,7863b81b7f81ab71cfa2d8f49139969bdbfd6e9a8032b38d06ae5fdbb7a06f8e
/data/data/com.termux/files/home/.cargo/registry/src/index.crates.io-1949cf8c6b5b557f/pyo3-0.26.0/Code-of-Conduct.md,/data/data/com.termux/files/home/pixelation/docs/markdown_archive/Code-of-Conduct.md,92d4a344e60e7310c654de92a26d84c99dafbfd4fab149a85d4e22f38232bafb
/data/data/com.termux/files/home/.cargo/registry/src/index.crates.io-1949cf8c6b5b557f/pyo3-0.26.0/Contributing.md,/data/data/com.termux/files/home/pixelation/docs/markdown_archive/Contributing_v2.md,2e9ddfe17f8efa3c9c29ec31b4adf4eacecab0d5ee256bd5be3d316a8b4f1d49
/data/data/com.termux/files/home/.cargo/registry/src/index.crates.io-1949cf8c6b5b557f/pyo3-0.26.0/README.md,/data/data/com.termux/files/home/pixelation/docs/markdown_archive/README_v506.md,5e2815a2390e3a95857f9459cc84fa6378e91d4f7fe678a1269e6122ed10f5fc
/data/data/com.termux/files/home/.cargo/registry/src/index.crates.io-1949cf8c6b5b557f/pyo3-0.26.0/Releasing.md,/data/data/com.termux/files/home/pixelation/docs/markdown_archive/Releasing_v2.md,2029b18c73fe56998e3ce692a7fa590c646be56adfce96cd794f490837be45f8
/data/data/com.termux/files/home/.cargo/registry/src/index.crates.io-1949cf8c6b5b557f/pyo3-0.26.0/guide/pyclass-parameters.md,/data/data/com.termux/files/home/pixelation/docs/markdown_archive/pyclass-parameters_v4.md,cfc5647080a34d5b3e09f4fe752b83058348b44f7616f2f0e52642328ea3649d
/data/data/com.termux/files/home/.cargo/registry/src/index.crates.io-1949cf8c6b5b557f/pyo3-0.26.0/guide/src/SUMMARY.md,/data/data/com.termux/files/home/pixelation/docs/markdown_archive/SUMMARY_v4.md,8921f835850c4f7edfe4ca2d6281c533c7d8fbaf5a1388dce291b736966429f4
/data/data/com.termux/files/home/.cargo/registry/src/index.crates.io-1949cf8c6b5b557f/pyo3-0.26.0/guide/src/advanced.md,/data/data/com.termux/files/home/pixelation/docs/markdown_archive/advanced.md,df2f8bb4eec77b8950f3f1b9dd558807629c34f4a3c561a6d5c702073237bd72
/data/data/com.termux/files/home/.cargo/registry/src/index.crates.io-1949cf8c6b5b557f/pyo3-0.26.0/guide/src/async-await.md,/data/data/com.termux/files/home/pixelation/docs/markdown_archive/async-await_v5.md,ebc61efbad76efaba7ea0b78be9fc934e8b32fcc8260e4ccec99aeb68817d3a7
/data/data/com.termux/files/home/.cargo/registry/src/index.crates.io-1949cf8c6b5b557f/pyo3-0.26.0/guide/src/building-and-distribution/multiple-python-versions.md,/data/data/com.termux/files/home/pixelation/docs/markdown_archive/multiple-python-versions_v3.md,98bc230629801e87cbaca9968a382d5bf80d380f6301bbc3ab6c715792ffa7b2
/data/data/com.termux/files/home/.cargo/registry/src/index.crates.io-1949cf8c6b5b557f/pyo3-0.26.0/guide/src/building-and-distribution.md,/data/data/com.termux/files/home/pixelation/docs/markdown_archive/building-and-distribution_v4.md,ceb6befd71f7300c08b005e393190ab3c11f4e39f94a9dd604f383508aad0ed3
/data/data/com.termux/files/home/.cargo/registry/src/index.crates.io-1949cf8c6b5b557f/pyo3-0.26.0/guide/src/changelog.md,/data/data/com.termux/files/home/pixelation/docs/markdown_archive/changelog_v2.md,439803753b2afb2157fbcb7384c4465684736c0a42d63ef8f4a5bd8356dbfa69
/data/data/com.termux/files/home/.cargo/registry/src/index.crates.io-1949cf8c6b5b557f/pyo3-0.26.0/guide/src/class/call.md,/data/data/com.termux/files/home/pixelation/docs/markdown_archive/call.md,6c8d305b299725e670d0d75cf94036d612bc97af00c3f0ff9698d29149a11150
/data/data/com.termux/files/home/.cargo/registry/src/index.crates.io-1949cf8c6b5b557f/pyo3-0.26.0/guide/src/class/numeric.md,/data/data/com.termux/files/home/pixelation/docs/markdown_archive/numeric_v4.md,96b183a53bbe27aef6621ef23fdce66d8b0e02be36c7993b0d937bf3943e51f7
/data/data/com.termux/files/home/.cargo/registry/src/index.crates.io-1949cf8c6b5b557f/pyo3-0.26.0/guide/src/class/object.md,/data/data/com.termux/files/home/pixelation/docs/markdown_archive/object_v4.md,d2dc78aa0722bf3500678caf5e95742cdbed429226cbef922d783a36e85e552e
/data/data/com.termux/files/home/.cargo/registry/src/index.crates.io-1949cf8c6b5b557f/pyo3-0.26.0/guide/src/class/protocols.md,/data/data/com.termux/files/home/pixelation/docs/markdown_archive/protocols_v4.md,dc55cfaf9da56c2d87e488b037ee8300566ba1001f83ee3419ab552dcfdbd0fb
/data/data/com.termux/files/home/.cargo/registry/src/index.crates.io-1949cf8c6b5b557f/pyo3-0.26.0/guide/src/class/thread-safety.md,/data/data/com.termux/files/home/pixelation/docs/markdown_archive/thread-safety_v2.md,c6b23cc588292aadab63191d73706ac98ee0efc2f9d98a202cf038e04548714e
/data/data/com.termux/files/home/.cargo/registry/src/index.crates.io-1949cf8c6b5b557f/pyo3-0.26.0/guide/src/class.md,/data/data/com.termux/files/home/pixelation/docs/markdown_archive/class_v4.md,ba3a7db63bd343c403289183153408d0d0350b3372d9b6c7920a80616e80f937
/data/data/com.termux/files/home/.cargo/registry/src/index.crates.io-1949cf8c6b5b557f/pyo3-0.26.0/guide/src/contributing.md,/data/data/com.termux/files/home/pixelation/docs/markdown_archive/contributing_v2.md,655723bc7de5aa185b05be39400e87000595bcf268dd3066f7fc091be0a1aac0
/data/data/com.termux/files/home/.cargo/registry/src/index.crates.io-1949cf8c6b5b557f/pyo3-0.26.0/guide/src/conversions/tables.md,/data/data/com.termux/files/home/pixelation/docs/markdown_archive/tables_v4.md,8ade5ea3e3275234ae9b863b405be944d0d0579cb1ee911490d533c2aed1e92e
/data/data/com.termux/files/home/.cargo/registry/src/index.crates.io-1949cf8c6b5b557f/pyo3-0.26.0/guide/src/conversions/traits.md,/data/data/com.termux/files/home/pixelation/docs/markdown_archive/traits_v5.md,63b266f3b52c1784e3f3ae9eef07df373020daa9fecbfde21bd3f7ca54ea208e
/data/data/com.termux/files/home/.cargo/registry/src/index.crates.io-1949cf8c6b5b557f/pyo3-0.26.0/guide/src/conversions.md,/data/data/com.termux/files/home/pixelation/docs/markdown_archive/conversions_v2.md,8c27cff72407ec7c1c8303cdfa4d25d85524c2fece55a74f8ea41d8f0e1e0ad0
/data/data/com.termux/files/home/.cargo/registry/src/index.crates.io-1949cf8c6b5b557f/pyo3-0.26.0/guide/src/debugging.md,/data/data/com.termux/files/home/pixelation/docs/markdown_archive/debugging_v4.md,809f3dd374709694f097b00166a97c0cf7e171246cd5e7c26e51cec38796de6b
/data/data/com.termux/files/home/.cargo/registry/src/index.crates.io-1949cf8c6b5b557f/pyo3-0.26.0/guide/src/ecosystem/async-await.md,/data/data/com.termux/files/home/pixelation/docs/markdown_archive/async-await_v4.md,f9c8399daada41f2dbbb164b9458d542b03571fdb517896a0a37c036ebbbd3ef
/data/data/com.termux/files/home/.cargo/registry/src/index.crates.io-1949cf8c6b5b557f/pyo3-0.26.0/guide/src/ecosystem/logging.md,/data/data/com.termux/files/home/pixelation/docs/markdown_archive/logging_v3.md,ba0c8243ac5df80404483c4e3507ce5b42da840cb4177c54eb99cd5ae0a5f959
/data/data/com.termux/files/home/.cargo/registry/src/index.crates.io-1949cf8c6b5b557f/pyo3-0.26.0/guide/src/ecosystem/tracing.md,/data/data/com.termux/files/home/pixelation/docs/markdown_archive/tracing.md,f232cbe8184af6563cc36d087d51f1ccb124a69bd663eea47c10e5e10e2adc57
/data/data/com.termux/files/home/.cargo/registry/src/index.crates.io-1949cf8c6b5b557f/pyo3-0.26.0/guide/src/ecosystem.md,/data/data/com.termux/files/home/pixelation/docs/markdown_archive/ecosystem.md,d2a663465d9842f91bee793899dd5dd51e5431b5ced03d8bbb205c0eeaf5cc1c
/data/data/com.termux/files/home/.cargo/registry/src/index.crates.io-1949cf8c6b5b557f/pyo3-0.26.0/guide/src/exception.md,/data/data/com.termux/files/home/pixelation/docs/markdown_archive/exception_v4.md,a47b27328d964c9541ceab2428c9ad70c97ff23ef2a87bfdaf8680df05c3dd94
/data/data/com.termux/files/home/.cargo/registry/src/index.crates.io-1949cf8c6b5b557f/pyo3-0.26.0/guide/src/faq.md,/data/data/com.termux/files/home/pixelation/docs/markdown_archive/faq_v4.md,192c3b2bc20366d94ca72128dd9e6e68926de105f02ab3caa253ffacb49e8fb9
/data/data/com.termux/files/home/.cargo/registry/src/index.crates.io-1949cf8c6b5b557f/pyo3-0.26.0/guide/src/features.md,/data/data/com.termux/files/home/pixelation/docs/markdown_archive/features_v4.md,810bb7953a79b0263b68d1951bd7254b0bde48001f8bfda6540ee68518a80138
/data/data/com.termux/files/home/.cargo/registry/src/index.crates.io-1949cf8c6b5b557f/pyo3-0.26.0/guide/src/free-threading.md,/data/data/com.termux/files/home/pixelation/docs/markdown_archive/free-threading_v4.md,b35897b0fd810bfb7beb96442d58a440a4e302dfe028938bb77fb480ad645336
/data/data/com.termux/files/home/.cargo/registry/src/index.crates.io-1949cf8c6b5b557f/pyo3-0.26.0/guide/src/function/error-handling.md,/data/data/com.termux/files/home/pixelation/docs/markdown_archive/error-handling_v3.md,2ad95f8d38d6ef9a45aab61ce3a14b171715d96b53a3972c3065ed960b9a8bbe
/data/data/com.termux/files/home/.cargo/registry/src/index.crates.io-1949cf8c6b5b557f/pyo3-0.26.0/guide/src/function/signature.md,/data/data/com.termux/files/home/pixelation/docs/markdown_archive/signature_v4.md,d8d791329e897705068eaba2b057a4595f1c0c1c9cf30826a8c5bc846473b444
/data/data/com.termux/files/home/.cargo/registry/src/index.crates.io-1949cf8c6b5b557f/pyo3-0.26.0/guide/src/function-calls.md,/data/data/com.termux/files/home/pixelation/docs/markdown_archive/function-calls.md,7a7f84b340f532210f5293656682a5c8087542e50774ab07e1096b2d350a4484
/data/data/com.termux/files/home/.cargo/registry/src/index.crates.io-1949cf8c6b5b557f/pyo3-0.26.0/guide/src/function.md,/data/data/com.termux/files/home/pixelation/docs/markdown_archive/function_v4.md,b46d89c59f042797e89aeaa5dde63870e89554951179ab1fbe6aef2202b42813
/data/data/com.termux/files/home/.cargo/registry/src/index.crates.io-1949cf8c6b5b557f/pyo3-0.26.0/guide/src/getting-started.md,/data/data/com.termux/files/home/pixelation/docs/markdown_archive/getting-started_v4.md,2894a49f8e6efd72dbf283288de7ef1c82de24eea4c84bd23f05dcf9afa66f8b
/data/data/com.termux/files/home/.cargo/registry/src/index.crates.io-1949cf8c6b5b557f/pyo3-0.26.0/guide/src/index.md,/data/data/com.termux/files/home/pixelation/docs/markdown_archive/index.md,5dc6feb93c4495c42bf6423eb46eebc73c9f22cb24fda206fb126d5411ff65a5
/data/data/com.termux/files/home/.cargo/registry/src/index.crates.io-1949cf8c6b5b557f/pyo3-0.26.0/guide/src/migration.md,/data/data/com.termux/files/home/pixelation/docs/markdown_archive/migration_v4.md,3394e0fb43543fc70fbe370ee97e9b1889b72847c1329b37676f95ea6a668ef3
/data/data/com.termux/files/home/.cargo/registry/src/index.crates.io-1949cf8c6b5b557f/pyo3-0.26.0/guide/src/module.md,/data/data/com.termux/files/home/pixelation/docs/markdown_archive/module_v4.md,6c1a72b95887b8b7e5d6dc62e552b4768fd4a57e925abc9f12a10e536e5feff2
/data/data/com.termux/files/home/.cargo/registry/src/index.crates.io-1949cf8c6b5b557f/pyo3-0.26.0/guide/src/parallelism.md,/data/data/com.termux/files/home/pixelation/docs/markdown_archive/parallelism_v3.md,9cfcc2c77bc2a37ebd0bd0f776d9050d90e41c94d7a5a59d1fe75db06ba096dc
/data/data/com.termux/files/home/.cargo/registry/src/index.crates.io-1949cf8c6b5b557f/pyo3-0.26.0/guide/src/performance.md,/data/data/com.termux/files/home/pixelation/docs/markdown_archive/performance_v4.md,08cb0ccced11b1cbd2a0b0fb71b63edab0a5a4e0e4c3db347585de3cbf5cba48
/data/data/com.termux/files/home/.cargo/registry/src/index.crates.io-1949cf8c6b5b557f/pyo3-0.26.0/guide/src/python-from-rust/calling-existing-code.md,/data/data/com.termux/files/home/pixelation/docs/markdown_archive/calling-existing-code_v3.md,133b93f8e00a4b4828931fd903ee02db16c1673ee0fdba211600e15801931cf4
/data/data/com.termux/files/home/.cargo/registry/src/index.crates.io-1949cf8c6b5b557f/pyo3-0.26.0/guide/src/python-from-rust/function-calls.md,/data/data/com.termux/files/home/pixelation/docs/markdown_archive/function-calls_v5.md,6ffc35f92c2ed25b430a1a2fc7bb89478704dd2731160892d717378596e22510
/data/data/com.termux/files/home/.cargo/registry/src/index.crates.io-1949cf8c6b5b557f/pyo3-0.26.0/guide/src/python-from-rust.md,/data/data/com.termux/files/home/pixelation/docs/markdown_archive/python-from-rust_v2.md,9019cec5daf4a53622205f624e3cac0313872fe56010a6311f721a4d44cd054e
/data/data/com.termux/files/home/.cargo/registry/src/index.crates.io-1949cf8c6b5b557f/pyo3-0.26.0/guide/src/python-typing-hints.md,/data/data/com.termux/files/home/pixelation/docs/markdown_archive/python-typing-hints_v4.md,4a3eee07aa1a9ffe4b0ee3ce2439864c369b768759b373cd0fd2d57ab00f236c
/data/data/com.termux/files/home/.cargo/registry/src/index.crates.io-1949cf8c6b5b557f/pyo3-0.26.0/guide/src/rust-from-python.md,/data/data/com.termux/files/home/pixelation/docs/markdown_archive/rust-from-python.md,7e1da8b958da7b428f76302cb91e159ec36973dc8368cf6033c3e3512a3e496a
/data/data/com.termux/files/home/.cargo/registry/src/index.crates.io-1949cf8c6b5b557f/pyo3-0.26.0/guide/src/trait-bounds.md,/data/data/com.termux/files/home/pixelation/docs/markdown_archive/trait-bounds_v4.md,f263520407a71cca6a9006916552c9a44bec51eb022a428e4ec061f393d6719f
/data/data/com.termux/files/home/.cargo/registry/src/index.crates.io-1949cf8c6b5b557f/pyo3-0.26.0/guide/src/type-stub.md,/data/data/com.termux/files/home/pixelation/docs/markdown_archive/type-stub_v2.md,cfbf2abde4e3c508496aacee92de260c9961a9320e7ef42bb71fae1f8193f6d7
/data/data/com.termux/files/home/.cargo/registry/src/index.crates.io-1949cf8c6b5b557f/pyo3-0.26.0/guide/src/types.md,/data/data/com.termux/files/home/pixelation/docs/markdown_archive/types_v3.md,f0581fd2ad67fbb37f442b01ddac6a28f9e304980bf2d98285ae4079c731d3bd
/data/data/com.termux/files/home/.cargo/registry/src/index.crates.io-1949cf8c6b5b557f/pyo3-0.26.0/pyo3-runtime/README.md,/data/data/com.termux/files/home/pixelation/docs/markdown_archive/README_v228.md,022371b6e623237264fb9654101bc33288f8842b5dfb9b4f5dca7215125268ba
/data/data/com.termux/files/home/.cargo/registry/src/index.crates.io-1949cf8c6b5b557f/once_cell_polyfill-1.70.2/README.md,/data/data/com.termux/files/home/pixelation/docs/markdown_archive/README_v507.md,e37bd89789ba9f0624e3a9c06595d6f45f3c87bfc69c5a1a32af91cdbfd0b456
/data/data/com.termux/files/home/.cargo/registry/src/index.crates.io-1949cf8c6b5b557f/is_terminal_polyfill-1.70.2/README.md,/data/data/com.termux/files/home/pixelation/docs/markdown_archive/README_v369.md,edcbd294340511763ef2f1d7b96434e822afa48fcb6dd712aaf9498afe06ea3f
/data/data/com.termux/files/home/.cargo/registry/src/index.crates.io-1949cf8c6b5b557f/ordered-float-2.10.1/README.md,/data/data/com.termux/files/home/pixelation/docs/markdown_archive/README_v508.md,f38ad2ec742e6c867cf9fca31026a4baf174f03b3b2f89c74dfcead90c28ea35
/data/data/com.termux/files/home/.cargo/registry/src/index.crates.io-1949cf8c6b5b557f/scroll_derive-0.13.1/README.md,/data/data/com.termux/files/home/pixelation/docs/markdown_archive/README_v509.md,0ed9b8c8ec7dd75f14aab9b7e54769f81b86e68960658356e260e5ec8ccac206
/data/data/com.termux/files/home/.cargo/registry/src/index.crates.io-1949cf8c6b5b557f/deranged-0.5.5/README.md,/data/data/com.termux/files/home/pixelation/docs/markdown_archive/README_v109.md,fc4c9482d9e5225630da44e5371d6fa3f37220e2f4da2dac076cf4cd4f9592e7
/data/data/com.termux/files/home/.cargo/registry/src/index.crates.io-1949cf8c6b5b557f/serde-untagged-0.1.9/README.md,/data/data/com.termux/files/home/pixelation/docs/markdown_archive/README_v510.md,23779f98bf7d4327abb3821d56410d41337e0f12a52958e0f9ef2ead3c4b8b96
/data/data/com.termux/files/home/.cargo/registry/src/index.crates.io-1949cf8c6b5b557f/clap_complete_nushell-4.5.10/README.md,/data/data/com.termux/files/home/pixelation/docs/markdown_archive/README_v398.md,26f1fcee349f7afbf2cfa6c1bd338b674a82f0b6873072da6b665bf94e10555e
/data/data/com.termux/files/home/.cargo/registry/src/index.crates.io-1949cf8c6b5b557f/clap_complete-4.5.60/README.md,/data/data/com.termux/files/home/pixelation/docs/markdown_archive/README_v511.md,599a58b60bf2b452c10ae4ab013a3b88e0a8eef74e6a85acc93c2fb6d82ea056
/data/data/com.termux/files/home/.cargo/registry/src/index.crates.io-1949cf8c6b5b557f/trycmd-0.15.11/README.md,/data/data/com.termux/files/home/pixelation/docs/markdown_archive/README_v512.md,95f6682c616b9dc5f3491433bd153c68624f71f8f8246523a6723b189e6fa7ee
/data/data/com.termux/files/home/.cargo/registry/src/index.crates.io-1949cf8c6b5b557f/unicode-ident-1.0.22/README.md,/data/data/com.termux/files/home/pixelation/docs/markdown_archive/README_v513.md,2fd3a0c6c9abd2c042fb319221f9ef2c95728a6e3725b0f067e4d315c5dbfe5a
/data/data/com.termux/files/home/.cargo/registry/src/index.crates.io-1949cf8c6b5b557f/globset-0.4.18/README.md,/data/data/com.termux/files/home/pixelation/docs/markdown_archive/README_v32.md,f521ea13d4b8622f86998487e6a00ec12663dbe0a59a6c9e13ef44ece0284332
/data/data/com.termux/files/home/.cargo/registry/src/index.crates.io-1949cf8c6b5b557f/ignore-0.4.25/README.md,/data/data/com.termux/files/home/pixelation/docs/markdown_archive/README_v185.md,fad351a4d6dad422368750be404b7a419bc9f6ab5acc86934edb3502fba2029d
/data/data/com.termux/files/home/.cargo/registry/src/index.crates.io-1949cf8c6b5b557f/proc-macro2-1.0.103/README.md,/data/data/com.termux/files/home/pixelation/docs/markdown_archive/README_v514.md,e60d0a33eb3bfc8583866bb84ca53fbae5e5cb39b67acfbb3c1f35dae41e19a9
/data/data/com.termux/files/home/.cargo/registry/src/index.crates.io-1949cf8c6b5b557f/flate2-1.1.5/MAINTENANCE.md,/data/data/com.termux/files/home/pixelation/docs/markdown_archive/MAINTENANCE.md,2904034aa8766570e5ba28b787084ea123b7c137bd688c0900d3bb6cf69a17eb
/data/data/com.termux/files/home/.cargo/registry/src/index.crates.io-1949cf8c6b5b557f/flate2-1.1.5/README.md,/data/data/com.termux/files/home/pixelation/docs/markdown_archive/README_v408.md,7958879222474ae6e290335294d3e752bb9142d611bcf800bb1c8ba0a9620871
/data/data/com.termux/files/home/.cargo/registry/src/index.crates.io-1949cf8c6b5b557f/zerotrie-0.2.3/README.md,/data/data/com.termux/files/home/pixelation/docs/markdown_archive/README_v412.md,21c5a3a4999c937473283001d787b27b7f92942a4cc9df99e63466346205e777
/data/data/com.termux/files/home/.cargo/registry/src/index.crates.io-1949cf8c6b5b557f/rstest_macros-0.26.1/README.md,/data/data/com.termux/files/home/pixelation/docs/markdown_archive/README_v140.md,a6480cd80f92b7cac5e3415fbe92b2c5fcf87df7a7045b33a310116025a66bcb
/data/data/com.termux/files/home/.cargo/registry/src/index.crates.io-1949cf8c6b5b557f/icu_locale_core-2.1.1/README.md,/data/data/com.termux/files/home/pixelation/docs/markdown_archive/README_v515.md,3e30d773b84c9682a0f03fbfae067edca276b16a2ed0f0ab99c31f6a53aa68b2
/data/data/com.termux/files/home/.cargo/registry/src/index.crates.io-1949cf8c6b5b557f/webpki-roots-1.0.4/README.md,/data/data/com.termux/files/home/pixelation/docs/markdown_archive/README_v336.md,3f785bbd28b6628dadc4203a9368b729453aaa65df454e54a0c2f8a7a42395f5
/data/data/com.termux/files/home/.cargo/registry/src/index.crates.io-1949cf8c6b5b557f/once_cell-1.21.3/CHANGELOG.md,/data/data/com.termux/files/home/pixelation/docs/markdown_archive/CHANGELOG_v148.md,9fd136356ed4e8b6116091790d500c4a627736c881ae972a0b8fc65abc13b80b
/data/data/com.termux/files/home/.cargo/registry/src/index.crates.io-1949cf8c6b5b557f/once_cell-1.21.3/README.md,/data/data/com.termux/files/home/pixelation/docs/markdown_archive/README_v385.md,2331182c8b5a6971fd0d04a0ca711d5839e93b3de6b2003108940a8c93850aaf
/data/data/com.termux/files/home/.cargo/registry/src/index.crates.io-1949cf8c6b5b557f/atomic-waker-1.1.2/CHANGELOG.md,/data/data/com.termux/files/home/pixelation/docs/markdown_archive/CHANGELOG_v149.md,cc4994b303e1f0926c064585b6a3177c9e8f6a5f3dae21c0692310e55ed4f24b
/data/data/com.termux/files/home/.cargo/registry/src/index.crates.io-1949cf8c6b5b557f/atomic-waker-1.1.2/README.md,/data/data/com.termux/files/home/pixelation/docs/markdown_archive/README_v516.md,59f887c1f6ed5f5b29fbf2b8b24fa57e9d9e48aee263afba44d2a662701409c7
/data/data/com.termux/files/home/.cargo/registry/src/index.crates.io-1949cf8c6b5b557f/git-version-0.3.9/README.md,/data/data/com.termux/files/home/pixelation/docs/markdown_archive/README_v517.md,317164a9aac975f7bab14039e66694ee6d81f858a98c6b0e02c2984366efc158
/data/data/com.termux/files/home/.cargo/registry/src/index.crates.io-1949cf8c6b5b557f/anstyle-query-1.1.4/README.md,/data/data/com.termux/files/home/pixelation/docs/markdown_archive/README_v26.md,a894d711ed43e6027f62d2672898c48333dd04b44f144ba52277883b4622b33c
/data/data/com.termux/files/home/.cargo/registry/src/index.crates.io-1949cf8c6b5b557f/env_home-0.1.0/README.md,/data/data/com.termux/files/home/pixelation/docs/markdown_archive/README_v518.md,f874a088d88bf0c604fc333744d162fdeff642e4a2e72ef23742c677e153252f
/data/data/com.termux/files/home/.cargo/registry/src/index.crates.io-1949cf8c6b5b557f/errno-0.3.14/CHANGELOG.md,/data/data/com.termux/files/home/pixelation/docs/markdown_archive/CHANGELOG_v150.md,8e2bbd60d570bdf1f36df193608f7d1b982b644a9e9e40f90a9ab33d7a67039c
/data/data/com.termux/files/home/.cargo/registry/src/index.crates.io-1949cf8c6b5b557f/errno-0.3.14/README.md,/data/data/com.termux/files/home/pixelation/docs/markdown_archive/README_v519.md,c3054b1c0013a44cefdfce77d86308fc14d26b5b17feea831a0fedb2ac940b37
/data/data/com.termux/files/home/.cargo/registry/src/index.crates.io-1949cf8c6b5b557f/windows-link-0.2.1/readme.md,/data/data/com.termux/files/home/pixelation/docs/markdown_archive/readme_v17.md,4bbe7714285567006b5b068dfc93cb3b633afae20766c9bf1fce2444874261fb
/data/data/com.termux/files/home/.cargo/registry/src/index.crates.io-1949cf8c6b5b557f/windows-targets-0.53.5/readme.md,/data/data/com.termux/files/home/pixelation/docs/markdown_archive/readme_v18.md,c618b0a46b966e56a150dd2316cea0e1f84175e60639320bc5029f54cf09aed3
/data/data/com.termux/files/home/.cargo/registry/src/index.crates.io-1949cf8c6b5b557f/cargo-options-0.7.6/README.md,/data/data/com.termux/files/home/pixelation/docs/markdown_archive/README_v520.md,2af9f83390c0da08522d6ea9bd10ee6154b870b907e6c964ba3d05a3fe2eb73c
/data/data/com.termux/files/home/.cargo/registry/src/index.crates.io-1949cf8c6b5b557f/deranged-0.5.4/README.md,/data/data/com.termux/files/home/pixelation/docs/markdown_archive/README_v109.md,fc4c9482d9e5225630da44e5371d6fa3f37220e2f4da2dac076cf4cd4f9592e7
/data/data/com.termux/files/home/.cargo/registry/src/index.crates.io-1949cf8c6b5b557f/cli-table-0.4.9/README.md,/data/data/com.termux/files/home/pixelation/docs/markdown_archive/README_v521.md,a799809f887475c25e4c4df3705df4d6089792869065b46d2b3e977683ccc720
/data/data/com.termux/files/home/.cargo/registry/src/index.crates.io-1949cf8c6b5b557f/jobserver-0.1.34/README.md,/data/data/com.termux/files/home/pixelation/docs/markdown_archive/README_v522.md,de412b60535de63bd312ab0df197f72b89d6aaeab166ed090f58a26dcda72bcf
/data/data/com.termux/files/home/.cargo/registry/src/index.crates.io-1949cf8c6b5b557f/bzip2-0.6.1/README.md,/data/data/com.termux/files/home/pixelation/docs/markdown_archive/README_v523.md,2d66f0b4525e5579995523a63c1516fc30d5a18577cd3fa15e2022271c60c342
/data/data/com.termux/files/home/.cargo/registry/src/index.crates.io-1949cf8c6b5b557f/bzip2-0.6.1/SECURITY.md,/data/data/com.termux/files/home/pixelation/docs/markdown_archive/SECURITY_v6.md,0039b13f7f294bc5a49feddde158563da96bfe7ac9e480cdfc19add105adfe2e
/data/data/com.termux/files/home/.cargo/registry/src/index.crates.io-1949cf8c6b5b557f/mime_guess-2.0.5/README.md,/data/data/com.termux/files/home/pixelation/docs/markdown_archive/README_v524.md,32663b3f4530e71cfec689576cca62911c83e504232963c65da82ebed26e2aa7
/data/data/com.termux/files/home/.cargo/registry/src/index.crates.io-1949cf8c6b5b557f/zerofrom-derive-0.1.6/README.md,/data/data/com.termux/files/home/pixelation/docs/markdown_archive/README_v252.md,2ef78913a98fb26c912c47c3c96167b9b57524754dc4857fe18a2122fec4985e
/data/data/com.termux/files/home/.cargo/registry/src/index.crates.io-1949cf8c6b5b557f/zerofrom-0.1.6/README.md,/data/data/com.termux/files/home/pixelation/docs/markdown_archive/README_v381.md,cd9b9a57dff5012642ee535c46a9f05424eab903f0b9f62de8bf7f815bcd5082
/data/data/com.termux/files/home/.cargo/registry/src/index.crates.io-1949cf8c6b5b557f/cargo-zigbuild-0.20.1/README.md,/data/data/com.termux/files/home/pixelation/docs/markdown_archive/README_v525.md,ad4976cbfa4951588b0705648f9ae202fc60dc990781e6209aa0f8de6e57398e
/data/data/com.termux/files/home/.cargo/registry/src/index.crates.io-1949cf8c6b5b557f/clap_derive-4.5.49/README.md,/data/data/com.termux/files/home/pixelation/docs/markdown_archive/README_v526.md,c7e86ee3235f6db632c6b6666508c0db60f3572a83fe69b2b920bf4e6f98e11e
/data/data/com.termux/files/home/.cargo/registry/src/index.crates.io-1949cf8c6b5b557f/cargo_metadata-0.19.2/CHANGELOG.md,/data/data/com.termux/files/home/pixelation/docs/markdown_archive/CHANGELOG_v151.md,1d3bec96cd4145a0128d3c055785f77470505ab6451d05f5559c6644c9cdbf5a
/data/data/com.termux/files/home/.cargo/registry/src/index.crates.io-1949cf8c6b5b557f/cargo_metadata-0.19.2/README.md,/data/data/com.termux/files/home/pixelation/docs/markdown_archive/README_v527.md,6be7aaba23d8646b470a966eef2f00c9fa04cf4d1de25cfb71680cef562e1574
/data/data/com.termux/files/home/.cargo/registry/src/index.crates.io-1949cf8c6b5b557f/find-msvc-tools-0.1.4/CHANGELOG.md,/data/data/com.termux/files/home/pixelation/docs/markdown_archive/CHANGELOG_v152.md,9a526d29915f274778074b07ef4cd507d69f99753ca37756e71108d47a358540
/data/data/com.termux/files/home/.cargo/registry/src/index.crates.io-1949cf8c6b5b557f/find-msvc-tools-0.1.4/README.md,/data/data/com.termux/files/home/pixelation/docs/markdown_archive/README_v440.md,d6cf03feee4a01dd83469fc8f83a7a153b8e96aa209192aa82698ad70935261e
/data/data/com.termux/files/home/.cargo/registry/src/index.crates.io-1949cf8c6b5b557f/libz-rs-sys-0.5.2/README.md,/data/data/com.termux/files/home/pixelation/docs/markdown_archive/README_v528.md,4eda5f335a45e77fd01745f31b4b04ef1b81a2d9989aa6c66c5cc8072581e596
/data/data/com.termux/files/home/.cargo/registry/src/index.crates.io-1949cf8c6b5b557f/allocator-api2-0.2.21/CHANGELOG.md,/data/data/com.termux/files/home/pixelation/docs/markdown_archive/CHANGELOG_v153.md,886f8c688db0c22d24b650df0dc30a39d05d54d0e562c00d9574bf31cbf73251
/data/data/com.termux/files/home/.cargo/registry/src/index.crates.io-1949cf8c6b5b557f/allocator-api2-0.2.21/README.md,/data/data/com.termux/files/home/pixelation/docs/markdown_archive/README_v529.md,8b8c45a89f9d61688fd32516ca24ea11cc6be4994757bd01bd9d02d96cd49337
/data/data/com.termux/files/home/.cargo/registry/src/index.crates.io-1949cf8c6b5b557f/yoke-0.8.0/README.md,/data/data/com.termux/files/home/pixelation/docs/markdown_archive/README_v267.md,7caeea392483abdb034071f43cd056c7a69940b77a0e65ad7f37f4657107d4a3
/data/data/com.termux/files/home/.cargo/registry/src/index.crates.io-1949cf8c6b5b557f/log-0.4.28/CHANGELOG.md,/data/data/com.termux/files/home/pixelation/docs/markdown_archive/CHANGELOG_v154.md,a52fd4f4ddd7ed2c62e584f62057a5265be24abb53283ea49b1eb46ceb18a701
/data/data/com.termux/files/home/.cargo/registry/src/index.crates.io-1949cf8c6b5b557f/log-0.4.28/README.md,/data/data/com.termux/files/home/pixelation/docs/markdown_archive/README_v530.md,486c6cf85f99a2a3ea14dbd5fc6d6075fdc047a0dbf2b93682595db0de6a115f
/data/data/com.termux/files/home/.cargo/registry/src/index.crates.io-1949cf8c6b5b557f/bytes-1.10.1/CHANGELOG.md,/data/data/com.termux/files/home/pixelation/docs/markdown_archive/CHANGELOG_v155.md,86affa16d7afc66a1500175b3373e8b35ffce525f8ef51e933b0b2b807b928b7
/data/data/com.termux/files/home/.cargo/registry/src/index.crates.io-1949cf8c6b5b557f/bytes-1.10.1/README.md,/data/data/com.termux/files/home/pixelation/docs/markdown_archive/README_v531.md,275ac7bc295e3cc659d28f05261645ac5bd6286476afe2ee3c1ed719f7b6df02
/data/data/com.termux/files/home/.cargo/registry/src/index.crates.io-1949cf8c6b5b557f/bytes-1.10.1/SECURITY.md,/data/data/com.termux/files/home/pixelation/docs/markdown_archive/SECURITY_v7.md,a3335079977c2f13bad59e323fdc1056bdae5adfe55f18d15ac2c930d741828c
/data/data/com.termux/files/home/.cargo/registry/src/index.crates.io-1949cf8c6b5b557f/futures-0.3.31/README.md,/data/data/com.termux/files/home/pixelation/docs/markdown_archive/README_v532.md,842d0b8a539ab13ba2b9863cd8fb27da4fc7e9def1aefeb21db5aa04269b1e34
/data/data/com.termux/files/home/.cargo/registry/src/index.crates.io-1949cf8c6b5b557f/indicatif-0.17.11/README.md,/data/data/com.termux/files/home/pixelation/docs/markdown_archive/README_v533.md,8cb15d644b9fd7ab5affc2f9005b79b90484dac566ec5aabd90f2f6c223111c1
/data/data/com.termux/files/home/.cargo/registry/src/index.crates.io-1949cf8c6b5b557f/wit-bindgen-0.46.0/README.md,/data/data/com.termux/files/home/pixelation/docs/markdown_archive/README_v534.md,4473d64adb6b173923f3acfd525b81aab1912dc0bc625a3643c132d7a8be3079
/data/data/com.termux/files/home/.cargo/registry/src/index.crates.io-1949cf8c6b5b557f/cargo-config2-0.1.39/CHANGELOG.md,/data/data/com.termux/files/home/pixelation/docs/markdown_archive/CHANGELOG_v156.md,6c0bee72afacd9c1531657509139e1afb5aa2005c2c91b95fecb8b7e3a4b1595
/data/data/com.termux/files/home/.cargo/registry/src/index.crates.io-1949cf8c6b5b557f/cargo-config2-0.1.39/README.md,/data/data/com.termux/files/home/pixelation/docs/markdown_archive/README_v535.md,dd6ed25d9e42c7e1e7a3199248c3342d56f722e6f37ff7e8fe124ad260a61d8b
/data/data/com.termux/files/home/.cargo/registry/src/index.crates.io-1949cf8c6b5b557f/versions-6.3.2/CHANGELOG.md,/data/data/com.termux/files/home/pixelation/docs/markdown_archive/CHANGELOG_v157.md,f374bf7c6285fa0018c6780550805f287eeb9de35f89beb4ba543777ec40d328
/data/data/com.termux/files/home/.cargo/registry/src/index.crates.io-1949cf8c6b5b557f/versions-6.3.2/README.md,/data/data/com.termux/files/home/pixelation/docs/markdown_archive/README_v536.md,0047824a645a47845a803d68e571cf6dced01853e5a2548b1f2b2ea7745e1bb0
/data/data/com.termux/files/home/.cargo/registry/src/index.crates.io-1949cf8c6b5b557f/slab-0.4.11/CHANGELOG.md,/data/data/com.termux/files/home/pixelation/docs/markdown_archive/CHANGELOG_v158.md,cb9f260f16019027a100d74b92ac12f4ee9b522f5b6ddb32f804a6ced39746b7
/data/data/com.termux/files/home/.cargo/registry/src/index.crates.io-1949cf8c6b5b557f/slab-0.4.11/README.md,/data/data/com.termux/files/home/pixelation/docs/markdown_archive/README_v172.md,6e8d6d493aec6526593ae9b05e3b21d3f878c5816a94af9d372598e03406b35f
/data/data/com.termux/files/home/.cargo/registry/src/index.crates.io-1949cf8c6b5b557f/toml_write-0.1.2/README.md,/data/data/com.termux/files/home/pixelation/docs/markdown_archive/README_v537.md,f6513c96520124ab4d374fa8c959bc064a78522535207a922fb594709c39c48c
/data/data/com.termux/files/home/.cargo/registry/src/index.crates.io-1949cf8c6b5b557f/wasi-0.11.1+wasi-snapshot-preview1/CODE_OF_CONDUCT.md,/data/data/com.termux/files/home/pixelation/docs/markdown_archive/CODE_OF_CONDUCT_v8.md,a13aaaf393818bd91207c618724d3fb74944ca5161201822a84af951bcf655ef
/data/data/com.termux/files/home/.cargo/registry/src/index.crates.io-1949cf8c6b5b557f/wasi-0.11.1+wasi-snapshot-preview1/CONTRIBUTING.md,/data/data/com.termux/files/home/pixelation/docs/markdown_archive/CONTRIBUTING_v12.md,2c908a3e263dc35dfed131c02ff907cd72fafb2c2096e4ba9b1e0cbb7a1b76df
/data/data/com.termux/files/home/.cargo/registry/src/index.crates.io-1949cf8c6b5b557f/wasi-0.11.1+wasi-snapshot-preview1/ORG_CODE_OF_CONDUCT.md,/data/data/com.termux/files/home/pixelation/docs/markdown_archive/ORG_CODE_OF_CONDUCT.md,a62b69bf86e605ee1bcbb2f0a12ba79e4cebb6983a7b6491949750aecc4f2178
/data/data/com.termux/files/home/.cargo/registry/src/index.crates.io-1949cf8c6b5b557f/wasi-0.11.1+wasi-snapshot-preview1/README.md,/data/data/com.termux/files/home/pixelation/docs/markdown_archive/README_v538.md,c021f687a5a61d9c308581401e7aa4454585a30c418abdd02e3a1ef71daa035f
/data/data/com.termux/files/home/.cargo/registry/src/index.crates.io-1949cf8c6b5b557f/wasi-0.11.1+wasi-snapshot-preview1/SECURITY.md,/data/data/com.termux/files/home/pixelation/docs/markdown_archive/SECURITY_v3.md,4d75afb09dd28eb5982e3a1f768ee398d90204669ceef3240a16b31dcf04148a
/data/data/com.termux/files/home/.cargo/registry/src/index.crates.io-1949cf8c6b5b557f/pyproject-toml-0.13.7/Changelog.md,/data/data/com.termux/files/home/pixelation/docs/markdown_archive/Changelog_v3.md,a623aee6725e1ba7280b4a7cf4c5c5b88632c53c67c3a3faf0e545d10232fa3a
/data/data/com.termux/files/home/.cargo/registry/src/index.crates.io-1949cf8c6b5b557f/pyproject-toml-0.13.7/README.md,/data/data/com.termux/files/home/pixelation/docs/markdown_archive/README_v539.md,dca88ff2ddb8cd1318e90eab88375aec88d82621279eae946023e792242f8946
/data/data/com.termux/files/home/.cargo/registry/src/index.crates.io-1949cf8c6b5b557f/pin-project-lite-0.2.16/CHANGELOG.md,/data/data/com.termux/files/home/pixelation/docs/markdown_archive/CHANGELOG_v159.md,ed6040767b0917706393024e79dec1461c1fe9984329915e416226c3701f2a57
/data/data/com.termux/files/home/.cargo/registry/src/index.crates.io-1949cf8c6b5b557f/pin-project-lite-0.2.16/README.md,/data/data/com.termux/files/home/pixelation/docs/markdown_archive/README_v540.md,11841d1d294b58cb7c77b561fa5c3de1e71f32a347b73637e36f69ff32adf55b
/data/data/com.termux/files/home/.cargo/registry/src/index.crates.io-1949cf8c6b5b557f/toml-0.8.23/README.md,/data/data/com.termux/files/home/pixelation/docs/markdown_archive/README_v541.md,ff5ec0cab6f854264c291930b14e6f39072d241985969fc30bbc62a9999a61a7
/data/data/com.termux/files/home/.cargo/registry/src/index.crates.io-1949cf8c6b5b557f/toml_parser-1.0.4/README.md,/data/data/com.termux/files/home/pixelation/docs/markdown_archive/README_v542.md,d570aaa6d3b9e23a91915eaf382a4bfc7b1ac07b6eef5204903f065da755f4d5
/data/data/com.termux/files/home/.cargo/registry/src/index.crates.io-1949cf8c6b5b557f/tracing-attributes-0.1.30/CHANGELOG.md,/data/data/com.termux/files/home/pixelation/docs/markdown_archive/CHANGELOG_v160.md,743245703b57b2aedef910dcabbc97731d90711670d0aab78909def46c0cfd26
/data/data/com.termux/files/home/.cargo/registry/src/index.crates.io-1949cf8c6b5b557f/tracing-attributes-0.1.30/README.md,/data/data/com.termux/files/home/pixelation/docs/markdown_archive/README_v543.md,19069d5f4b91662ae4b83cb1fa8b3997d435108bcd8473fe2da0e371e495a504
/data/data/com.termux/files/home/.cargo/registry/src/index.crates.io-1949cf8c6b5b557f/hashbrown-0.16.0/CHANGELOG.md,/data/data/com.termux/files/home/pixelation/docs/markdown_archive/CHANGELOG_v161.md,9994221204ce09d00472ac0fdc474114b38a51cd784189ef809b142e205fba24
/data/data/com.termux/files/home/.cargo/registry/src/index.crates.io-1949cf8c6b5b557f/hashbrown-0.16.0/README.md,/data/data/com.termux/files/home/pixelation/docs/markdown_archive/README_v238.md,34a16e7bc599e9d4ec600b477176a4a1328e6fb1f3f8d1525fb54f398553daef
/data/data/com.termux/files/home/.cargo/registry/src/index.crates.io-1949cf8c6b5b557f/tar-0.4.44/README.md,/data/data/com.termux/files/home/pixelation/docs/markdown_archive/README_v544.md,71079f1a0962c2cf288058f38d24735bddabd1427ac2dee72ec18cc5ae4bceed
/data/data/com.termux/files/home/.cargo/registry/src/index.crates.io-1949cf8c6b5b557f/zerovec-0.11.4/README.md,/data/data/com.termux/files/home/pixelation/docs/markdown_archive/README_v329.md,1fd135cefcbcb8cc2d046496ab41c0e266c17f0830ca1399b853c0b495ece9c0
/data/data/com.termux/files/home/.cargo/registry/src/index.crates.io-1949cf8c6b5b557f/minijinja-2.12.0/README.md,/data/data/com.termux/files/home/pixelation/docs/markdown_archive/README_v545.md,0c0641ab5155f614ceb1541643b762e2f0a6874375a236a36bd0c1a9ddf72eec
/data/data/com.termux/files/home/.cargo/registry/src/index.crates.io-1949cf8c6b5b557f/parking_lot-0.12.5/CHANGELOG.md,/data/data/com.termux/files/home/pixelation/docs/markdown_archive/CHANGELOG_v162.md,d6f5cd986599e8dff728b31810d6a2365f60debd54e46ac0367a0315dcfffaeb
/data/data/com.termux/files/home/.cargo/registry/src/index.crates.io-1949cf8c6b5b557f/parking_lot-0.12.5/README.md,/data/data/com.termux/files/home/pixelation/docs/markdown_archive/README_v546.md,b7bd81c23dec91e3128c686d33b7c2a036ac802dcaf02b6a45b498cb3233a945
/data/data/com.termux/files/home/.cargo/registry/src/index.crates.io-1949cf8c6b5b557f/snapbox-0.6.22/README.md,/data/data/com.termux/files/home/pixelation/docs/markdown_archive/README_v547.md,c886decd6dd73e4fa962bc08994ee38d920bba51ac9171a7b4d3dded560bc6ea
/data/data/com.termux/files/home/.cargo/registry/src/index.crates.io-1949cf8c6b5b557f/rustls-webpki-0.103.7/README.md,/data/data/com.termux/files/home/pixelation/docs/markdown_archive/README_v359.md,084c37ee4b35887c813373cb98f3712e20d42e238cd16b59bd90dd8ae870dbf2
/data/data/com.termux/files/home/.cargo/registry/src/index.crates.io-1949cf8c6b5b557f/lzma-rust2-0.13.0/CHANGELOG.md,/data/data/com.termux/files/home/pixelation/docs/markdown_archive/CHANGELOG_v163.md,c5fe8fcb3a3a595c26eab4781c5bbc7785efe2fd9b39cff96c9126b62e734e9c
/data/data/com.termux/files/home/.cargo/registry/src/index.crates.io-1949cf8c6b5b557f/lzma-rust2-0.13.0/README.md,/data/data/com.termux/files/home/pixelation/docs/markdown_archive/README_v548.md,102afe6a63414cc255e4cfe09f55b9503d3fb0b8a973416f3c3e99f11e1f14ae
/data/data/com.termux/files/home/.cargo/registry/src/index.crates.io-1949cf8c6b5b557f/scc-2.4.0/CHANGELOG.md,/data/data/com.termux/files/home/pixelation/docs/markdown_archive/CHANGELOG_v164.md,cc8d42216d2a65ed7c1ebe80dcf014eb904af0cd67e105957721406b39d930a3
/data/data/com.termux/files/home/.cargo/registry/src/index.crates.io-1949cf8c6b5b557f/scc-2.4.0/README.md,/data/data/com.termux/files/home/pixelation/docs/markdown_archive/README_v549.md,b968628e6c7fb1d1725a58ef6c37ad111b36ce3bbc4482e2b62758868fa5c874
/data/data/com.termux/files/home/.cargo/registry/src/index.crates.io-1949cf8c6b5b557f/wasip2-1.0.1+wasi-0.2.4/README.md,/data/data/com.termux/files/home/pixelation/docs/markdown_archive/README_v550.md,b768b011583d6c3f7d47c57de28f7dd9ade631b286753435ae1ae9acab6ce557
/data/data/com.termux/files/home/.cargo/registry/src/index.crates.io-1949cf8c6b5b557f/serde_json-1.0.145/CONTRIBUTING.md,/data/data/com.termux/files/home/pixelation/docs/markdown_archive/CONTRIBUTING_v18.md,f5270cafba66223a7b51ffc0d286075a17bb7cd88762fc80d333d3102629f4d8
/data/data/com.termux/files/home/.cargo/registry/src/index.crates.io-1949cf8c6b5b557f/serde_json-1.0.145/README.md,/data/data/com.termux/files/home/pixelation/docs/markdown_archive/README_v367.md,f223b99630bae262eb2b88bb95d0f496db8f1ff4e94e43dbfc8d95d3a6c98d8f
/data/data/com.termux/files/home/.cargo/registry/src/index.crates.io-1949cf8c6b5b557f/unicode-width-0.2.2/README.md,/data/data/com.termux/files/home/pixelation/docs/markdown_archive/README_v551.md,dfa01289d67d1c12e44bb4d388501f2c58e386a3a34cac52b558957c7a25dae9
/data/data/com.termux/files/home/.cargo/registry/src/index.crates.io-1949cf8c6b5b557f/windows_aarch64_gnullvm-0.53.1/readme.md,/data/data/com.termux/files/home/pixelation/docs/markdown_archive/readme_v13.md,60be11047d88f5cc3474be1298c739c15789e3a9d8c67fbc9ad56a6070112ca1
/data/data/com.termux/files/home/.cargo/registry/src/index.crates.io-1949cf8c6b5b557f/windows_i686_gnullvm-0.53.1/readme.md,/data/data/com.termux/files/home/pixelation/docs/markdown_archive/readme_v13.md,60be11047d88f5cc3474be1298c739c15789e3a9d8c67fbc9ad56a6070112ca1
/data/data/com.termux/files/home/.cargo/registry/src/index.crates.io-1949cf8c6b5b557f/windows-numerics-0.2.0/readme.md,/data/data/com.termux/files/home/pixelation/docs/markdown_archive/readme_v19.md,d57d51d26262257684fabcca62defd7c9903f58fea8003a831f70b5923f68f6b
/data/data/com.termux/files/home/.cargo/registry/src/index.crates.io-1949cf8c6b5b557f/windows-collections-0.2.0/readme.md,/data/data/com.termux/files/home/pixelation/docs/markdown_archive/readme_v20.md,a60d0b8cc362a76e45ddb4242b3592945fa929ec03a9e406b32c77306fcd86df
/data/data/com.termux/files/home/.cargo/registry/src/index.crates.io-1949cf8c6b5b557f/windows-future-0.2.1/readme.md,/data/data/com.termux/files/home/pixelation/docs/markdown_archive/readme_v21.md,44fc88c9893cd83b567c428b281bca5710426799b85e7130835de2c8a7edae9c
/data/data/com.termux/files/home/.cargo/registry/src/index.crates.io-1949cf8c6b5b557f/lz4_flex-0.11.5/README.md,/data/data/com.termux/files/home/pixelation/docs/markdown_archive/README_v552.md,f8b81c02b9d79a213f073525cc8b46cfea83c8f800605354b2d7ad0f6a096cba
/data/data/com.termux/files/home/.cargo/registry/src/index.crates.io-1949cf8c6b5b557f/twox-hash-2.1.1/CHANGELOG.md,/data/data/com.termux/files/home/pixelation/docs/markdown_archive/CHANGELOG_v165.md,7b59d7c11e6e7b7c457da6d2c3eaac6b853d187f9c6de5e5f7d53c2f28ac4829
/data/data/com.termux/files/home/.cargo/registry/src/index.crates.io-1949cf8c6b5b557f/twox-hash-2.1.1/README.md,/data/data/com.termux/files/home/pixelation/docs/markdown_archive/README_v553.md,08bf665663d85177f74b9d35b3bd5a7e57683cdd4a2843e92affa7f9320eb684
/data/data/com.termux/files/home/.cargo/registry/src/index.crates.io-1949cf8c6b5b557f/anyhow-1.0.99/README.md,/data/data/com.termux/files/home/pixelation/docs/markdown_archive/README_v150.md,136d2b44cc4060192516f18e43ec3eafb65693c1819a80a867e7a00c60a45ee6
/data/data/com.termux/files/home/.cargo/registry/src/index.crates.io-1949cf8c6b5b557f/uuid-1.18.0/README.md,/data/data/com.termux/files/home/pixelation/docs/markdown_archive/README_v554.md,e0dbaadc7f17e5fc671fd0881cd1d791c2f00f6d84587ce657a2348418e2fb2f
/data/data/com.termux/files/home/.cargo/registry/src/index.crates.io-1949cf8c6b5b557f/pyo3-ffi-0.26.0/README.md,/data/data/com.termux/files/home/pixelation/docs/markdown_archive/README_v555.md,801515a98d8880e5780d42b7a227ff09963b3bf9685f9ed912bbe5164cb6e26d
/data/data/com.termux/files/home/.cargo/registry/src/index.crates.io-1949cf8c6b5b557f/pyo3-ffi-0.26.0/examples/README.md,/data/data/com.termux/files/home/pixelation/docs/markdown_archive/README_v204.md,598f11a10ce25ac2bd5cfa6311d53ea0595e8a7ee63cedbf94c92b8398e945ef
/data/data/com.termux/files/home/.cargo/registry/src/index.crates.io-1949cf8c6b5b557f/security-framework-3.3.0/README.md,/data/data/com.termux/files/home/pixelation/docs/markdown_archive/README_v183.md,ff1d022f35ff76531a361ad421ba7ee61ce186dc6516f72fc819ec4b2a5567a4
/data/data/com.termux/files/home/.cargo/registry/src/index.crates.io-1949cf8c6b5b557f/duration-str-0.17.0/README.md,/data/data/com.termux/files/home/pixelation/docs/markdown_archive/README_v556.md,91a56beb28810f6d6042d5b4ccc2ac6e580e7fa46229e595ddf5d7d3381e9e1f
/data/data/com.termux/files/home/.cargo/registry/src/index.crates.io-1949cf8c6b5b557f/tokio-util-0.7.16/CHANGELOG.md,/data/data/com.termux/files/home/pixelation/docs/markdown_archive/CHANGELOG_v166.md,7ab907e136025241c39ffc6efd96066f3927905e83fff5237cac948145e81baa
/data/data/com.termux/files/home/.cargo/registry/src/index.crates.io-1949cf8c6b5b557f/tokio-util-0.7.16/README.md,/data/data/com.termux/files/home/pixelation/docs/markdown_archive/README_v365.md,91c8da557ba5fbfb5a9b6e58d5efd5fd1700dd836509cf017628155c249e192c
/data/data/com.termux/files/home/.cargo/registry/src/index.crates.io-1949cf8c6b5b557f/webpki-roots-1.0.2/README.md,/data/data/com.termux/files/home/pixelation/docs/markdown_archive/README_v336.md,3f785bbd28b6628dadc4203a9368b729453aaa65df454e54a0c2f8a7a42395f5
/data/data/com.termux/files/home/.cargo/registry/src/index.crates.io-1949cf8c6b5b557f/syn-2.0.106/README.md,/data/data/com.termux/files/home/pixelation/docs/markdown_archive/README_v370.md,ae6deb98ea51df4829c0327139a555cc115c6bcf6fb459db0ef0d6a96c4566ec
/data/data/com.termux/files/home/.cargo/registry/src/index.crates.io-1949cf8c6b5b557f/rustix-1.0.8/CHANGES.md,/data/data/com.termux/files/home/pixelation/docs/markdown_archive/CHANGES.md,b55da933d14dfc512fd660b4301729cbbddb0b106fd75a01974011e7e75f5b38
/data/data/com.termux/files/home/.cargo/registry/src/index.crates.io-1949cf8c6b5b557f/rustix-1.0.8/CODE_OF_CONDUCT.md,/data/data/com.termux/files/home/pixelation/docs/markdown_archive/CODE_OF_CONDUCT_v11.md,f210602311e3f74b32f46237fd55f4ce36d798e85e3db1432ec667f63a7ffc44
/data/data/com.termux/files/home/.cargo/registry/src/index.crates.io-1949cf8c6b5b557f/rustix-1.0.8/CONTRIBUTING.md,/data/data/com.termux/files/home/pixelation/docs/markdown_archive/CONTRIBUTING_v19.md,63d06b36bf3e44bd905be68990004e4d6098870885c7d1019c56f847327e5a31
/data/data/com.termux/files/home/.cargo/registry/src/index.crates.io-1949cf8c6b5b557f/rustix-1.0.8/ORG_CODE_OF_CONDUCT.md,/data/data/com.termux/files/home/pixelation/docs/markdown_archive/ORG_CODE_OF_CONDUCT.md,a62b69bf86e605ee1bcbb2f0a12ba79e4cebb6983a7b6491949750aecc4f2178
/data/data/com.termux/files/home/.cargo/registry/src/index.crates.io-1949cf8c6b5b557f/rustix-1.0.8/README.md,/data/data/com.termux/files/home/pixelation/docs/markdown_archive/README_v372.md,3658622bf9b064542052849cff5ebc8af6cff44862d1c356c53c36016344bca7
/data/data/com.termux/files/home/.cargo/registry/src/index.crates.io-1949cf8c6b5b557f/rustix-1.0.8/SECURITY.md,/data/data/com.termux/files/home/pixelation/docs/markdown_archive/SECURITY_v3.md,4d75afb09dd28eb5982e3a1f768ee398d90204669ceef3240a16b31dcf04148a
/data/data/com.termux/files/home/.cargo/registry/src/index.crates.io-1949cf8c6b5b557f/windows-0.61.3/readme.md,/data/data/com.termux/files/home/pixelation/docs/markdown_archive/readme_v22.md,27e8533d8a41cf712e5054ef48fd9247fc2ea32a9e32b5fc6b4771386a94e95e
/data/data/com.termux/files/home/.cargo/registry/src/index.crates.io-1949cf8c6b5b557f/strum-0.27.2/README.md,/data/data/com.termux/files/home/pixelation/docs/markdown_archive/README_v433.md,2295e296800e46ea3ab733d03fa81735c64a2de102f5cd65c485848d7552d1ef
/data/data/com.termux/files/home/.cargo/registry/src/index.crates.io-1949cf8c6b5b557f/speedate-0.17.0/README.md,/data/data/com.termux/files/home/pixelation/docs/markdown_archive/README_v557.md,e141e639d62d3bd076c1a3a811088c2f66e8778aab85cf238fdc00c668139c98
/data/data/com.termux/files/home/.cargo/registry/src/index.crates.io-1949cf8c6b5b557f/anstyle-wincon-3.0.11/README.md,/data/data/com.termux/files/home/pixelation/docs/markdown_archive/README_v558.md,b979881246703593aad26da21f5d467c03c35142d6f5965f7e7253cb89695c9f
/data/data/com.termux/files/home/.cargo/registry/src/index.crates.io-1949cf8c6b5b557f/anstyle-query-1.1.5/README.md,/data/data/com.termux/files/home/pixelation/docs/markdown_archive/README_v559.md,9ed87a71a298ed4925210e66dd06c69f40600c1df97fd082d1763c2220c9f2f1
/data/data/com.termux/files/home/.cargo/registry/src/index.crates.io-1949cf8c6b5b557f/cargo_metadata-0.20.0/CHANGELOG.md,/data/data/com.termux/files/home/pixelation/docs/markdown_archive/CHANGELOG_v167.md,99b9bd1cb7f4a6e8d44cca664da87a077480133371b83456f456d33f3491f894
/data/data/com.termux/files/home/.cargo/registry/src/index.crates.io-1949cf8c6b5b557f/cargo_metadata-0.20.0/README.md,/data/data/com.termux/files/home/pixelation/docs/markdown_archive/README_v527.md,6be7aaba23d8646b470a966eef2f00c9fa04cf4d1de25cfb71680cef562e1574
/data/data/com.termux/files/home/.cargo/registry/src/index.crates.io-1949cf8c6b5b557f/indoc-2.0.7/README.md,/data/data/com.termux/files/home/pixelation/docs/markdown_archive/README_v560.md,1a19bb1c39c3cbf5348446e5ba5f7d145679168c9ed944415a01752f2ebbd36a
/data/data/com.termux/files/home/.cargo/registry/src/index.crates.io-1949cf8c6b5b557f/version-ranges-0.1.2/README.md,/data/data/com.termux/files/home/pixelation/docs/markdown_archive/README_v163.md,79869d4f00d4854678185a3601ea4bda06c3c2bbb43ebaa8e8c5af8a2b65da28
/data/data/com.termux/files/home/.cargo/registry/src/index.crates.io-1949cf8c6b5b557f/scroll-0.13.0/README.md,/data/data/com.termux/files/home/pixelation/docs/markdown_archive/README_v52.md,7a7f6695853fbc174e3b016d72a8ef0113e313c897269779c7c368f102ed0c23
/data/data/com.termux/files/home/.cargo/registry/src/index.crates.io-1949cf8c6b5b557f/quote-1.0.42/README.md,/data/data/com.termux/files/home/pixelation/docs/markdown_archive/README_v561.md,5bc59a97099fbdc7f9f8b69d3f9910e27629184647412b5009b274b5b8bfb6d1
/data/data/com.termux/files/home/.cargo/registry/src/index.crates.io-1949cf8c6b5b557f/fat-macho-0.4.10/README.md,/data/data/com.termux/files/home/pixelation/docs/markdown_archive/README_v123.md,c6c7f23c554eb0b7bc6d55b960f211bf39d5c9b9c760db0243fd61826f45ab6d
/data/data/com.termux/files/home/.cargo/registry/src/index.crates.io-1949cf8c6b5b557f/litemap-0.8.1/README.md,/data/data/com.termux/files/home/pixelation/docs/markdown_archive/README_v468.md,34cd913e9410be17d4f8ada19fb1d3660d8415e2e92b59ad2bd38e30f18b1de3
/data/data/com.termux/files/home/.cargo/registry/src/index.crates.io-1949cf8c6b5b557f/icu_properties-2.1.1/README.md,/data/data/com.termux/files/home/pixelation/docs/markdown_archive/README_v405.md,78fb5c330563031daba1639443167abd3275942fbdd55410986d47fa3924a583
/data/data/com.termux/files/home/.cargo/registry/src/index.crates.io-1949cf8c6b5b557f/rustls-pki-types-1.13.0/README.md,/data/data/com.termux/files/home/pixelation/docs/markdown_archive/README_v421.md,52ab92f5b204b89f9ad02b778ca2b6ad6d32c7f94916e1917dae4e95569d0b92
/data/data/com.termux/files/home/.cargo/registry/src/index.crates.io-1949cf8c6b5b557f/rustls-pki-types-1.13.0/src/data/README.md,/data/data/com.termux/files/home/pixelation/docs/markdown_archive/README_v422.md,a20436d042d01819b65817bde6872147da740ac726016bdd6121a3f773b8ceb3
/data/data/com.termux/files/home/.cargo/registry/src/index.crates.io-1949cf8c6b5b557f/snapbox-0.6.23/README.md,/data/data/com.termux/files/home/pixelation/docs/markdown_archive/README_v547.md,c886decd6dd73e4fa962bc08994ee38d920bba51ac9171a7b4d3dded560bc6ea
/data/data/com.termux/files/home/.cargo/registry/src/index.crates.io-1949cf8c6b5b557f/bytes-1.11.0/CHANGELOG.md,/data/data/com.termux/files/home/pixelation/docs/markdown_archive/CHANGELOG_v168.md,059eeccd3a7419af3687e48bbe2b968ba7bc29e76e202d304f99ed3367a42d0d
/data/data/com.termux/files/home/.cargo/registry/src/index.crates.io-1949cf8c6b5b557f/bytes-1.11.0/README.md,/data/data/com.termux/files/home/pixelation/docs/markdown_archive/README_v531.md,275ac7bc295e3cc659d28f05261645ac5bd6286476afe2ee3c1ed719f7b6df02
/data/data/com.termux/files/home/.cargo/registry/src/index.crates.io-1949cf8c6b5b557f/bytes-1.11.0/SECURITY.md,/data/data/com.termux/files/home/pixelation/docs/markdown_archive/SECURITY_v7.md,a3335079977c2f13bad59e323fdc1056bdae5adfe55f18d15ac2c930d741828c
/data/data/com.termux/files/home/.cargo/registry/src/index.crates.io-1949cf8c6b5b557f/js-sys-0.3.82/README.md,/data/data/com.termux/files/home/pixelation/docs/markdown_archive/README_v469.md,bf8c6e34eb9f3d30c3c407641aca0755f5ee4b7eb84c5248b84c617c4a9c43c0
/data/data/com.termux/files/home/.cargo/registry/src/index.crates.io-1949cf8c6b5b557f/cc-1.2.46/CHANGELOG.md,/data/data/com.termux/files/home/pixelation/docs/markdown_archive/CHANGELOG_v169.md,32dcd21fbd59397679bed52fb8002c8faf58c84e1c7295431f8b5672213f2274
/data/data/com.termux/files/home/.cargo/registry/src/index.crates.io-1949cf8c6b5b557f/cc-1.2.46/README.md,/data/data/com.termux/files/home/pixelation/docs/markdown_archive/README_v235.md,f1ddbede208a5b78333a25dac0a7598e678e9b601a7d99a791069bddaf180dfe
/data/data/com.termux/files/home/.cargo/registry/src/index.crates.io-1949cf8c6b5b557f/cbindgen-0.29.2/README.md,/data/data/com.termux/files/home/pixelation/docs/markdown_archive/README_v562.md,f3fd44dd788cb5d4010c680d7c9343fbbe691fa059ac3d236159e47f8db47482
/data/data/com.termux/files/home/.cargo/registry/src/index.crates.io-1949cf8c6b5b557f/cbindgen-0.29.2/contributing.md,/data/data/com.termux/files/home/pixelation/docs/markdown_archive/contributing.md,b82cad361e1af7609d8d89f816f61ccb1823027685a5e358ce0f1601f033ed46
/data/data/com.termux/files/home/.cargo/registry/src/index.crates.io-1949cf8c6b5b557f/cbindgen-0.29.2/docs.md,/data/data/com.termux/files/home/pixelation/docs/markdown_archive/docs_v2.md,e87870b0fdd37ebfbe509cf40171110522692a485575b869cad75e61be6315dd
/data/data/com.termux/files/home/.cargo/registry/src/index.crates.io-1949cf8c6b5b557f/cbindgen-0.29.2/internals.md,/data/data/com.termux/files/home/pixelation/docs/markdown_archive/internals.md,62721f9a63729769c947ddb8270df3445f148fcba545e1152bc4f545cc32398b
/data/data/com.termux/files/home/.cargo/registry/src/index.crates.io-1949cf8c6b5b557f/cbindgen-0.29.2/tests/depfile/Readme.md,/data/data/com.termux/files/home/pixelation/docs/markdown_archive/Readme.md,2b81cc10632a3a883ade804ac8a495ea915263b1c67705267746725b37dec07f
/data/data/com.termux/files/home/.cargo/registry/src/index.crates.io-1949cf8c6b5b557f/pyo3-ffi-0.27.2/README.md,/data/data/com.termux/files/home/pixelation/docs/markdown_archive/README_v563.md,fcccf32aa91b4f4d0a46fee5d4f270b86a5c5c15efeb6fcb5c3f0e4732ac9543
/data/data/com.termux/files/home/.cargo/registry/src/index.crates.io-1949cf8c6b5b557f/pyo3-ffi-0.27.2/examples/README.md,/data/data/com.termux/files/home/pixelation/docs/markdown_archive/README_v204.md,598f11a10ce25ac2bd5cfa6311d53ea0595e8a7ee63cedbf94c92b8398e945ef
/data/data/com.termux/files/home/.cargo/registry/src/index.crates.io-1949cf8c6b5b557f/strum_macros-0.26.4/README.md,/data/data/com.termux/files/home/pixelation/docs/markdown_archive/README_v380.md,df67b984209ce474de5d60994983f6d2db0ac3b73bcfc2b1329871b0035c57e6
/data/data/com.termux/files/home/.cargo/registry/src/index.crates.io-1949cf8c6b5b557f/smallvec-1.14.0/README.md,/data/data/com.termux/files/home/pixelation/docs/markdown_archive/README_v232.md,a01127c37308457e8d396b176fb790846be0978c173be3f13260b62efcef011b
/data/data/com.termux/files/home/.cargo/registry/src/index.crates.io-1949cf8c6b5b557f/smallvec-1.14.0/debug_metadata/README.md,/data/data/com.termux/files/home/pixelation/docs/markdown_archive/README_v233.md,4d7f1c1b2c25ce2231ef71864d06e54323867459035b53bc9e00f66a0a44f82e
/data/data/com.termux/files/home/.cargo/registry/src/index.crates.io-1949cf8c6b5b557f/pkg-config-0.3.32/CHANGELOG.md,/data/data/com.termux/files/home/pixelation/docs/markdown_archive/CHANGELOG_v170.md,f613cde47a4a2b477e30660e80c0f91ddd99564ca60e7ccacc05db8e47558ac3
/data/data/com.termux/files/home/.cargo/registry/src/index.crates.io-1949cf8c6b5b557f/pkg-config-0.3.32/README.md,/data/data/com.termux/files/home/pixelation/docs/markdown_archive/README_v564.md,184dd47cdbb3168bdddccaa594f1e56604cb07034b06c1129ac91d41800902da
/data/data/com.termux/files/home/.cargo/registry/src/index.crates.io-1949cf8c6b5b557f/wasi-0.11.0+wasi-snapshot-preview1/CODE_OF_CONDUCT.md,/data/data/com.termux/files/home/pixelation/docs/markdown_archive/CODE_OF_CONDUCT_v8.md,a13aaaf393818bd91207c618724d3fb74944ca5161201822a84af951bcf655ef
/data/data/com.termux/files/home/.cargo/registry/src/index.crates.io-1949cf8c6b5b557f/wasi-0.11.0+wasi-snapshot-preview1/CONTRIBUTING.md,/data/data/com.termux/files/home/pixelation/docs/markdown_archive/CONTRIBUTING_v12.md,2c908a3e263dc35dfed131c02ff907cd72fafb2c2096e4ba9b1e0cbb7a1b76df
/data/data/com.termux/files/home/.cargo/registry/src/index.crates.io-1949cf8c6b5b557f/wasi-0.11.0+wasi-snapshot-preview1/ORG_CODE_OF_CONDUCT.md,/data/data/com.termux/files/home/pixelation/docs/markdown_archive/ORG_CODE_OF_CONDUCT.md,a62b69bf86e605ee1bcbb2f0a12ba79e4cebb6983a7b6491949750aecc4f2178
/data/data/com.termux/files/home/.cargo/registry/src/index.crates.io-1949cf8c6b5b557f/wasi-0.11.0+wasi-snapshot-preview1/README.md,/data/data/com.termux/files/home/pixelation/docs/markdown_archive/README_v538.md,c021f687a5a61d9c308581401e7aa4454585a30c418abdd02e3a1ef71daa035f
/data/data/com.termux/files/home/.cargo/registry/src/index.crates.io-1949cf8c6b5b557f/wasi-0.11.0+wasi-snapshot-preview1/SECURITY.md,/data/data/com.termux/files/home/pixelation/docs/markdown_archive/SECURITY_v3.md,4d75afb09dd28eb5982e3a1f768ee398d90204669ceef3240a16b31dcf04148a
/data/data/com.termux/files/home/.cargo/registry/src/index.crates.io-1949cf8c6b5b557f/automod-1.0.15/README.md,/data/data/com.termux/files/home/pixelation/docs/markdown_archive/README_v565.md,5824ef8cca4512c4f3fbeb5e7654ecb6d45c201eaa617c4941a89d441ef1ef2c
/data/data/com.termux/files/home/.cargo/registry/src/index.crates.io-1949cf8c6b5b557f/normpath-1.5.0/README.md,/data/data/com.termux/files/home/pixelation/docs/markdown_archive/README_v566.md,83226befcc92061fbf67b6198a83e6d023966ee3a1f7da374d20a7c3b0e776c4
/data/data/com.termux/files/home/.cargo/registry/src/index.crates.io-1949cf8c6b5b557f/colorchoice-1.0.4/README.md,/data/data/com.termux/files/home/pixelation/docs/markdown_archive/README_v567.md,d2b612910ee0269550b6eeac08f4df577f59ff7bd053bd25a984558458a7cb7a
/data/data/com.termux/files/home/.cargo/registry/src/index.crates.io-1949cf8c6b5b557f/cfg-if-1.0.4/CHANGELOG.md,/data/data/com.termux/files/home/pixelation/docs/markdown_archive/CHANGELOG_v171.md,08ba7340057565b338afaa29b36bd2a1c46f5495b043bc49d12230a6a82d5f76
/data/data/com.termux/files/home/.cargo/registry/src/index.crates.io-1949cf8c6b5b557f/cfg-if-1.0.4/README.md,/data/data/com.termux/files/home/pixelation/docs/markdown_archive/README_v33.md,cd565d563a2c70d197bb6fee1678e122214e22af7bdb046b80f52c1d953cd72f
/data/data/com.termux/files/home/.cargo/registry/src/index.crates.io-1949cf8c6b5b557f/cargo-platform-0.1.9/README.md,/data/data/com.termux/files/home/pixelation/docs/markdown_archive/README_v437.md,23bb153e6c8585dfac13913a49606eacbb54a44afec4db95b6aafee9f51449dc
/data/data/com.termux/files/home/.cargo/registry/src/index.crates.io-1949cf8c6b5b557f/mimalloc-0.1.48/README.md,/data/data/com.termux/files/home/pixelation/docs/markdown_archive/README_v568.md,95e2c0771ed63c68852e91817a024ed9d7f8dc6400593bfe4857a3473f36af4e
/data/data/com.termux/files/home/.cargo/registry/src/index.crates.io-1949cf8c6b5b557f/matchers-0.2.0/CHANGELOG.md,/data/data/com.termux/files/home/pixelation/docs/markdown_archive/CHANGELOG_v172.md,1be0818a7713dc38a4bdba9c3e38fce238157972fc09621bf62dfd27699a842b
/data/data/com.termux/files/home/.cargo/registry/src/index.crates.io-1949cf8c6b5b557f/matchers-0.2.0/README.md,/data/data/com.termux/files/home/pixelation/docs/markdown_archive/README_v569.md,d9802d23a54317defb7d312f077179c40634bc6b07dfb66a75df74611f6ed257
/data/data/com.termux/files/home/.cargo/registry/src/index.crates.io-1949cf8c6b5b557f/serial_test_derive-3.2.0/README.md,/data/data/com.termux/files/home/pixelation/docs/markdown_archive/README_v455.md,007276a4a3e2567175306b75f261b83e08b865ba6bc7a9a26530f8c0e335f42b
/data/data/com.termux/files/home/.cargo/registry/src/index.crates.io-1949cf8c6b5b557f/winapi-util-0.1.11/README.md,/data/data/com.termux/files/home/pixelation/docs/markdown_archive/README_v107.md,a7f54a0abf91365baa51097afe72f4ed0156ef2152cf22800c280af24357dd9a
/data/data/com.termux/files/home/.cargo/registry/src/index.crates.io-1949cf8c6b5b557f/stable_deref_trait-1.2.1/README.md,/data/data/com.termux/files/home/pixelation/docs/markdown_archive/README_v118.md,750fc2d57412de57566289e567b5674a666cc7a8a054f8c7129b8553f9003de7
/data/data/com.termux/files/home/.cargo/registry/src/index.crates.io-1949cf8c6b5b557f/generic-array-0.14.9/CHANGELOG.md,/data/data/com.termux/files/home/pixelation/docs/markdown_archive/CHANGELOG_v27.md,478d33deb9d0c943c20671eed67bc393891aad1679e61f74412f98c9a5017f84
/data/data/com.termux/files/home/.cargo/registry/src/index.crates.io-1949cf8c6b5b557f/generic-array-0.14.9/README.md,/data/data/com.termux/files/home/pixelation/docs/markdown_archive/README_v108.md,9e86d03b400dc818f44df68b76dafd1d89e42a51221bcb0de4259a6529ab6d84
/data/data/com.termux/files/home/.cargo/registry/src/index.crates.io-1949cf8c6b5b557f/data-encoding-2.9.0/README.md,/data/data/com.termux/files/home/pixelation/docs/markdown_archive/README_v570.md,0f4a8b503e1f90b594840f55ffb38d33e8fa5b52184f4b72033248ee8a2232b8
/data/data/com.termux/files/home/.cargo/registry/src/index.crates.io-1949cf8c6b5b557f/glob-0.3.3/CHANGELOG.md,/data/data/com.termux/files/home/pixelation/docs/markdown_archive/CHANGELOG_v173.md,1cf3525be59a348ffcda444cac1f16eba48b5a9177587ecd8d55af5b5a097a73
/data/data/com.termux/files/home/.cargo/registry/src/index.crates.io-1949cf8c6b5b557f/glob-0.3.3/README.md,/data/data/com.termux/files/home/pixelation/docs/markdown_archive/README_v571.md,0ceda5714ffd02ecc88084521bcd258f90ce4b01eca51d0d1cb602aaf5c47288
/data/data/com.termux/files/home/.cargo/registry/src/index.crates.io-1949cf8c6b5b557f/cpufeatures-0.2.17/CHANGELOG.md,/data/data/com.termux/files/home/pixelation/docs/markdown_archive/CHANGELOG_v174.md,17727a361379fce31e61fc8c0a982082d7df871f3cf9d058d452ce4576d36af4
/data/data/com.termux/files/home/.cargo/registry/src/index.crates.io-1949cf8c6b5b557f/cpufeatures-0.2.17/README.md,/data/data/com.termux/files/home/pixelation/docs/markdown_archive/README_v572.md,eb7ccf38bd407faaff4897884dce2179323b6b5c9455ea5e2e32d213c5b52f83
/data/data/com.termux/files/home/.cargo/registry/src/index.crates.io-1949cf8c6b5b557f/humantime-2.3.0/README.md,/data/data/com.termux/files/home/pixelation/docs/markdown_archive/README_v573.md,e4bb65f28ddffb11d7eb337e9585947651f2fc11a5e4290f0ca126e21c582c1e
/data/data/com.termux/files/home/.cargo/registry/src/index.crates.io-1949cf8c6b5b557f/once_cell_polyfill-1.70.1/README.md,/data/data/com.termux/files/home/pixelation/docs/markdown_archive/README_v507.md,e37bd89789ba9f0624e3a9c06595d6f45f3c87bfc69c5a1a32af91cdbfd0b456
/data/data/com.termux/files/home/.cargo/registry/src/index.crates.io-1949cf8c6b5b557f/proc-macro-crate-3.4.0/README.md,/data/data/com.termux/files/home/pixelation/docs/markdown_archive/README_v574.md,bf71b469e066c36321488ff63927863e13ed35dd2f433a06db930055d4720b65
/data/data/com.termux/files/home/.cargo/registry/src/index.crates.io-1949cf8c6b5b557f/arbitrary-1.4.2/CHANGELOG.md,/data/data/com.termux/files/home/pixelation/docs/markdown_archive/CHANGELOG_v175.md,0635d44ea4dd7af870a570661568dfff09175dafa88f999b1904d8dc81024262
/data/data/com.termux/files/home/.cargo/registry/src/index.crates.io-1949cf8c6b5b557f/arbitrary-1.4.2/README.md,/data/data/com.termux/files/home/pixelation/docs/markdown_archive/README_v575.md,480774d6a0bedd284549aac8ce7757d8e7cdcc4713fd64214742088975f58f7d
/data/data/com.termux/files/home/.cargo/registry/src/index.crates.io-1949cf8c6b5b557f/console-0.15.11/CHANGELOG.md,/data/data/com.termux/files/home/pixelation/docs/markdown_archive/CHANGELOG_v132.md,38259591ad24ff6f6d37edd7ea27cfb53a38b8920ad62cd48a20ff79386ccf02
/data/data/com.termux/files/home/.cargo/registry/src/index.crates.io-1949cf8c6b5b557f/console-0.15.11/README.md,/data/data/com.termux/files/home/pixelation/docs/markdown_archive/README_v576.md,d5277ba29f3e16757b42fa40c7bda1e5f76be2c81b68f77ae59e1e21174b4d5e
/data/data/com.termux/files/home/.cargo/registry/src/index.crates.io-1949cf8c6b5b557f/subtle-2.6.1/CHANGELOG.md,/data/data/com.termux/files/home/pixelation/docs/markdown_archive/CHANGELOG_v176.md,02f92a31269311c965b1dfa705f22f341dc9cce73af08a8c9840c91b8ceb79df
/data/data/com.termux/files/home/.cargo/registry/src/index.crates.io-1949cf8c6b5b557f/subtle-2.6.1/CONTRIBUTING.md,/data/data/com.termux/files/home/pixelation/docs/markdown_archive/CONTRIBUTING_v24.md,2fbb44138ececdef7c0950fae6ed1dcad481fb2f368df0e3734c9902be791f3e
/data/data/com.termux/files/home/.cargo/registry/src/index.crates.io-1949cf8c6b5b557f/subtle-2.6.1/README.md,/data/data/com.termux/files/home/pixelation/docs/markdown_archive/README_v577.md,3c538225aea51d063002e1b9732904053061914993f7ec880a18bd597d9df49b
/data/data/com.termux/files/home/.cargo/registry/src/index.crates.io-1949cf8c6b5b557f/dissimilar-1.0.10/README.md,/data/data/com.termux/files/home/pixelation/docs/markdown_archive/README_v578.md,e081b60ac4ad261ee3c57f32131634017044193b94ce2ebd64d134d22185e79a
/data/data/com.termux/files/home/.cargo/registry/src/index.crates.io-1949cf8c6b5b557f/getrandom-0.2.16/CHANGELOG.md,/data/data/com.termux/files/home/pixelation/docs/markdown_archive/CHANGELOG_v177.md,14ebb535b51e08ffe769f3f947c2eddc6c3ecb191e36d55ac2de1ac06f32d25a
/data/data/com.termux/files/home/.cargo/registry/src/index.crates.io-1949cf8c6b5b557f/getrandom-0.2.16/README.md,/data/data/com.termux/files/home/pixelation/docs/markdown_archive/README_v266.md,543f0efa922ff55d3cdc1c96a188dff669f57a2ff3b7dfa0c95368b8e646b5dd
/data/data/com.termux/files/home/.cargo/registry/src/index.crates.io-1949cf8c6b5b557f/getrandom-0.2.16/SECURITY.md,/data/data/com.termux/files/home/pixelation/docs/markdown_archive/SECURITY_v4.md,816ea79f8c7937888ab5a972a1efb270c4bada028b448953a195359fe11d526e
/data/data/com.termux/files/home/.cargo/registry/src/index.crates.io-1949cf8c6b5b557f/zerovec-derive-0.11.1/README.md,/data/data/com.termux/files/home/pixelation/docs/markdown_archive/README_v445.md,bacbc17b2cb457c169257f5e22c78a45d1c4a399eadae383f7732af909616ebc
/data/data/com.termux/files/home/.cargo/registry/src/index.crates.io-1949cf8c6b5b557f/potential_utf-0.1.3/README.md,/data/data/com.termux/files/home/pixelation/docs/markdown_archive/README_v53.md,693ab95a7920db4ca6655b352efe33cfe5ee42792369f591257a3f5af735e918
/data/data/com.termux/files/home/.cargo/registry/src/index.crates.io-1949cf8c6b5b557f/scroll_derive-0.12.1/README.md,/data/data/com.termux/files/home/pixelation/docs/markdown_archive/README_v509.md,0ed9b8c8ec7dd75f14aab9b7e54769f81b86e68960658356e260e5ec8ccac206
/data/data/com.termux/files/home/.cargo/registry/src/index.crates.io-1949cf8c6b5b557f/icu_locale_core-2.0.0/README.md,/data/data/com.termux/files/home/pixelation/docs/markdown_archive/README_v515.md,3e30d773b84c9682a0f03fbfae067edca276b16a2ed0f0ab99c31f6a53aa68b2
/data/data/com.termux/files/home/.cargo/registry/src/index.crates.io-1949cf8c6b5b557f/synstructure-0.13.2/README.md,/data/data/com.termux/files/home/pixelation/docs/markdown_archive/README_v579.md,d814fda4bf729aa194392480ef0aa0d02f2b6d24cb4a5a421e62c199e1313eae
/data/data/com.termux/files/home/.cargo/registry/src/index.crates.io-1949cf8c6b5b557f/unicase-2.8.1/README.md,/data/data/com.termux/files/home/pixelation/docs/markdown_archive/README_v580.md,876c5834083a40883903b17ab8769ccd228d4b112eda7bc006d9f0175f1e9019
/data/data/com.termux/files/home/.cargo/registry/src/index.crates.io-1949cf8c6b5b557f/toml_writer-1.0.4/README.md,/data/data/com.termux/files/home/pixelation/docs/markdown_archive/README_v581.md,712ff0f28b2488fdac8c874c6f52ec47acdf269994162d5408f0f84efd83fcc9
/data/data/com.termux/files/home/.cargo/registry/src/index.crates.io-1949cf8c6b5b557f/cc-1.2.41/CHANGELOG.md,/data/data/com.termux/files/home/pixelation/docs/markdown_archive/CHANGELOG_v178.md,17afbf3df21867ad877105277d98ad1fc3cef38e957c51d22acc75591cf08cea
/data/data/com.termux/files/home/.cargo/registry/src/index.crates.io-1949cf8c6b5b557f/cc-1.2.41/README.md,/data/data/com.termux/files/home/pixelation/docs/markdown_archive/README_v235.md,f1ddbede208a5b78333a25dac0a7598e678e9b601a7d99a791069bddaf180dfe
/data/data/com.termux/files/home/.cargo/registry/src/index.crates.io-1949cf8c6b5b557f/memchr-2.7.6/README.md,/data/data/com.termux/files/home/pixelation/docs/markdown_archive/README_v314.md,92a74aaffe011bdaa06fbc34a01686a6eba58ca1322e976759417a547fddf734
/data/data/com.termux/files/home/.cargo/registry/src/index.crates.io-1949cf8c6b5b557f/rustversion-1.0.22/README.md,/data/data/com.termux/files/home/pixelation/docs/markdown_archive/README_v339.md,913d04d158843566991845cc9d76e24610bf31f5a99e55115023ccc0b16ff1e7
/data/data/com.termux/files/home/.cargo/registry/src/index.crates.io-1949cf8c6b5b557f/os_pipe-1.2.3/README.md,/data/data/com.termux/files/home/pixelation/docs/markdown_archive/README_v582.md,d7601c6ac3395c575b11bf958f7f1363a423ab2588abbc0108ee22398a25b7e0
/data/data/com.termux/files/home/.cargo/registry/src/index.crates.io-1949cf8c6b5b557f/ppv-lite86-0.2.21/CHANGELOG.md,/data/data/com.termux/files/home/pixelation/docs/markdown_archive/CHANGELOG_v179.md,0bd1d2bdb4a940a0d867a782644eb007e79611be0a8d74d4ba106e83597716df
/data/data/com.termux/files/home/.cargo/registry/src/index.crates.io-1949cf8c6b5b557f/insta-1.43.2/README.md,/data/data/com.termux/files/home/pixelation/docs/markdown_archive/README_v583.md,ae34d39345bac0d90dfcfb7fc8708d75cea5ef0632a4960ca7454a4560bd5433
/data/data/com.termux/files/home/.cargo/registry/src/index.crates.io-1949cf8c6b5b557f/smallvec-1.15.1/README.md,/data/data/com.termux/files/home/pixelation/docs/markdown_archive/README_v232.md,a01127c37308457e8d396b176fb790846be0978c173be3f13260b62efcef011b
/data/data/com.termux/files/home/.cargo/registry/src/index.crates.io-1949cf8c6b5b557f/smallvec-1.15.1/debug_metadata/README.md,/data/data/com.termux/files/home/pixelation/docs/markdown_archive/README_v233.md,4d7f1c1b2c25ce2231ef71864d06e54323867459035b53bc9e00f66a0a44f82e
/data/data/com.termux/files/home/.cargo/registry/src/index.crates.io-1949cf8c6b5b557f/unicode-ident-1.0.19/README.md,/data/data/com.termux/files/home/pixelation/docs/markdown_archive/README_v584.md,14a5b144df5ffd729c605286a8b2abe4733f147197b5142e60d6bc77ea44854c
/data/data/com.termux/files/home/.cargo/registry/src/index.crates.io-1949cf8c6b5b557f/trycmd-0.15.10/README.md,/data/data/com.termux/files/home/pixelation/docs/markdown_archive/README_v585.md,0c78cbd58f832db76542559985fe082bc9688d30464fd6610cd746f9c784a270
/data/data/com.termux/files/home/.cargo/registry/src/index.crates.io-1949cf8c6b5b557f/zip-2.4.2/CHANGELOG.md,/data/data/com.termux/files/home/pixelation/docs/markdown_archive/CHANGELOG_v180.md,ad7ba4eae038ed1f966945891fb26bc2935a846fb084634c35e3fcda9411dcd1
/data/data/com.termux/files/home/.cargo/registry/src/index.crates.io-1949cf8c6b5b557f/zip-2.4.2/CODE_OF_CONDUCT.md,/data/data/com.termux/files/home/pixelation/docs/markdown_archive/CODE_OF_CONDUCT_v14.md,77930b2129928632cae79e10d0863885b34729e4f144f3ae5443cff65997196a
/data/data/com.termux/files/home/.cargo/registry/src/index.crates.io-1949cf8c6b5b557f/zip-2.4.2/CONTRIBUTING.md,/data/data/com.termux/files/home/pixelation/docs/markdown_archive/CONTRIBUTING_v23.md,a3d09049f918a0d3d9c4a09e2b5bf47436a09bc05fcfb0a198c5aa7d0ce5cbc0
/data/data/com.termux/files/home/.cargo/registry/src/index.crates.io-1949cf8c6b5b557f/zip-2.4.2/README.md,/data/data/com.termux/files/home/pixelation/docs/markdown_archive/README_v586.md,ff53bf847694445ca5b3404fe81f634f5abddc8b0ed0417c37b05929a521fac0
/data/data/com.termux/files/home/.cargo/registry/src/index.crates.io-1949cf8c6b5b557f/zip-2.4.2/SECURITY.md,/data/data/com.termux/files/home/pixelation/docs/markdown_archive/SECURITY_v5.md,d2bb3b232a752234a250243be2794c210f64b6fc3a3970d2dc8a6178e5ba75a0
/data/data/com.termux/files/home/.cargo/registry/src/index.crates.io-1949cf8c6b5b557f/zip-2.4.2/pull_request_template.md,/data/data/com.termux/files/home/pixelation/docs/markdown_archive/pull_request_template.md,7807acee3d1c3cee92d17e3e8e53e759f8c8b57b38b92a907c92fe1c92de0cc4
/data/data/com.termux/files/home/.cargo/registry/src/index.crates.io-1949cf8c6b5b557f/wasm-bindgen-0.2.104/README.md,/data/data/com.termux/files/home/pixelation/docs/markdown_archive/README_v441.md,074cc7476622aa5fd7494f56c3a9652aa0de2261e37a799e995019e763683f78
/data/data/com.termux/files/home/.cargo/registry/src/index.crates.io-1949cf8c6b5b557f/idna-1.1.0/README.md,/data/data/com.termux/files/home/pixelation/docs/markdown_archive/README_v587.md,f6154ca8c00570260dc1ecfb758d0b606b320b07a7b5f30edaf689dbaf846e8a
/data/data/com.termux/files/home/.cargo/registry/src/index.crates.io-1949cf8c6b5b557f/serde_derive-1.0.228/README.md,/data/data/com.termux/files/home/pixelation/docs/markdown_archive/README_v425.md,d40eb47c3c6e3780359df6fe40d40a35725c843df0e3b845e10ecf2a15048664
/data/data/com.termux/files/home/.cargo/registry/src/index.crates.io-1949cf8c6b5b557f/serde_derive-1.0.228/crates-io.md,/data/data/com.termux/files/home/pixelation/docs/markdown_archive/crates-io_v2.md,00b72e63d4f3393e28f9a219c8cb8c122013d82f0d10d6d551e239b13c5ba9e4
/data/data/com.termux/files/home/.cargo/registry/src/index.crates.io-1949cf8c6b5b557f/r-efi-5.3.0/NEWS.md,/data/data/com.termux/files/home/pixelation/docs/markdown_archive/NEWS_v2.md,a8924309f9b5d8cf035b12ee47d4afe99c3ca57ea60061239263ac0b0e2161ba
/data/data/com.termux/files/home/.cargo/registry/src/index.crates.io-1949cf8c6b5b557f/r-efi-5.3.0/README.md,/data/data/com.termux/files/home/pixelation/docs/markdown_archive/README_v196.md,420f65fec3ba2e89d49da51b222d2881d26959037a7b7d3794143db4bd4627b1
/data/data/com.termux/files/home/.cargo/registry/src/index.crates.io-1949cf8c6b5b557f/itertools-0.14.0/CHANGELOG.md,/data/data/com.termux/files/home/pixelation/docs/markdown_archive/CHANGELOG_v181.md,60ec9a1801e015e49f7fbb299b608ac730d5b1a3fb298e6cf7935c0695ddf7fe
/data/data/com.termux/files/home/.cargo/registry/src/index.crates.io-1949cf8c6b5b557f/itertools-0.14.0/CONTRIBUTING.md,/data/data/com.termux/files/home/pixelation/docs/markdown_archive/CONTRIBUTING_v9.md,d5787d0fd4df15481e2e09a37234ac5dec22c007c890826991f633d890efa29e
/data/data/com.termux/files/home/.cargo/registry/src/index.crates.io-1949cf8c6b5b557f/itertools-0.14.0/README.md,/data/data/com.termux/files/home/pixelation/docs/markdown_archive/README_v588.md,7dba3f55ea54eff2606f8b9f005e369cf9885dd972cb481432fce00234ee7750
/data/data/com.termux/files/home/.cargo/registry/src/index.crates.io-1949cf8c6b5b557f/textwrap-0.16.2/CHANGELOG.md,/data/data/com.termux/files/home/pixelation/docs/markdown_archive/CHANGELOG_v182.md,123afc265217452f107de1a41575175073d1b4d0c6de805a69c680d11e722d61
/data/data/com.termux/files/home/.cargo/registry/src/index.crates.io-1949cf8c6b5b557f/textwrap-0.16.2/README.md,/data/data/com.termux/files/home/pixelation/docs/markdown_archive/README_v589.md,a6af9c0c0d3f66531572dba26a80ed0453d19c21594d1f821ab45404451a484c
/data/data/com.termux/files/home/.cargo/registry/src/index.crates.io-1949cf8c6b5b557f/goblin-0.9.3/CHANGELOG.md,/data/data/com.termux/files/home/pixelation/docs/markdown_archive/CHANGELOG_v183.md,c3fc33707970c30c1b3f31b5934d87d8478a603ba060d910078217a13d73535c
/data/data/com.termux/files/home/.cargo/registry/src/index.crates.io-1949cf8c6b5b557f/goblin-0.9.3/README.md,/data/data/com.termux/files/home/pixelation/docs/markdown_archive/README_v590.md,91cb446f24f62e3dba824adf2df932caa4f6fa1e8f9ca16aef0dce6d9ac394fa
/data/data/com.termux/files/home/.cargo/registry/src/index.crates.io-1949cf8c6b5b557f/goblin-0.9.3/etc/projects/bingen/README.md,/data/data/com.termux/files/home/pixelation/docs/markdown_archive/README_v591.md,a1db448596c0b2b6ee7b728b6a55ab6c03bebec39f87fe632d4cf16ae3e19e2d
/data/data/com.termux/files/home/.cargo/registry/src/index.crates.io-1949cf8c6b5b557f/goblin-0.9.3/tests/bins/elf/gnu_hash/README.md,/data/data/com.termux/files/home/pixelation/docs/markdown_archive/README_v592.md,52581e2ea7067a55bd8aedf4079200fb76448573ae9ffef7d886b9556e980db9
/data/data/com.termux/files/home/.cargo/registry/src/index.crates.io-1949cf8c6b5b557f/goblin-0.9.3/tests/bins/te/README.md,/data/data/com.termux/files/home/pixelation/docs/markdown_archive/README_v593.md,a0daf347449bcf82c38d981b2a700d9fd4657c3a7e7dbfa22f90e74750c6bc0d
/data/data/com.termux/files/home/.cargo/registry/src/index.crates.io-1949cf8c6b5b557f/toml-0.9.8/README.md,/data/data/com.termux/files/home/pixelation/docs/markdown_archive/README_v594.md,e601aefac55b2f026b055f87b9f0ad3f6145cb641a9e5c935b92d34787ed643f
/data/data/com.termux/files/home/.cargo/registry/src/index.crates.io-1949cf8c6b5b557f/winnow-0.7.13/README.md,/data/data/com.termux/files/home/pixelation/docs/markdown_archive/README_v595.md,0b7e4cad5ef0cbb47dc1c1c34ff3b5d090aaba2cc3b3c5401539e5c4a22b7938
/data/data/com.termux/files/home/.cargo/registry/src/index.crates.io-1949cf8c6b5b557f/ureq-2.12.1/CHANGELOG.md,/data/data/com.termux/files/home/pixelation/docs/markdown_archive/CHANGELOG_v184.md,294b1a6ba6d37321420ac7af0b1aebebb1a19bd93f818660c055d12610a6314d
/data/data/com.termux/files/home/.cargo/registry/src/index.crates.io-1949cf8c6b5b557f/ureq-2.12.1/CONTRIBUTING.md,/data/data/com.termux/files/home/pixelation/docs/markdown_archive/CONTRIBUTING_v25.md,acede7b9f5f111820d8d4ad341e1798b7ccb9ce0a31df616ec845f444a6154c3
/data/data/com.termux/files/home/.cargo/registry/src/index.crates.io-1949cf8c6b5b557f/ureq-2.12.1/FUTURE.md,/data/data/com.termux/files/home/pixelation/docs/markdown_archive/FUTURE.md,4e3675e9ec922aab30799562dceade6683e37e8c20aedfeefbf7683e5bcc1a26
/data/data/com.termux/files/home/.cargo/registry/src/index.crates.io-1949cf8c6b5b557f/ureq-2.12.1/README.md,/data/data/com.termux/files/home/pixelation/docs/markdown_archive/README_v596.md,06aa08f420dddb0b35803cea085a2ba259fc0ff94e15bd5666850aab57d5c31b
/data/data/com.termux/files/home/.cargo/registry/src/index.crates.io-1949cf8c6b5b557f/zerocopy-0.8.27/CHANGELOG.md,/data/data/com.termux/files/home/pixelation/docs/markdown_archive/CHANGELOG_v55.md,876e5a74db78bdc53677ec4d489ce7b2fc87840f2dc094423cef406138082708
/data/data/com.termux/files/home/.cargo/registry/src/index.crates.io-1949cf8c6b5b557f/zerocopy-0.8.27/CONTRIBUTING.md,/data/data/com.termux/files/home/pixelation/docs/markdown_archive/CONTRIBUTING_v13.md,a0980739c88a1b5fe71e487ec49ead40a33e96042d4cb2310240ac1a635c97d3
/data/data/com.termux/files/home/.cargo/registry/src/index.crates.io-1949cf8c6b5b557f/zerocopy-0.8.27/POLICIES.md,/data/data/com.termux/files/home/pixelation/docs/markdown_archive/POLICIES.md,43dbf7f7b6e003fe080099e51ea2b70b5d99fa2185ee54717a914202a42e1a82
/data/data/com.termux/files/home/.cargo/registry/src/index.crates.io-1949cf8c6b5b557f/zerocopy-0.8.27/README.md,/data/data/com.termux/files/home/pixelation/docs/markdown_archive/README_v505.md,3d2a9c183a16038d8ba7bbeb4fa963f6793ae70aabf9d7df52967c47440e775b
/data/data/com.termux/files/home/.cargo/registry/src/index.crates.io-1949cf8c6b5b557f/time-0.3.44/README.md,/data/data/com.termux/files/home/pixelation/docs/markdown_archive/README_v597.md,2678dc82b3ed3e7145d25a5d846117f08415451b92fe885fb9e9b776867ba22e
/data/data/com.termux/files/home/.cargo/registry/src/index.crates.io-1949cf8c6b5b557f/regex-1.12.2/CHANGELOG.md,/data/data/com.termux/files/home/pixelation/docs/markdown_archive/CHANGELOG_v185.md,154fdf1ae0e8cbc50e8cb8457f61c403c5d9a1a53cef78f19e48660af6e5d22a
/data/data/com.termux/files/home/.cargo/registry/src/index.crates.io-1949cf8c6b5b557f/regex-1.12.2/README.md,/data/data/com.termux/files/home/pixelation/docs/markdown_archive/README_v501.md,2e5ffce9b5781a2c286517f0fb81e7e00d9736ffa938c9a34b5e92f30352a115
/data/data/com.termux/files/home/.cargo/registry/src/index.crates.io-1949cf8c6b5b557f/regex-1.12.2/UNICODE.md,/data/data/com.termux/files/home/pixelation/docs/markdown_archive/UNICODE_v2.md,91ee848bf40a67626940d242d3ef05e90c7d5ef72d23bcf626033b5394aee0ea
/data/data/com.termux/files/home/.cargo/registry/src/index.crates.io-1949cf8c6b5b557f/regex-1.12.2/bench/README.md,/data/data/com.termux/files/home/pixelation/docs/markdown_archive/README_v220.md,0aee42206b0e5edcb400a11faa2c536f512bcc6086e5ffdda001b9bfe4d19808
/data/data/com.termux/files/home/.cargo/registry/src/index.crates.io-1949cf8c6b5b557f/regex-1.12.2/testdata/README.md,/data/data/com.termux/files/home/pixelation/docs/markdown_archive/README_v502.md,8c06d771da52048ac5b67de8b61f386a4aa70c904a7da4efec1aa86c710b0be5
/data/data/com.termux/files/home/.cargo/registry/src/index.crates.io-1949cf8c6b5b557f/python-pkginfo-0.6.6/Changelog.md,/data/data/com.termux/files/home/pixelation/docs/markdown_archive/Changelog_v4.md,c9fbcbe38d96235bf67d1609de0c0181a5de000ce7837d0098ae5c9a5c7ff9d0
/data/data/com.termux/files/home/.cargo/registry/src/index.crates.io-1949cf8c6b5b557f/python-pkginfo-0.6.6/README.md,/data/data/com.termux/files/home/pixelation/docs/markdown_archive/README_v598.md,12272700e7d59e10b59029300c17756d375aa4bfe4c6cce84c477ba9235473db
/data/data/com.termux/files/home/.cargo/registry/src/index.crates.io-1949cf8c6b5b557f/libmimalloc-sys-0.1.44/c_src/mimalloc/v2/SECURITY.md,/data/data/com.termux/files/home/pixelation/docs/markdown_archive/SECURITY_v8.md,7b6976eec43edfa68b79a459dd089c56b7a395916dbf1a01bd11e6d86e12128f
/data/data/com.termux/files/home/.cargo/registry/src/index.crates.io-1949cf8c6b5b557f/libmimalloc-sys-0.1.44/c_src/mimalloc/v2/contrib/docker/readme.md,/data/data/com.termux/files/home/pixelation/docs/markdown_archive/readme_v23.md,acfaf0235908dba722fa742c19dc9936c51345793808fb4864de5987db8074fb
/data/data/com.termux/files/home/.cargo/registry/src/index.crates.io-1949cf8c6b5b557f/libmimalloc-sys-0.1.44/c_src/mimalloc/v2/contrib/vcpkg/readme.md,/data/data/com.termux/files/home/pixelation/docs/markdown_archive/readme_v24.md,ce2d363cc8849e45d21bcca8e0971b3e1eb7e0ae7d798ea83d12ef3e5dafb632
/data/data/com.termux/files/home/.cargo/registry/src/index.crates.io-1949cf8c6b5b557f/libmimalloc-sys-0.1.44/c_src/mimalloc/v2/readme.md,/data/data/com.termux/files/home/pixelation/docs/markdown_archive/readme_v25.md,65415ef47a17ee31c6257a61b1adf8547733ec66bb8567c726b0d089061b2193
/data/data/com.termux/files/home/.cargo/registry/src/index.crates.io-1949cf8c6b5b557f/libmimalloc-sys-0.1.44/c_src/mimalloc/v2/src/prim/readme.md,/data/data/com.termux/files/home/pixelation/docs/markdown_archive/readme_v26.md,792531421c247fca0766ff7630057ec491173578ca4d1919ae34f05eb289ccf4
/data/data/com.termux/files/home/.cargo/registry/src/index.crates.io-1949cf8c6b5b557f/libmimalloc-sys-0.1.44/c_src/mimalloc/v2/src/prim/windows/readme.md,/data/data/com.termux/files/home/pixelation/docs/markdown_archive/readme_v27.md,1bcb43eef7fcddf6d8f18c6d5ee9bd350090ed183a1009d4f1c9b4d81a205bb9
/data/data/com.termux/files/home/.cargo/registry/src/index.crates.io-1949cf8c6b5b557f/libmimalloc-sys-0.1.44/c_src/mimalloc/v3/SECURITY.md,/data/data/com.termux/files/home/pixelation/docs/markdown_archive/SECURITY_v8.md,7b6976eec43edfa68b79a459dd089c56b7a395916dbf1a01bd11e6d86e12128f
/data/data/com.termux/files/home/.cargo/registry/src/index.crates.io-1949cf8c6b5b557f/libmimalloc-sys-0.1.44/c_src/mimalloc/v3/contrib/docker/readme.md,/data/data/com.termux/files/home/pixelation/docs/markdown_archive/readme_v23.md,acfaf0235908dba722fa742c19dc9936c51345793808fb4864de5987db8074fb
/data/data/com.termux/files/home/.cargo/registry/src/index.crates.io-1949cf8c6b5b557f/libmimalloc-sys-0.1.44/c_src/mimalloc/v3/contrib/vcpkg/readme.md,/data/data/com.termux/files/home/pixelation/docs/markdown_archive/readme_v24.md,ce2d363cc8849e45d21bcca8e0971b3e1eb7e0ae7d798ea83d12ef3e5dafb632
/data/data/com.termux/files/home/.cargo/registry/src/index.crates.io-1949cf8c6b5b557f/libmimalloc-sys-0.1.44/c_src/mimalloc/v3/readme.md,/data/data/com.termux/files/home/pixelation/docs/markdown_archive/readme_v25.md,65415ef47a17ee31c6257a61b1adf8547733ec66bb8567c726b0d089061b2193
/data/data/com.termux/files/home/.cargo/registry/src/index.crates.io-1949cf8c6b5b557f/libmimalloc-sys-0.1.44/c_src/mimalloc/v3/src/prim/readme.md,/data/data/com.termux/files/home/pixelation/docs/markdown_archive/readme_v26.md,792531421c247fca0766ff7630057ec491173578ca4d1919ae34f05eb289ccf4
/data/data/com.termux/files/home/.cargo/registry/src/index.crates.io-1949cf8c6b5b557f/libmimalloc-sys-0.1.44/c_src/mimalloc/v3/src/prim/windows/readme.md,/data/data/com.termux/files/home/pixelation/docs/markdown_archive/readme_v27.md,1bcb43eef7fcddf6d8f18c6d5ee9bd350090ed183a1009d4f1c9b4d81a205bb9
/data/data/com.termux/files/home/.cargo/registry/src/index.crates.io-1949cf8c6b5b557f/unicode-width-0.1.14/README.md,/data/data/com.termux/files/home/pixelation/docs/markdown_archive/README_v599.md,57b83939f483d1acfce94d5eb369756e732a584dfe3b4c7054ea27751ad566db
/data/data/com.termux/files/home/.cargo/registry/src/index.crates.io-1949cf8c6b5b557f/regex-syntax-0.8.8/README.md,/data/data/com.termux/files/home/pixelation/docs/markdown_archive/README_v371.md,b2484aa7e66fb92d1378e9a7ce7605af18f77cb12c179866eaf92ba28cfec1d9
/data/data/com.termux/files/home/.cargo/registry/src/index.crates.io-1949cf8c6b5b557f/windows_i686_msvc-0.53.1/readme.md,/data/data/com.termux/files/home/pixelation/docs/markdown_archive/readme_v13.md,60be11047d88f5cc3474be1298c739c15789e3a9d8c67fbc9ad56a6070112ca1
/data/data/com.termux/files/home/.cargo/registry/src/index.crates.io-1949cf8c6b5b557f/ring-0.17.14/README.md,/data/data/com.termux/files/home/pixelation/docs/markdown_archive/README_v600.md,4c291847f83f138b087d2c7a4474cbdc6298ed9f04d32b65d3e222c7d10a2188
/data/data/com.termux/files/home/.cargo/registry/src/index.crates.io-1949cf8c6b5b557f/zstd-sys-2.0.16+zstd.1.5.7/Readme.md,/data/data/com.termux/files/home/pixelation/docs/markdown_archive/Readme_v7.md,3b5dff115d0794d3f35bf4e659b3c1222707a57b815b653d435e1568961bb3c8
/data/data/com.termux/files/home/.cargo/registry/src/index.crates.io-1949cf8c6b5b557f/windows_aarch64_msvc-0.53.1/readme.md,/data/data/com.termux/files/home/pixelation/docs/markdown_archive/readme_v13.md,60be11047d88f5cc3474be1298c739c15789e3a9d8c67fbc9ad56a6070112ca1
/data/data/com.termux/files/home/.cargo/registry/src/index.crates.io-1949cf8c6b5b557f/encoding_rs-0.8.35/CONTRIBUTING.md,/data/data/com.termux/files/home/pixelation/docs/markdown_archive/CONTRIBUTING_v26.md,ca1901f3e8532fb4cec894fd3664f0eaa898c0c4b961d1b992d1ed54eacf362a
/data/data/com.termux/files/home/.cargo/registry/src/index.crates.io-1949cf8c6b5b557f/encoding_rs-0.8.35/Ideas.md,/data/data/com.termux/files/home/pixelation/docs/markdown_archive/Ideas.md,b7452893f500163868d8de52c09addaf91e1632454ed02e892c467ed7ec39dbd
/data/data/com.termux/files/home/.cargo/registry/src/index.crates.io-1949cf8c6b5b557f/encoding_rs-0.8.35/README.md,/data/data/com.termux/files/home/pixelation/docs/markdown_archive/README_v601.md,9826137ed4297be3b2019b74a8f6111a796ff507bde41df2f20712539704b9e9
/data/data/com.termux/files/home/.cargo/registry/src/index.crates.io-1949cf8c6b5b557f/proc-macro2-1.0.86/README.md,/data/data/com.termux/files/home/pixelation/docs/markdown_archive/README_v201.md,c609b6865476d6c35879784e9155367a97a0da496aa5c3c61488440a20f59883
/data/data/com.termux/files/home/.cargo/registry/src/index.crates.io-1949cf8c6b5b557f/serde_derive-1.0.218/README.md,/data/data/com.termux/files/home/pixelation/docs/markdown_archive/README_v200.md,56dd9b1d02be861a2c2a88c06005adc61f8b1d4330cd6db304ee330bcfdc4310
/data/data/com.termux/files/home/.cargo/registry/src/index.crates.io-1949cf8c6b5b557f/serde_derive-1.0.218/crates-io.md,/data/data/com.termux/files/home/pixelation/docs/markdown_archive/crates-io.md,407d92b2932923f8708aaf31db266fd7db32e2b0afa6c569d134b680b74a1920
/data/data/com.termux/files/home/.cargo/registry/src/index.crates.io-1949cf8c6b5b557f/icu_normalizer_data-1.5.0/README.md,/data/data/com.termux/files/home/pixelation/docs/markdown_archive/README_v602.md,52aa166967a2e729c2bbe88d827ed5f27e0908c7bf99806f534685c042961577
/data/data/com.termux/files/home/.cargo/registry/src/index.crates.io-1949cf8c6b5b557f/unicode-ident-1.0.12/README.md,/data/data/com.termux/files/home/pixelation/docs/markdown_archive/README_v603.md,eff1f30712e93cc160101c25bf31738448c284b90636deb3e3a651cb9ad20dd1
/data/data/com.termux/files/home/.cargo/registry/src/index.crates.io-1949cf8c6b5b557f/icu_locid-1.5.0/README.md,/data/data/com.termux/files/home/pixelation/docs/markdown_archive/README_v604.md,27c4ba4df8933825ab38b7da3de3b678bee7f1b4a011c6268861da643ac52de2
/data/data/com.termux/files/home/.cargo/registry/src/index.crates.io-1949cf8c6b5b557f/icu_collections-1.5.0/README.md,/data/data/com.termux/files/home/pixelation/docs/markdown_archive/README_v414.md,b1a0b37b61d42026996dda3b7d524d42888181f3e7eaf940c9b2e5f561c449e3
/data/data/com.termux/files/home/.cargo/registry/src/index.crates.io-1949cf8c6b5b557f/jiter-0.9.0/README.md,/data/data/com.termux/files/home/pixelation/docs/markdown_archive/README_v605.md,4ad7d2f2ac092d0611ecd9cc236320ab56e37836140b2878daae1b41699e94f8
/data/data/com.termux/files/home/.cargo/registry/src/index.crates.io-1949cf8c6b5b557f/pyo3-0.24.1/.towncrier.template.md,/data/data/com.termux/files/home/pixelation/docs/markdown_archive/.towncrier.template.md,1ecda4cea38054f243aaf1a1021a4d83f3d45399e6b69330c38cad1616230515
/data/data/com.termux/files/home/.cargo/registry/src/index.crates.io-1949cf8c6b5b557f/pyo3-0.24.1/Architecture.md,/data/data/com.termux/files/home/pixelation/docs/markdown_archive/Architecture.md,5f867dc70fd1ef1d0511e04ab7034d6ffe0036c90c04001a7012391e71f2354d
/data/data/com.termux/files/home/.cargo/registry/src/index.crates.io-1949cf8c6b5b557f/pyo3-0.24.1/CHANGELOG.md,/data/data/com.termux/files/home/pixelation/docs/markdown_archive/CHANGELOG_v186.md,c167bc7abc3d6cea60525011d792243aa5b3806aaa233f312f96b044df3e45f8
/data/data/com.termux/files/home/.cargo/registry/src/index.crates.io-1949cf8c6b5b557f/pyo3-0.24.1/Code-of-Conduct.md,/data/data/com.termux/files/home/pixelation/docs/markdown_archive/Code-of-Conduct.md,92d4a344e60e7310c654de92a26d84c99dafbfd4fab149a85d4e22f38232bafb
/data/data/com.termux/files/home/.cargo/registry/src/index.crates.io-1949cf8c6b5b557f/pyo3-0.24.1/Contributing.md,/data/data/com.termux/files/home/pixelation/docs/markdown_archive/Contributing_v4.md,6b13d5aa0a36611bbf02081fb1816f25e6064dce900f7b36bb67ecd57f2e8fcf
/data/data/com.termux/files/home/.cargo/registry/src/index.crates.io-1949cf8c6b5b557f/pyo3-0.24.1/README.md,/data/data/com.termux/files/home/pixelation/docs/markdown_archive/README_v606.md,81e92f0b65499795aba4789e994e29ac6a5c4802e8b0f487687c23a0eb70ab97
/data/data/com.termux/files/home/.cargo/registry/src/index.crates.io-1949cf8c6b5b557f/pyo3-0.24.1/Releasing.md,/data/data/com.termux/files/home/pixelation/docs/markdown_archive/Releasing.md,3e2cf797f83cf58d2244b84788f182c5a9e31ca88e981a7ecb87671c2f32d944
/data/data/com.termux/files/home/.cargo/registry/src/index.crates.io-1949cf8c6b5b557f/pyo3-0.24.1/guide/pyclass-parameters.md,/data/data/com.termux/files/home/pixelation/docs/markdown_archive/pyclass-parameters.md,658ee111c28eb59e571d05692a3e7440ad350a8f89883b88524d702c0913dd62
/data/data/com.termux/files/home/.cargo/registry/src/index.crates.io-1949cf8c6b5b557f/pyo3-0.24.1/guide/src/SUMMARY.md,/data/data/com.termux/files/home/pixelation/docs/markdown_archive/SUMMARY_v3.md,d7396f255eeca5a9b0c58857cde7937469db59aec8ce0ce74c41a8485b2d2ad7
/data/data/com.termux/files/home/.cargo/registry/src/index.crates.io-1949cf8c6b5b557f/pyo3-0.24.1/guide/src/advanced.md,/data/data/com.termux/files/home/pixelation/docs/markdown_archive/advanced.md,df2f8bb4eec77b8950f3f1b9dd558807629c34f4a3c561a6d5c702073237bd72
/data/data/com.termux/files/home/.cargo/registry/src/index.crates.io-1949cf8c6b5b557f/pyo3-0.24.1/guide/src/async-await.md,/data/data/com.termux/files/home/pixelation/docs/markdown_archive/async-await.md,d2eb746b3f19f736186659e58231a970b9de76941909b8ccecf377e5ae57a9db
/data/data/com.termux/files/home/.cargo/registry/src/index.crates.io-1949cf8c6b5b557f/pyo3-0.24.1/guide/src/building-and-distribution/multiple-python-versions.md,/data/data/com.termux/files/home/pixelation/docs/markdown_archive/multiple-python-versions.md,8083a24f35f73dee594774bc3c46b8423c3864e33868cb0a57643f63734d219a
/data/data/com.termux/files/home/.cargo/registry/src/index.crates.io-1949cf8c6b5b557f/pyo3-0.24.1/guide/src/building-and-distribution.md,/data/data/com.termux/files/home/pixelation/docs/markdown_archive/building-and-distribution.md,ebca6cc597c34bd4b8c712164047b2ba9110cf1499b2f8c24489874db06317aa
/data/data/com.termux/files/home/.cargo/registry/src/index.crates.io-1949cf8c6b5b557f/pyo3-0.24.1/guide/src/changelog.md,/data/data/com.termux/files/home/pixelation/docs/markdown_archive/changelog_v2.md,439803753b2afb2157fbcb7384c4465684736c0a42d63ef8f4a5bd8356dbfa69
/data/data/com.termux/files/home/.cargo/registry/src/index.crates.io-1949cf8c6b5b557f/pyo3-0.24.1/guide/src/class/call.md,/data/data/com.termux/files/home/pixelation/docs/markdown_archive/call.md,6c8d305b299725e670d0d75cf94036d612bc97af00c3f0ff9698d29149a11150
/data/data/com.termux/files/home/.cargo/registry/src/index.crates.io-1949cf8c6b5b557f/pyo3-0.24.1/guide/src/class/numeric.md,/data/data/com.termux/files/home/pixelation/docs/markdown_archive/numeric_v5.md,9b663038696b018198f846a1acc225db4fe85cdb7d625b5174a86b22a19f6f6c
/data/data/com.termux/files/home/.cargo/registry/src/index.crates.io-1949cf8c6b5b557f/pyo3-0.24.1/guide/src/class/object.md,/data/data/com.termux/files/home/pixelation/docs/markdown_archive/object.md,9243e71a6df56e68190155e9f1d3bafde79fb16fd6fdc7f98e6caa326e84492d
/data/data/com.termux/files/home/.cargo/registry/src/index.crates.io-1949cf8c6b5b557f/pyo3-0.24.1/guide/src/class/protocols.md,/data/data/com.termux/files/home/pixelation/docs/markdown_archive/protocols.md,9f4e0082b34cbe0b5447c25f0bfaa55091202f5ec6eff255b688f263e626505b
/data/data/com.termux/files/home/.cargo/registry/src/index.crates.io-1949cf8c6b5b557f/pyo3-0.24.1/guide/src/class/thread-safety.md,/data/data/com.termux/files/home/pixelation/docs/markdown_archive/thread-safety_v4.md,6403925fc1e47254e4f5235f41a1251f1a70890d9d8c0b6296c48126f0bdcfcf
/data/data/com.termux/files/home/.cargo/registry/src/index.crates.io-1949cf8c6b5b557f/pyo3-0.24.1/guide/src/class.md,/data/data/com.termux/files/home/pixelation/docs/markdown_archive/class_v5.md,434583f012c5ab470fc2bbac36d44e45b424e29dab77f95209eb602d156e3e23
/data/data/com.termux/files/home/.cargo/registry/src/index.crates.io-1949cf8c6b5b557f/pyo3-0.24.1/guide/src/contributing.md,/data/data/com.termux/files/home/pixelation/docs/markdown_archive/contributing_v2.md,655723bc7de5aa185b05be39400e87000595bcf268dd3066f7fc091be0a1aac0
/data/data/com.termux/files/home/.cargo/registry/src/index.crates.io-1949cf8c6b5b557f/pyo3-0.24.1/guide/src/conversions/tables.md,/data/data/com.termux/files/home/pixelation/docs/markdown_archive/tables.md,678356e239411b5d7234fc2a002cb64416b6274efc406c94652a818469c25b86
/data/data/com.termux/files/home/.cargo/registry/src/index.crates.io-1949cf8c6b5b557f/pyo3-0.24.1/guide/src/conversions/traits.md,/data/data/com.termux/files/home/pixelation/docs/markdown_archive/traits_v6.md,06fd12c70863e701ec4df15e4ca69fdc2ca7f44ee2876ffef4ba9923c234875e
/data/data/com.termux/files/home/.cargo/registry/src/index.crates.io-1949cf8c6b5b557f/pyo3-0.24.1/guide/src/conversions.md,/data/data/com.termux/files/home/pixelation/docs/markdown_archive/conversions_v2.md,8c27cff72407ec7c1c8303cdfa4d25d85524c2fece55a74f8ea41d8f0e1e0ad0
/data/data/com.termux/files/home/.cargo/registry/src/index.crates.io-1949cf8c6b5b557f/pyo3-0.24.1/guide/src/debugging.md,/data/data/com.termux/files/home/pixelation/docs/markdown_archive/debugging_v2.md,0d33f4ec8394a6f97b88dbd166490a9863167ed5c40e40cb331032006a4ae08b
/data/data/com.termux/files/home/.cargo/registry/src/index.crates.io-1949cf8c6b5b557f/pyo3-0.24.1/guide/src/ecosystem/async-await.md,/data/data/com.termux/files/home/pixelation/docs/markdown_archive/async-await_v4.md,f9c8399daada41f2dbbb164b9458d542b03571fdb517896a0a37c036ebbbd3ef
/data/data/com.termux/files/home/.cargo/registry/src/index.crates.io-1949cf8c6b5b557f/pyo3-0.24.1/guide/src/ecosystem/logging.md,/data/data/com.termux/files/home/pixelation/docs/markdown_archive/logging.md,214b58b37a44b232204f3f1c114afb81e1e792521c15d8788f121e35409e879d
/data/data/com.termux/files/home/.cargo/registry/src/index.crates.io-1949cf8c6b5b557f/pyo3-0.24.1/guide/src/ecosystem/tracing.md,/data/data/com.termux/files/home/pixelation/docs/markdown_archive/tracing_v3.md,eacec9297b44e8f64800584a5358aea34615c75c39f4f6c6594cb1643e4c4ce3
/data/data/com.termux/files/home/.cargo/registry/src/index.crates.io-1949cf8c6b5b557f/pyo3-0.24.1/guide/src/ecosystem.md,/data/data/com.termux/files/home/pixelation/docs/markdown_archive/ecosystem.md,d2a663465d9842f91bee793899dd5dd51e5431b5ced03d8bbb205c0eeaf5cc1c
/data/data/com.termux/files/home/.cargo/registry/src/index.crates.io-1949cf8c6b5b557f/pyo3-0.24.1/guide/src/exception.md,/data/data/com.termux/files/home/pixelation/docs/markdown_archive/exception_v5.md,a58c62ff0c0f0dc00b37dcf001842a3cf123eb522ea433f198c30e303d8064ff
/data/data/com.termux/files/home/.cargo/registry/src/index.crates.io-1949cf8c6b5b557f/pyo3-0.24.1/guide/src/faq.md,/data/data/com.termux/files/home/pixelation/docs/markdown_archive/faq.md,5e7b39c9515817f37a86037184c275695191996dac3a3aff2f0716c2bdaacb85
/data/data/com.termux/files/home/.cargo/registry/src/index.crates.io-1949cf8c6b5b557f/pyo3-0.24.1/guide/src/features.md,/data/data/com.termux/files/home/pixelation/docs/markdown_archive/features_v5.md,d50c05ec6954187a789658958b5b134fe0daa76e831e3e1d4770814e31d08418
/data/data/com.termux/files/home/.cargo/registry/src/index.crates.io-1949cf8c6b5b557f/pyo3-0.24.1/guide/src/free-threading.md,/data/data/com.termux/files/home/pixelation/docs/markdown_archive/free-threading_v5.md,9bdeb118311cd685c9ab44e0c405f96418f10df15958d5a3bb38b99512c027eb
/data/data/com.termux/files/home/.cargo/registry/src/index.crates.io-1949cf8c6b5b557f/pyo3-0.24.1/guide/src/function/error-handling.md,/data/data/com.termux/files/home/pixelation/docs/markdown_archive/error-handling.md,af64df5020ea77f2bb5d1cff33ee88f9cebce651552a86af2c5a73e429265d8e
/data/data/com.termux/files/home/.cargo/registry/src/index.crates.io-1949cf8c6b5b557f/pyo3-0.24.1/guide/src/function/signature.md,/data/data/com.termux/files/home/pixelation/docs/markdown_archive/signature_v5.md,760b1b66fc912ec4f355739d4b1ffca76f1ecaf534744c430789ae12eb766061
/data/data/com.termux/files/home/.cargo/registry/src/index.crates.io-1949cf8c6b5b557f/pyo3-0.24.1/guide/src/function-calls.md,/data/data/com.termux/files/home/pixelation/docs/markdown_archive/function-calls.md,7a7f84b340f532210f5293656682a5c8087542e50774ab07e1096b2d350a4484
/data/data/com.termux/files/home/.cargo/registry/src/index.crates.io-1949cf8c6b5b557f/pyo3-0.24.1/guide/src/function.md,/data/data/com.termux/files/home/pixelation/docs/markdown_archive/function_v5.md,5a4248f39385e482b3f61a3dbf1eb33a7b924d9625a84d2761fde8b968f74580
/data/data/com.termux/files/home/.cargo/registry/src/index.crates.io-1949cf8c6b5b557f/pyo3-0.24.1/guide/src/getting-started.md,/data/data/com.termux/files/home/pixelation/docs/markdown_archive/getting-started.md,8cf4647ab2754994d0dca502e0221a4f9378f5844267dda606c5e97f095e0083
/data/data/com.termux/files/home/.cargo/registry/src/index.crates.io-1949cf8c6b5b557f/pyo3-0.24.1/guide/src/index.md,/data/data/com.termux/files/home/pixelation/docs/markdown_archive/index.md,5dc6feb93c4495c42bf6423eb46eebc73c9f22cb24fda206fb126d5411ff65a5
/data/data/com.termux/files/home/.cargo/registry/src/index.crates.io-1949cf8c6b5b557f/pyo3-0.24.1/guide/src/migration.md,/data/data/com.termux/files/home/pixelation/docs/markdown_archive/migration_v5.md,bf278e8c4cbccd2141f294c76a9d5043559dae2ad6280849e9474ad387123e77
/data/data/com.termux/files/home/.cargo/registry/src/index.crates.io-1949cf8c6b5b557f/pyo3-0.24.1/guide/src/module.md,/data/data/com.termux/files/home/pixelation/docs/markdown_archive/module.md,a1cc9bdb9eef48cccf9a83719cb9cac9acb604802f42122cce1b828ade025da0
/data/data/com.termux/files/home/.cargo/registry/src/index.crates.io-1949cf8c6b5b557f/pyo3-0.24.1/guide/src/parallelism.md,/data/data/com.termux/files/home/pixelation/docs/markdown_archive/parallelism.md,f0faa9e3b32461a3e6f094a5853017884b100596d2f34abd63f5235902138788
/data/data/com.termux/files/home/.cargo/registry/src/index.crates.io-1949cf8c6b5b557f/pyo3-0.24.1/guide/src/performance.md,/data/data/com.termux/files/home/pixelation/docs/markdown_archive/performance_v5.md,4f658280cc429c019bf58348c47bbcfd5f266395cc6223b4a3be9462de6c1d76
/data/data/com.termux/files/home/.cargo/registry/src/index.crates.io-1949cf8c6b5b557f/pyo3-0.24.1/guide/src/python-from-rust/calling-existing-code.md,/data/data/com.termux/files/home/pixelation/docs/markdown_archive/calling-existing-code.md,0092df48629bb8e4d7bf8dbab725fe1070035f3ed4ac98a10bbd9aa13ba0c862
/data/data/com.termux/files/home/.cargo/registry/src/index.crates.io-1949cf8c6b5b557f/pyo3-0.24.1/guide/src/python-from-rust/function-calls.md,/data/data/com.termux/files/home/pixelation/docs/markdown_archive/function-calls_v2.md,585a8a95ee3e219278ec340714fb853632437008950f9d450d2115a479936afd
/data/data/com.termux/files/home/.cargo/registry/src/index.crates.io-1949cf8c6b5b557f/pyo3-0.24.1/guide/src/python-from-rust.md,/data/data/com.termux/files/home/pixelation/docs/markdown_archive/python-from-rust.md,c20a90e8c52b0d7fb8a9389ff6aadcf4e6162cd92352d79496df4af9ee0a69f4
/data/data/com.termux/files/home/.cargo/registry/src/index.crates.io-1949cf8c6b5b557f/pyo3-0.24.1/guide/src/python-typing-hints.md,/data/data/com.termux/files/home/pixelation/docs/markdown_archive/python-typing-hints.md,a95b12016cea6d10359c7459a6e11abd756c91e27e03a7f9c2a22e9d5716e7e0
/data/data/com.termux/files/home/.cargo/registry/src/index.crates.io-1949cf8c6b5b557f/pyo3-0.24.1/guide/src/rust-from-python.md,/data/data/com.termux/files/home/pixelation/docs/markdown_archive/rust-from-python.md,7e1da8b958da7b428f76302cb91e159ec36973dc8368cf6033c3e3512a3e496a
/data/data/com.termux/files/home/.cargo/registry/src/index.crates.io-1949cf8c6b5b557f/pyo3-0.24.1/guide/src/trait-bounds.md,/data/data/com.termux/files/home/pixelation/docs/markdown_archive/trait-bounds.md,b7a8af6a71c83368bab5f352f04b8f7f1f10b0791f3cf66f37db838abdc10f5c
/data/data/com.termux/files/home/.cargo/registry/src/index.crates.io-1949cf8c6b5b557f/pyo3-0.24.1/guide/src/types.md,/data/data/com.termux/files/home/pixelation/docs/markdown_archive/types.md,0e2a149fb238b55a9b27cfa791fb4144a4939fdb5b6dddaffa451657b8ce2cea
/data/data/com.termux/files/home/.cargo/registry/src/index.crates.io-1949cf8c6b5b557f/pyo3-0.24.1/pyo3-runtime/README.md,/data/data/com.termux/files/home/pixelation/docs/markdown_archive/README_v228.md,022371b6e623237264fb9654101bc33288f8842b5dfb9b4f5dca7215125268ba
/data/data/com.termux/files/home/.cargo/registry/src/index.crates.io-1949cf8c6b5b557f/archery-1.2.1/LICENSE.md,/data/data/com.termux/files/home/pixelation/docs/markdown_archive/LICENSE_v9.md,e6b6566f085df5746515c6d7e2edcaec0d2b77d527ac40d91409d783fb6c8508
/data/data/com.termux/files/home/.cargo/registry/src/index.crates.io-1949cf8c6b5b557f/archery-1.2.1/README.md,/data/data/com.termux/files/home/pixelation/docs/markdown_archive/README_v607.md,2c98a47c49a07873c97824edb9729e810ed55827a5e208dec2e2758d7d1b134e
/data/data/com.termux/files/home/.cargo/registry/src/index.crates.io-1949cf8c6b5b557f/archery-1.2.1/release-notes.md,/data/data/com.termux/files/home/pixelation/docs/markdown_archive/release-notes_v2.md,ea4727ca3449a914243ea01ed73b26541ad0d9373cbba6037106fe7bf690b6ef
/data/data/com.termux/files/home/.cargo/registry/src/index.crates.io-1949cf8c6b5b557f/rpds-1.1.1/LICENSE.md,/data/data/com.termux/files/home/pixelation/docs/markdown_archive/LICENSE_v9.md,e6b6566f085df5746515c6d7e2edcaec0d2b77d527ac40d91409d783fb6c8508
/data/data/com.termux/files/home/.cargo/registry/src/index.crates.io-1949cf8c6b5b557f/rpds-1.1.1/README.md,/data/data/com.termux/files/home/pixelation/docs/markdown_archive/README_v608.md,136bb5110d924cd5f93d364d95cbef57ba381b7c2ee782e013d8b42a1ea258aa
/data/data/com.termux/files/home/.cargo/registry/src/index.crates.io-1949cf8c6b5b557f/rpds-1.1.1/release-notes.md,/data/data/com.termux/files/home/pixelation/docs/markdown_archive/release-notes_v3.md,30bbd12423f48635af17a276068f67266268caae05c8a1b30af6e78c514c4ee8
/data/data/com.termux/files/home/.cargo/registry/src/index.crates.io-1949cf8c6b5b557f/cc-1.2.25/CHANGELOG.md,/data/data/com.termux/files/home/pixelation/docs/markdown_archive/CHANGELOG_v187.md,dd52a12bde43e0670d8ab4909fbe9cfa4ac33eba255d36fc143ed959f6e3dd39
/data/data/com.termux/files/home/.cargo/registry/src/index.crates.io-1949cf8c6b5b557f/cc-1.2.25/README.md,/data/data/com.termux/files/home/pixelation/docs/markdown_archive/README_v235.md,f1ddbede208a5b78333a25dac0a7598e678e9b601a7d99a791069bddaf180dfe
/data/data/com.termux/files/home/.cargo/registry/src/index.crates.io-1949cf8c6b5b557f/pyo3-0.25.1/.towncrier.template.md,/data/data/com.termux/files/home/pixelation/docs/markdown_archive/.towncrier.template.md,1ecda4cea38054f243aaf1a1021a4d83f3d45399e6b69330c38cad1616230515
/data/data/com.termux/files/home/.cargo/registry/src/index.crates.io-1949cf8c6b5b557f/pyo3-0.25.1/Architecture.md,/data/data/com.termux/files/home/pixelation/docs/markdown_archive/Architecture.md,5f867dc70fd1ef1d0511e04ab7034d6ffe0036c90c04001a7012391e71f2354d
/data/data/com.termux/files/home/.cargo/registry/src/index.crates.io-1949cf8c6b5b557f/pyo3-0.25.1/CHANGELOG.md,/data/data/com.termux/files/home/pixelation/docs/markdown_archive/CHANGELOG_v188.md,1303ddae6d2762a1179792124fa546c069556f09d47a4f9f4f964ecb33601a22
/data/data/com.termux/files/home/.cargo/registry/src/index.crates.io-1949cf8c6b5b557f/pyo3-0.25.1/Code-of-Conduct.md,/data/data/com.termux/files/home/pixelation/docs/markdown_archive/Code-of-Conduct.md,92d4a344e60e7310c654de92a26d84c99dafbfd4fab149a85d4e22f38232bafb
/data/data/com.termux/files/home/.cargo/registry/src/index.crates.io-1949cf8c6b5b557f/pyo3-0.25.1/Contributing.md,/data/data/com.termux/files/home/pixelation/docs/markdown_archive/Contributing_v2.md,2e9ddfe17f8efa3c9c29ec31b4adf4eacecab0d5ee256bd5be3d316a8b4f1d49
/data/data/com.termux/files/home/.cargo/registry/src/index.crates.io-1949cf8c6b5b557f/pyo3-0.25.1/README.md,/data/data/com.termux/files/home/pixelation/docs/markdown_archive/README_v609.md,71262b300acb63d7fddc38d589a74eccede2c9ff8936a7d818730a6acc23b4f6
/data/data/com.termux/files/home/.cargo/registry/src/index.crates.io-1949cf8c6b5b557f/pyo3-0.25.1/Releasing.md,/data/data/com.termux/files/home/pixelation/docs/markdown_archive/Releasing_v2.md,2029b18c73fe56998e3ce692a7fa590c646be56adfce96cd794f490837be45f8
/data/data/com.termux/files/home/.cargo/registry/src/index.crates.io-1949cf8c6b5b557f/pyo3-0.25.1/guide/pyclass-parameters.md,/data/data/com.termux/files/home/pixelation/docs/markdown_archive/pyclass-parameters_v2.md,bc2f04f467dd8578a10769d00f9f7387b35b41dcaa9483ecf56f3820736363d7
/data/data/com.termux/files/home/.cargo/registry/src/index.crates.io-1949cf8c6b5b557f/pyo3-0.25.1/guide/src/SUMMARY.md,/data/data/com.termux/files/home/pixelation/docs/markdown_archive/SUMMARY_v3.md,d7396f255eeca5a9b0c58857cde7937469db59aec8ce0ce74c41a8485b2d2ad7
/data/data/com.termux/files/home/.cargo/registry/src/index.crates.io-1949cf8c6b5b557f/pyo3-0.25.1/guide/src/advanced.md,/data/data/com.termux/files/home/pixelation/docs/markdown_archive/advanced.md,df2f8bb4eec77b8950f3f1b9dd558807629c34f4a3c561a6d5c702073237bd72
/data/data/com.termux/files/home/.cargo/registry/src/index.crates.io-1949cf8c6b5b557f/pyo3-0.25.1/guide/src/async-await.md,/data/data/com.termux/files/home/pixelation/docs/markdown_archive/async-await_v3.md,7cb36971e0b53d9c312e349fa7b67c86c7043053a91d7a65e3dc7eb5cc64b1e5
/data/data/com.termux/files/home/.cargo/registry/src/index.crates.io-1949cf8c6b5b557f/pyo3-0.25.1/guide/src/building-and-distribution/multiple-python-versions.md,/data/data/com.termux/files/home/pixelation/docs/markdown_archive/multiple-python-versions.md,8083a24f35f73dee594774bc3c46b8423c3864e33868cb0a57643f63734d219a
/data/data/com.termux/files/home/.cargo/registry/src/index.crates.io-1949cf8c6b5b557f/pyo3-0.25.1/guide/src/building-and-distribution.md,/data/data/com.termux/files/home/pixelation/docs/markdown_archive/building-and-distribution_v2.md,6e09a6745091883b4e481ec1b9ec5a64f594373dcdfea2cd0f4763695236d6ad
/data/data/com.termux/files/home/.cargo/registry/src/index.crates.io-1949cf8c6b5b557f/pyo3-0.25.1/guide/src/changelog.md,/data/data/com.termux/files/home/pixelation/docs/markdown_archive/changelog_v2.md,439803753b2afb2157fbcb7384c4465684736c0a42d63ef8f4a5bd8356dbfa69
/data/data/com.termux/files/home/.cargo/registry/src/index.crates.io-1949cf8c6b5b557f/pyo3-0.25.1/guide/src/class/call.md,/data/data/com.termux/files/home/pixelation/docs/markdown_archive/call.md,6c8d305b299725e670d0d75cf94036d612bc97af00c3f0ff9698d29149a11150
/data/data/com.termux/files/home/.cargo/registry/src/index.crates.io-1949cf8c6b5b557f/pyo3-0.25.1/guide/src/class/numeric.md,/data/data/com.termux/files/home/pixelation/docs/markdown_archive/numeric_v2.md,cb230000f233a2cbe6271488c54ce2dc75258b0855dc3bf33a9c8a586219cd74
/data/data/com.termux/files/home/.cargo/registry/src/index.crates.io-1949cf8c6b5b557f/pyo3-0.25.1/guide/src/class/object.md,/data/data/com.termux/files/home/pixelation/docs/markdown_archive/object_v5.md,c4e13438175317c1cf234e6fa8839c141ecfbfe1e455d03cacd6d9a17efe901a
/data/data/com.termux/files/home/.cargo/registry/src/index.crates.io-1949cf8c6b5b557f/pyo3-0.25.1/guide/src/class/protocols.md,/data/data/com.termux/files/home/pixelation/docs/markdown_archive/protocols_v2.md,4e4281c82295c2e233ac62c69fd70cc7656e38b6e03f0819c36f71adffa8b7fd
/data/data/com.termux/files/home/.cargo/registry/src/index.crates.io-1949cf8c6b5b557f/pyo3-0.25.1/guide/src/class/thread-safety.md,/data/data/com.termux/files/home/pixelation/docs/markdown_archive/thread-safety_v2.md,c6b23cc588292aadab63191d73706ac98ee0efc2f9d98a202cf038e04548714e
/data/data/com.termux/files/home/.cargo/registry/src/index.crates.io-1949cf8c6b5b557f/pyo3-0.25.1/guide/src/class.md,/data/data/com.termux/files/home/pixelation/docs/markdown_archive/class_v6.md,cbc64007a59aa7af90380c54a430f4860c68d654fbe4934c76fbb302fe8be37b
/data/data/com.termux/files/home/.cargo/registry/src/index.crates.io-1949cf8c6b5b557f/pyo3-0.25.1/guide/src/contributing.md,/data/data/com.termux/files/home/pixelation/docs/markdown_archive/contributing_v2.md,655723bc7de5aa185b05be39400e87000595bcf268dd3066f7fc091be0a1aac0
/data/data/com.termux/files/home/.cargo/registry/src/index.crates.io-1949cf8c6b5b557f/pyo3-0.25.1/guide/src/conversions/tables.md,/data/data/com.termux/files/home/pixelation/docs/markdown_archive/tables_v2.md,d372ced66e66e13ec65755a553cb1f9ab7b7f18d35298d35675ead9eada4ef9a
/data/data/com.termux/files/home/.cargo/registry/src/index.crates.io-1949cf8c6b5b557f/pyo3-0.25.1/guide/src/conversions/traits.md,/data/data/com.termux/files/home/pixelation/docs/markdown_archive/traits_v7.md,a8317b1972ebf27357f2cd46bc5c6207a7d25bea207e6cc094e735bd46897bd7
/data/data/com.termux/files/home/.cargo/registry/src/index.crates.io-1949cf8c6b5b557f/pyo3-0.25.1/guide/src/conversions.md,/data/data/com.termux/files/home/pixelation/docs/markdown_archive/conversions_v2.md,8c27cff72407ec7c1c8303cdfa4d25d85524c2fece55a74f8ea41d8f0e1e0ad0
/data/data/com.termux/files/home/.cargo/registry/src/index.crates.io-1949cf8c6b5b557f/pyo3-0.25.1/guide/src/debugging.md,/data/data/com.termux/files/home/pixelation/docs/markdown_archive/debugging_v5.md,af734aed00b3919cc44dd4dee68660d966f67e479e8ca071d9f3b643f6df245c
/data/data/com.termux/files/home/.cargo/registry/src/index.crates.io-1949cf8c6b5b557f/pyo3-0.25.1/guide/src/ecosystem/async-await.md,/data/data/com.termux/files/home/pixelation/docs/markdown_archive/async-await_v4.md,f9c8399daada41f2dbbb164b9458d542b03571fdb517896a0a37c036ebbbd3ef
/data/data/com.termux/files/home/.cargo/registry/src/index.crates.io-1949cf8c6b5b557f/pyo3-0.25.1/guide/src/ecosystem/logging.md,/data/data/com.termux/files/home/pixelation/docs/markdown_archive/logging_v2.md,324fc73893d14a03ab44d7b993b5435d200704b1b34ad06c9949af941d24f120
/data/data/com.termux/files/home/.cargo/registry/src/index.crates.io-1949cf8c6b5b557f/pyo3-0.25.1/guide/src/ecosystem/tracing.md,/data/data/com.termux/files/home/pixelation/docs/markdown_archive/tracing.md,f232cbe8184af6563cc36d087d51f1ccb124a69bd663eea47c10e5e10e2adc57
/data/data/com.termux/files/home/.cargo/registry/src/index.crates.io-1949cf8c6b5b557f/pyo3-0.25.1/guide/src/ecosystem.md,/data/data/com.termux/files/home/pixelation/docs/markdown_archive/ecosystem.md,d2a663465d9842f91bee793899dd5dd51e5431b5ced03d8bbb205c0eeaf5cc1c
/data/data/com.termux/files/home/.cargo/registry/src/index.crates.io-1949cf8c6b5b557f/pyo3-0.25.1/guide/src/exception.md,/data/data/com.termux/files/home/pixelation/docs/markdown_archive/exception_v2.md,cfacb02d13e533f4032287457f32a81bb1555f44fecfa790404c8c98809b20df
/data/data/com.termux/files/home/.cargo/registry/src/index.crates.io-1949cf8c6b5b557f/pyo3-0.25.1/guide/src/faq.md,/data/data/com.termux/files/home/pixelation/docs/markdown_archive/faq_v2.md,f55d458a0534101dc17b7afe975741df12b863e753992425068ae8378b94c39a
/data/data/com.termux/files/home/.cargo/registry/src/index.crates.io-1949cf8c6b5b557f/pyo3-0.25.1/guide/src/features.md,/data/data/com.termux/files/home/pixelation/docs/markdown_archive/features_v6.md,5fb06a01f10653994af9af0901f26906fa373e28b8cc92424ab07b424e0cf3dc
/data/data/com.termux/files/home/.cargo/registry/src/index.crates.io-1949cf8c6b5b557f/pyo3-0.25.1/guide/src/free-threading.md,/data/data/com.termux/files/home/pixelation/docs/markdown_archive/free-threading_v6.md,fd1d6854bfc5e0298956b36d53710d2c47ebc65e90682d4adfce8969db9cf360
/data/data/com.termux/files/home/.cargo/registry/src/index.crates.io-1949cf8c6b5b557f/pyo3-0.25.1/guide/src/function/error-handling.md,/data/data/com.termux/files/home/pixelation/docs/markdown_archive/error-handling.md,af64df5020ea77f2bb5d1cff33ee88f9cebce651552a86af2c5a73e429265d8e
/data/data/com.termux/files/home/.cargo/registry/src/index.crates.io-1949cf8c6b5b557f/pyo3-0.25.1/guide/src/function/signature.md,/data/data/com.termux/files/home/pixelation/docs/markdown_archive/signature_v2.md,fdc61ad52e69c864b555c9a279781aff79e2611033ea32359736d1809e3ab789
/data/data/com.termux/files/home/.cargo/registry/src/index.crates.io-1949cf8c6b5b557f/pyo3-0.25.1/guide/src/function-calls.md,/data/data/com.termux/files/home/pixelation/docs/markdown_archive/function-calls.md,7a7f84b340f532210f5293656682a5c8087542e50774ab07e1096b2d350a4484
/data/data/com.termux/files/home/.cargo/registry/src/index.crates.io-1949cf8c6b5b557f/pyo3-0.25.1/guide/src/function.md,/data/data/com.termux/files/home/pixelation/docs/markdown_archive/function_v2.md,bb1e95028ee681c9c7a176927d33d343b28bbc59eed916b852bb27adf2b954f7
/data/data/com.termux/files/home/.cargo/registry/src/index.crates.io-1949cf8c6b5b557f/pyo3-0.25.1/guide/src/getting-started.md,/data/data/com.termux/files/home/pixelation/docs/markdown_archive/getting-started_v2.md,ab12840765ad7f11094842e4318ab5bdfcf006f6cd5460516d893fce6327c9ad
/data/data/com.termux/files/home/.cargo/registry/src/index.crates.io-1949cf8c6b5b557f/pyo3-0.25.1/guide/src/index.md,/data/data/com.termux/files/home/pixelation/docs/markdown_archive/index.md,5dc6feb93c4495c42bf6423eb46eebc73c9f22cb24fda206fb126d5411ff65a5
/data/data/com.termux/files/home/.cargo/registry/src/index.crates.io-1949cf8c6b5b557f/pyo3-0.25.1/guide/src/migration.md,/data/data/com.termux/files/home/pixelation/docs/markdown_archive/migration_v6.md,79470a988b33a11e7370f7621aaa17a57c2a292c0eeed4960624e0caa717f000
/data/data/com.termux/files/home/.cargo/registry/src/index.crates.io-1949cf8c6b5b557f/pyo3-0.25.1/guide/src/module.md,/data/data/com.termux/files/home/pixelation/docs/markdown_archive/module_v2.md,17eb7b54ac132214b8f882870c946ffc7ec6c8c76e426c85aba37496dd2dd092
/data/data/com.termux/files/home/.cargo/registry/src/index.crates.io-1949cf8c6b5b557f/pyo3-0.25.1/guide/src/parallelism.md,/data/data/com.termux/files/home/pixelation/docs/markdown_archive/parallelism.md,f0faa9e3b32461a3e6f094a5853017884b100596d2f34abd63f5235902138788
/data/data/com.termux/files/home/.cargo/registry/src/index.crates.io-1949cf8c6b5b557f/pyo3-0.25.1/guide/src/performance.md,/data/data/com.termux/files/home/pixelation/docs/markdown_archive/performance_v2.md,f543afadbe1c5cdf246c9744bc2b2ded51ac350bcfed3c2862bc6dba21897fab
/data/data/com.termux/files/home/.cargo/registry/src/index.crates.io-1949cf8c6b5b557f/pyo3-0.25.1/guide/src/python-from-rust/calling-existing-code.md,/data/data/com.termux/files/home/pixelation/docs/markdown_archive/calling-existing-code.md,0092df48629bb8e4d7bf8dbab725fe1070035f3ed4ac98a10bbd9aa13ba0c862
/data/data/com.termux/files/home/.cargo/registry/src/index.crates.io-1949cf8c6b5b557f/pyo3-0.25.1/guide/src/python-from-rust/function-calls.md,/data/data/com.termux/files/home/pixelation/docs/markdown_archive/function-calls_v3.md,f46ec066f7f771f88e3385b70e43952c3cd795525e9d8f1ce4d77fd934ecf79a
/data/data/com.termux/files/home/.cargo/registry/src/index.crates.io-1949cf8c6b5b557f/pyo3-0.25.1/guide/src/python-from-rust.md,/data/data/com.termux/files/home/pixelation/docs/markdown_archive/python-from-rust_v2.md,9019cec5daf4a53622205f624e3cac0313872fe56010a6311f721a4d44cd054e
/data/data/com.termux/files/home/.cargo/registry/src/index.crates.io-1949cf8c6b5b557f/pyo3-0.25.1/guide/src/python-typing-hints.md,/data/data/com.termux/files/home/pixelation/docs/markdown_archive/python-typing-hints_v2.md,b8aa79b68243cacebf8345c28f6fab65b5218d0185af2ca1f92ea7c07d2556f5
/data/data/com.termux/files/home/.cargo/registry/src/index.crates.io-1949cf8c6b5b557f/pyo3-0.25.1/guide/src/rust-from-python.md,/data/data/com.termux/files/home/pixelation/docs/markdown_archive/rust-from-python.md,7e1da8b958da7b428f76302cb91e159ec36973dc8368cf6033c3e3512a3e496a
/data/data/com.termux/files/home/.cargo/registry/src/index.crates.io-1949cf8c6b5b557f/pyo3-0.25.1/guide/src/trait-bounds.md,/data/data/com.termux/files/home/pixelation/docs/markdown_archive/trait-bounds_v2.md,ed260069787d2e5c57619d49c20fd07b180a44806cc216af054895bc21006b7f
/data/data/com.termux/files/home/.cargo/registry/src/index.crates.io-1949cf8c6b5b557f/pyo3-0.25.1/guide/src/types.md,/data/data/com.termux/files/home/pixelation/docs/markdown_archive/types.md,0e2a149fb238b55a9b27cfa791fb4144a4939fdb5b6dddaffa451657b8ce2cea
/data/data/com.termux/files/home/.cargo/registry/src/index.crates.io-1949cf8c6b5b557f/pyo3-0.25.1/pyo3-runtime/README.md,/data/data/com.termux/files/home/pixelation/docs/markdown_archive/README_v228.md,022371b6e623237264fb9654101bc33288f8842b5dfb9b4f5dca7215125268ba
/data/data/com.termux/files/home/.cargo/registry/src/index.crates.io-1949cf8c6b5b557f/dirs-6.0.0/README.md,/data/data/com.termux/files/home/pixelation/docs/markdown_archive/README_v610.md,57232cf930858929775d13ceb178a2a3443fb8e01b9cc9f3275225e012dd4fed
/data/data/com.termux/files/home/.cargo/registry/src/index.crates.io-1949cf8c6b5b557f/ctor-0.4.3/README.md,/data/data/com.termux/files/home/pixelation/docs/markdown_archive/README_v611.md,9c45f758beda7c188f5a73cc545165f7db02f190292d96c09f19d2e3a6cbb588
/data/data/com.termux/files/home/.cargo/registry/src/index.crates.io-1949cf8c6b5b557f/windows-targets-0.53.3/readme.md,/data/data/com.termux/files/home/pixelation/docs/markdown_archive/readme_v28.md,b3a0365bcf199a44db74a053ae4420c8bb16d57996972c13737168a876655c9b
/data/data/com.termux/files/home/.cargo/registry/src/index.crates.io-1949cf8c6b5b557f/dirs-sys-0.5.0/CONTRIBUTING.md,/data/data/com.termux/files/home/pixelation/docs/markdown_archive/CONTRIBUTING_v27.md,f2492580980fa01e2e13b404950b3d70346c774d8e88723cb49b0c9824c64805
/data/data/com.termux/files/home/.cargo/registry/src/index.crates.io-1949cf8c6b5b557f/dirs-sys-0.5.0/README.md,/data/data/com.termux/files/home/pixelation/docs/markdown_archive/README_v612.md,0b15d135ff8743513430d0861954a271c38c0ac3e3e025eb25b59cc7d0437278
/data/data/com.termux/files/home/.cargo/registry/src/index.crates.io-1949cf8c6b5b557f/whoami-1.6.1/README.md,/data/data/com.termux/files/home/pixelation/docs/markdown_archive/README_v147.md,4a7f0bc6de1e18eee9e3ba505ed46646cacbc609cb66883854194bf2aef47a19
/data/data/com.termux/files/home/.cargo/registry/src/index.crates.io-1949cf8c6b5b557f/bytemuck-1.23.2/README.md,/data/data/com.termux/files/home/pixelation/docs/markdown_archive/README_v154.md,23799f000c1e48b9a09179cee8a9f0a63f456893d959d3ebae3b34c8133beb8e
/data/data/com.termux/files/home/.cargo/registry/src/index.crates.io-1949cf8c6b5b557f/bytemuck-1.23.2/changelog.md,/data/data/com.termux/files/home/pixelation/docs/markdown_archive/changelog_v3.md,85d7dddd8b659b8fddd57a24d941f683c647ad26280fce56970d3aadca4b22f9
/data/data/com.termux/files/home/.cargo/registry/src/index.crates.io-1949cf8c6b5b557f/redox_users-0.5.2/README.md,/data/data/com.termux/files/home/pixelation/docs/markdown_archive/README_v470.md,9c3a6fd2a798bd1e105c5ee72f7b475471e3a9abec89b5be2b5263d654085d22
/data/data/com.termux/files/home/.cargo/registry/src/index.crates.io-1949cf8c6b5b557f/redox_syscall-0.5.17/README.md,/data/data/com.termux/files/home/pixelation/docs/markdown_archive/README_v166.md,9161f18ba7f69b4ca51e844aee8ffb8237513a468c5c3b1f3a5f989044f895ac
/data/data/com.termux/files/home/.cargo/registry/src/index.crates.io-1949cf8c6b5b557f/bitflags-2.9.2/CHANGELOG.md,/data/data/com.termux/files/home/pixelation/docs/markdown_archive/CHANGELOG_v189.md,88aefbd7a6bfdba054be791c72c703916c6b6d354856a644cfbd32207573b9f6
/data/data/com.termux/files/home/.cargo/registry/src/index.crates.io-1949cf8c6b5b557f/bitflags-2.9.2/CODE_OF_CONDUCT.md,/data/data/com.termux/files/home/pixelation/docs/markdown_archive/CODE_OF_CONDUCT_v2.md,42634d0f6d922f49857175af991802822f7f920487aefa2ee250a50d12251a66
/data/data/com.termux/files/home/.cargo/registry/src/index.crates.io-1949cf8c6b5b557f/bitflags-2.9.2/CONTRIBUTING.md,/data/data/com.termux/files/home/pixelation/docs/markdown_archive/CONTRIBUTING_v5.md,6c9f96eacb20af877ae2d16f024904f3038b93448a8488e9dbcac0df7f6439a5
/data/data/com.termux/files/home/.cargo/registry/src/index.crates.io-1949cf8c6b5b557f/bitflags-2.9.2/README.md,/data/data/com.termux/files/home/pixelation/docs/markdown_archive/README_v613.md,c8cfee711870b4ad9d71ee459f6b4b60b28765319aa4e59ce89ce74a3eb28289
/data/data/com.termux/files/home/.cargo/registry/src/index.crates.io-1949cf8c6b5b557f/bitflags-2.9.2/SECURITY.md,/data/data/com.termux/files/home/pixelation/docs/markdown_archive/SECURITY_v2.md,68704c8128fa2e776ed7cbda741fbf61ad52f998a96350ee7ee4dbf64c6573bc
/data/data/com.termux/files/home/.cargo/registry/src/index.crates.io-1949cf8c6b5b557f/bitflags-2.9.2/spec.md,/data/data/com.termux/files/home/pixelation/docs/markdown_archive/spec_v2.md,f0657642c7cf470e6d6e55362aaab224b3df0f22cb7796b109bb41687acea8b1
/data/data/com.termux/files/home/.cargo/registry/src/index.crates.io-1949cf8c6b5b557f/cc-1.2.33/CHANGELOG.md,/data/data/com.termux/files/home/pixelation/docs/markdown_archive/CHANGELOG_v190.md,64dcfa92eab118bf4e56fe9970dbf77ac1490426426a05c3276ee3d0ace77f39
/data/data/com.termux/files/home/.cargo/registry/src/index.crates.io-1949cf8c6b5b557f/cc-1.2.33/README.md,/data/data/com.termux/files/home/pixelation/docs/markdown_archive/README_v235.md,f1ddbede208a5b78333a25dac0a7598e678e9b601a7d99a791069bddaf180dfe
/data/data/com.termux/files/home/.cargo/registry/src/index.crates.io-1949cf8c6b5b557f/ntapi-0.4.1/README.md,/data/data/com.termux/files/home/pixelation/docs/markdown_archive/README_v614.md,748712a61ff52ec28ed1695b01975a379125f9c3e8a4ad5b2e9b64096c2a3df1
/data/data/com.termux/files/home/.cargo/registry/src/index.crates.io-1949cf8c6b5b557f/serde_json-1.0.142/CONTRIBUTING.md,/data/data/com.termux/files/home/pixelation/docs/markdown_archive/CONTRIBUTING_v18.md,f5270cafba66223a7b51ffc0d286075a17bb7cd88762fc80d333d3102629f4d8
/data/data/com.termux/files/home/.cargo/registry/src/index.crates.io-1949cf8c6b5b557f/serde_json-1.0.142/README.md,/data/data/com.termux/files/home/pixelation/docs/markdown_archive/README_v367.md,f223b99630bae262eb2b88bb95d0f496db8f1ff4e94e43dbfc8d95d3a6c98d8f
/data/data/com.termux/files/home/.cargo/registry/src/index.crates.io-1949cf8c6b5b557f/reqwest-0.12.23/README.md,/data/data/com.termux/files/home/pixelation/docs/markdown_archive/README_v366.md,5955117fef98cf4a562f36e33eed10dcf5f4c437a383915a056c00d988428e55
/data/data/com.termux/files/home/.cargo/registry/src/index.crates.io-1949cf8c6b5b557f/objc2-core-foundation-0.3.1/README.md,/data/data/com.termux/files/home/pixelation/docs/markdown_archive/README_v615.md,c02a9b113d8855df956d9d854321c5bfef3c2921131070dc0c64870053b42459
/data/data/com.termux/files/home/.cargo/registry/src/index.crates.io-1949cf8c6b5b557f/jiter-0.11.1/README.md,/data/data/com.termux/files/home/pixelation/docs/markdown_archive/README_v605.md,4ad7d2f2ac092d0611ecd9cc236320ab56e37836140b2878daae1b41699e94f8
/data/data/com.termux/files/home/.cargo/registry/src/index.crates.io-1949cf8c6b5b557f/jiter-0.11.1/benches/README.md,/data/data/com.termux/files/home/pixelation/docs/markdown_archive/README_v616.md,313a5e40d68f846f257e68b3549338af0b37193ee9d72d2b07ca16233ca0ec62
/data/data/com.termux/files/home/.cargo/registry/src/index.crates.io-1949cf8c6b5b557f/serde-value-0.7.0/README.md,/data/data/com.termux/files/home/pixelation/docs/markdown_archive/README_v617.md,92647827760e05ee610fbc4dc1634948d7294b0294dd8728544f3d7b3543b53a
/data/data/com.termux/files/home/.cargo/registry/src/index.crates.io-1949cf8c6b5b557f/snapbox-macros-0.4.0/README.md,/data/data/com.termux/files/home/pixelation/docs/markdown_archive/README_v618.md,c6250eaf2ef0634e880b7fc9d6d24d3d584e11e00e15f49f7fb5f9733b640e64
/data/data/com.termux/files/home/.cargo/registry/src/index.crates.io-1949cf8c6b5b557f/wasm-bindgen-macro-0.2.105/README.md,/data/data/com.termux/files/home/pixelation/docs/markdown_archive/README_v100.md,5e8d81c7bfeb6d08e0781bf572b652f064af0bf82eb030ece7af3140b135b0ef
/data/data/com.termux/files/home/.cargo/registry/src/index.crates.io-1949cf8c6b5b557f/tinystr-0.8.2/README.md,/data/data/com.termux/files/home/pixelation/docs/markdown_archive/README_v257.md,b7b7a33a29865bc653a6696b079c1527ba61cd58a815fc792ed6fa5bfc680ad5
/data/data/com.termux/files/home/.cargo/registry/src/index.crates.io-1949cf8c6b5b557f/zerovec-derive-0.11.2/README.md,/data/data/com.termux/files/home/pixelation/docs/markdown_archive/README_v445.md,bacbc17b2cb457c169257f5e22c78a45d1c4a399eadae383f7732af909616ebc
/data/data/com.termux/files/home/.cargo/registry/src/index.crates.io-1949cf8c6b5b557f/fs-err-3.2.0/CHANGELOG.md,/data/data/com.termux/files/home/pixelation/docs/markdown_archive/CHANGELOG_v191.md,d667ad956a566ee4f84365f05985fdf698044bc3a34c4c1f10b890f95b9d8506
/data/data/com.termux/files/home/.cargo/registry/src/index.crates.io-1949cf8c6b5b557f/fs-err-3.2.0/README.md,/data/data/com.termux/files/home/pixelation/docs/markdown_archive/README_v619.md,443c6cdea1d76dc31a3e09e12dbd8d7d24a61f9f3f57557f07a269eb99d6ef60
/data/data/com.termux/files/home/.cargo/registry/src/index.crates.io-1949cf8c6b5b557f/erased-serde-0.4.9/README.md,/data/data/com.termux/files/home/pixelation/docs/markdown_archive/README_v620.md,a1cb529cbebaea0cfd4258796e7723e00eb8c6f3f8d5b2c47a49dc4febde7f36
/data/data/com.termux/files/home/.cargo/registry/src/index.crates.io-1949cf8c6b5b557f/memmap2-0.9.9/CHANGELOG.md,/data/data/com.termux/files/home/pixelation/docs/markdown_archive/CHANGELOG_v192.md,63d0899dd592ddfedaf38832478ff0342726ab951021fb9b7bc237ce7be4066a
/data/data/com.termux/files/home/.cargo/registry/src/index.crates.io-1949cf8c6b5b557f/memmap2-0.9.9/README.md,/data/data/com.termux/files/home/pixelation/docs/markdown_archive/README_v621.md,e3388f55065d69e076d90871c0a91dc97420bd0d07b4f154b08e40ac47b115eb
/data/data/com.termux/files/home/.cargo/registry/src/index.crates.io-1949cf8c6b5b557f/rstest-0.26.1/README.md,/data/data/com.termux/files/home/pixelation/docs/markdown_archive/README_v622.md,6c751431baf4b30e19b9353b0f7b55b76c43883fb679487d699b4bc7495ee2bb
/data/data/com.termux/files/home/.cargo/registry/src/index.crates.io-1949cf8c6b5b557f/icu_normalizer-2.1.1/README.md,/data/data/com.termux/files/home/pixelation/docs/markdown_archive/README_v475.md,aec56e279d7e40a901b47a2eccb52197fde6c9499011b349c5ef509363bee6a9
/data/data/com.termux/files/home/.cargo/registry/src/index.crates.io-1949cf8c6b5b557f/icu_normalizer-2.1.1/benches/data/README.md,/data/data/com.termux/files/home/pixelation/docs/markdown_archive/README_v447.md,fa79b84815a228c3fbfa5d4c6d12885036994ca8ad61e683b2113cf2b428bb85
/data/data/com.termux/files/home/.cargo/registry/src/index.crates.io-1949cf8c6b5b557f/icu_normalizer-2.1.1/tests/data/README.md,/data/data/com.termux/files/home/pixelation/docs/markdown_archive/README_v448.md,521fcd44a1f10f21629df88113fa29ca9f4e1dfbeea79fda19a7dc8ba435e24b
/data/data/com.termux/files/home/.cargo/registry/src/index.crates.io-1949cf8c6b5b557f/clap-4.5.52/README.md,/data/data/com.termux/files/home/pixelation/docs/markdown_archive/README_v402.md,a0a53e3248c80a4b46f7fa12ec147ab2b7cdbb7de9a3828cf2a3f20aaa5f1cf2
/data/data/com.termux/files/home/.cargo/registry/src/index.crates.io-1949cf8c6b5b557f/clap-4.5.52/examples/README.md,/data/data/com.termux/files/home/pixelation/docs/markdown_archive/README_v305.md,c5f45032ee7acda0c5f98db456cbf4f9b0362d62dc81218fcf03bcdfbd19af05
/data/data/com.termux/files/home/.cargo/registry/src/index.crates.io-1949cf8c6b5b557f/clap-4.5.52/examples/cargo-example-derive.md,/data/data/com.termux/files/home/pixelation/docs/markdown_archive/cargo-example-derive.md,66d7455f08a038872f42d9d45f9b47ebbdbf9366fafa16b749ece8ba5bdcfcce
/data/data/com.termux/files/home/.cargo/registry/src/index.crates.io-1949cf8c6b5b557f/clap-4.5.52/examples/cargo-example.md,/data/data/com.termux/files/home/pixelation/docs/markdown_archive/cargo-example.md,60a1d0f253142de5003a9474b28a5a8324a9860fc646af6309d84594d97356bd
/data/data/com.termux/files/home/.cargo/registry/src/index.crates.io-1949cf8c6b5b557f/clap-4.5.52/examples/demo.md,/data/data/com.termux/files/home/pixelation/docs/markdown_archive/demo.md,6c00568794ff99007ab0f08bf7e06fe521cb1f2f0fab30c219f16c6f54bf638d
/data/data/com.termux/files/home/.cargo/registry/src/index.crates.io-1949cf8c6b5b557f/clap-4.5.52/examples/derive_ref/interop_tests.md,/data/data/com.termux/files/home/pixelation/docs/markdown_archive/interop_tests_v2.md,2c86b86447b1a4480ca30a7e7f31c418535302ec7c44da6afef24639f2555d61
/data/data/com.termux/files/home/.cargo/registry/src/index.crates.io-1949cf8c6b5b557f/clap-4.5.52/examples/escaped-positional-derive.md,/data/data/com.termux/files/home/pixelation/docs/markdown_archive/escaped-positional-derive.md,fb4b4351ceb43ef0c25048e8603dab6fdf4391b84e9b3ad9593602fa89abc572
/data/data/com.termux/files/home/.cargo/registry/src/index.crates.io-1949cf8c6b5b557f/clap-4.5.52/examples/escaped-positional.md,/data/data/com.termux/files/home/pixelation/docs/markdown_archive/escaped-positional.md,b44e23e5706eb815e7875825be815a370f2ba38e41d7998ea762d0ef1fb2ba56
/data/data/com.termux/files/home/.cargo/registry/src/index.crates.io-1949cf8c6b5b557f/clap-4.5.52/examples/find.md,/data/data/com.termux/files/home/pixelation/docs/markdown_archive/find.md,441ad59186eca36324d982c1b2ba458354568007cb34fc560516dc68a40ad5fd
/data/data/com.termux/files/home/.cargo/registry/src/index.crates.io-1949cf8c6b5b557f/clap-4.5.52/examples/git-derive.md,/data/data/com.termux/files/home/pixelation/docs/markdown_archive/git-derive.md,e4050c86f2789c900f9c67ccbcfe478c982588eb663b3719f378275f0c13e479
/data/data/com.termux/files/home/.cargo/registry/src/index.crates.io-1949cf8c6b5b557f/clap-4.5.52/examples/git.md,/data/data/com.termux/files/home/pixelation/docs/markdown_archive/git.md,58f861391d4af32794008ce29d1034827e4217d2281ad89e209fd01b7825b338
/data/data/com.termux/files/home/.cargo/registry/src/index.crates.io-1949cf8c6b5b557f/clap-4.5.52/examples/multicall-busybox.md,/data/data/com.termux/files/home/pixelation/docs/markdown_archive/multicall-busybox.md,b8e8a89312e2088b6dd1fac5b5b92266fda9b82c40a650dae2d41b5fcc253594
/data/data/com.termux/files/home/.cargo/registry/src/index.crates.io-1949cf8c6b5b557f/clap-4.5.52/examples/multicall-hostname.md,/data/data/com.termux/files/home/pixelation/docs/markdown_archive/multicall-hostname.md,1dedcdcc9927c08cebee11fa01fda7a730f5ddf5227c4902e1eb5ff847a80346
/data/data/com.termux/files/home/.cargo/registry/src/index.crates.io-1949cf8c6b5b557f/clap-4.5.52/examples/pacman.md,/data/data/com.termux/files/home/pixelation/docs/markdown_archive/pacman.md,8c8cf0dfc9765176a0f50aff99bbe7b2b8d8f57564957401b9f410e7e1e9a80d
/data/data/com.termux/files/home/.cargo/registry/src/index.crates.io-1949cf8c6b5b557f/clap-4.5.52/examples/tutorial_builder/01_quick.md,/data/data/com.termux/files/home/pixelation/docs/markdown_archive/01_quick.md,d2a242a6ba832cdb0a2b6f55d428d62e7048f6b7d8d8f4a75f7923da85628ca8
/data/data/com.termux/files/home/.cargo/registry/src/index.crates.io-1949cf8c6b5b557f/clap-4.5.52/examples/tutorial_builder/02_app_settings.md,/data/data/com.termux/files/home/pixelation/docs/markdown_archive/02_app_settings.md,4e7097deb0eb8e926978ef383b0da4bda33966d4e760ac0d258cd4127a054fba
/data/data/com.termux/files/home/.cargo/registry/src/index.crates.io-1949cf8c6b5b557f/clap-4.5.52/examples/tutorial_builder/02_apps.md,/data/data/com.termux/files/home/pixelation/docs/markdown_archive/02_apps.md,3cbc7010e0214d047d98104dadb76ee02ec3c5bba868758e35aebb2fdfd0fa22
/data/data/com.termux/files/home/.cargo/registry/src/index.crates.io-1949cf8c6b5b557f/clap-4.5.52/examples/tutorial_builder/02_crate.md,/data/data/com.termux/files/home/pixelation/docs/markdown_archive/02_crate.md,995dc62680b9d7c1983c673bf5775c07ae96175db186b5313c0d614308569ec0
/data/data/com.termux/files/home/.cargo/registry/src/index.crates.io-1949cf8c6b5b557f/clap-4.5.52/examples/tutorial_builder/03_01_flag_bool.md,/data/data/com.termux/files/home/pixelation/docs/markdown_archive/03_01_flag_bool.md,326d8267ce6fcc62e95fdb19f77bdc959067e41af48c7d6e465c0eafe2db741c
/data/data/com.termux/files/home/.cargo/registry/src/index.crates.io-1949cf8c6b5b557f/clap-4.5.52/examples/tutorial_builder/03_01_flag_count.md,/data/data/com.termux/files/home/pixelation/docs/markdown_archive/03_01_flag_count.md,c34ff091d239f5861a868bda051322774340be9a63dea32cbfabe8c0cc4dfd94
/data/data/com.termux/files/home/.cargo/registry/src/index.crates.io-1949cf8c6b5b557f/clap-4.5.52/examples/tutorial_builder/03_02_option.md,/data/data/com.termux/files/home/pixelation/docs/markdown_archive/03_02_option.md,f436d35a7f2aece1a30f0258f44ae09166fb4faae3b6623beb6a824d2ed234fd
/data/data/com.termux/files/home/.cargo/registry/src/index.crates.io-1949cf8c6b5b557f/clap-4.5.52/examples/tutorial_builder/03_02_option_mult.md,/data/data/com.termux/files/home/pixelation/docs/markdown_archive/03_02_option_mult.md,31930e9dbc407f5cfbb24707388d3abb17e1cd6ea4d8e9f55c15bac8d5d3168c
/data/data/com.termux/files/home/.cargo/registry/src/index.crates.io-1949cf8c6b5b557f/clap-4.5.52/examples/tutorial_builder/03_03_positional.md,/data/data/com.termux/files/home/pixelation/docs/markdown_archive/03_03_positional.md,dc2e13cf897e2e2d2b397a1ab739bfd290ec04f437128030eb7f6f609b910be7
/data/data/com.termux/files/home/.cargo/registry/src/index.crates.io-1949cf8c6b5b557f/clap-4.5.52/examples/tutorial_builder/03_03_positional_mult.md,/data/data/com.termux/files/home/pixelation/docs/markdown_archive/03_03_positional_mult.md,f1d03ca58d9ee75ec9a4cc980006a666e2c529ab6f7deaf6bd88b3fbaf09fc07
/data/data/com.termux/files/home/.cargo/registry/src/index.crates.io-1949cf8c6b5b557f/clap-4.5.52/examples/tutorial_builder/03_04_subcommands.md,/data/data/com.termux/files/home/pixelation/docs/markdown_archive/03_04_subcommands.md,aef99bdab98e23b6d12db43286a8f5ee56656e5024ffa6113dde48a15681820c
/data/data/com.termux/files/home/.cargo/registry/src/index.crates.io-1949cf8c6b5b557f/clap-4.5.52/examples/tutorial_builder/03_05_default_values.md,/data/data/com.termux/files/home/pixelation/docs/markdown_archive/03_05_default_values.md,c30c72c85190aaddc06a7c0ed1cf87356eb81f03284b0e9c5f47d4f233d06a00
/data/data/com.termux/files/home/.cargo/registry/src/index.crates.io-1949cf8c6b5b557f/clap-4.5.52/examples/tutorial_builder/03_06_required.md,/data/data/com.termux/files/home/pixelation/docs/markdown_archive/03_06_required.md,7ef4ed0da3d48a49ee2d5e7ded0deb1a810d7a51865027df50b204394be40266
/data/data/com.termux/files/home/.cargo/registry/src/index.crates.io-1949cf8c6b5b557f/clap-4.5.52/examples/tutorial_builder/04_01_enum.md,/data/data/com.termux/files/home/pixelation/docs/markdown_archive/04_01_enum.md,c89cef996c17aa909031233b283349b23427c065b634d43ee82b974f4f28d1c6
/data/data/com.termux/files/home/.cargo/registry/src/index.crates.io-1949cf8c6b5b557f/clap-4.5.52/examples/tutorial_builder/04_01_possible.md,/data/data/com.termux/files/home/pixelation/docs/markdown_archive/04_01_possible.md,e16ec1ee5e7a67ab040afd4c87c3ebf84e5ab229491b73f3da337160a0dd14bb
/data/data/com.termux/files/home/.cargo/registry/src/index.crates.io-1949cf8c6b5b557f/clap-4.5.52/examples/tutorial_builder/04_02_parse.md,/data/data/com.termux/files/home/pixelation/docs/markdown_archive/04_02_parse.md,d02e8e79e96c2def7a2576a5acc06ba539061a221960ce89eeca1a51e52ef317
/data/data/com.termux/files/home/.cargo/registry/src/index.crates.io-1949cf8c6b5b557f/clap-4.5.52/examples/tutorial_builder/04_02_validate.md,/data/data/com.termux/files/home/pixelation/docs/markdown_archive/04_02_validate.md,3f9f29b3629f0d20d8ff149ec721ee67a4baad39c12e2e379d472865c6cf682f
/data/data/com.termux/files/home/.cargo/registry/src/index.crates.io-1949cf8c6b5b557f/clap-4.5.52/examples/tutorial_builder/04_03_relations.md,/data/data/com.termux/files/home/pixelation/docs/markdown_archive/04_03_relations.md,cfc6a4ee6d6912566773c9c86b92466725e8eb90c5c765d7cb603f2ffd0d911a
/data/data/com.termux/files/home/.cargo/registry/src/index.crates.io-1949cf8c6b5b557f/clap-4.5.52/examples/tutorial_builder/04_04_custom.md,/data/data/com.termux/files/home/pixelation/docs/markdown_archive/04_04_custom.md,11581660afa0679cda9355965cf55e0a282da9184f8d2eec97a415f48878002e
/data/data/com.termux/files/home/.cargo/registry/src/index.crates.io-1949cf8c6b5b557f/clap-4.5.52/examples/tutorial_derive/01_quick.md,/data/data/com.termux/files/home/pixelation/docs/markdown_archive/01_quick_v2.md,345bbe0689766fd83929826bffc32c9067c8e97c42fb7390db2620931bd27834
/data/data/com.termux/files/home/.cargo/registry/src/index.crates.io-1949cf8c6b5b557f/clap-4.5.52/examples/tutorial_derive/02_app_settings.md,/data/data/com.termux/files/home/pixelation/docs/markdown_archive/02_app_settings_v2.md,7b3ef753653be837d6c7d92c805a8238dd61fce2fc46d58b860c3771dbfec113
/data/data/com.termux/files/home/.cargo/registry/src/index.crates.io-1949cf8c6b5b557f/clap-4.5.52/examples/tutorial_derive/02_apps.md,/data/data/com.termux/files/home/pixelation/docs/markdown_archive/02_apps_v2.md,166b48034c788304ce9d3f48f91dd7b1b7e18a6d66f689114ba618d79b60cc24
/data/data/com.termux/files/home/.cargo/registry/src/index.crates.io-1949cf8c6b5b557f/clap-4.5.52/examples/tutorial_derive/02_crate.md,/data/data/com.termux/files/home/pixelation/docs/markdown_archive/02_crate_v2.md,c15606793151791bddf5763f660a913f799303e8de4c1d28334449d0d184681d
/data/data/com.termux/files/home/.cargo/registry/src/index.crates.io-1949cf8c6b5b557f/clap-4.5.52/examples/tutorial_derive/03_01_flag_bool.md,/data/data/com.termux/files/home/pixelation/docs/markdown_archive/03_01_flag_bool_v2.md,7ffa235eb4bc61aaa15d63d4301250e2a6635520c02a55aa6294afe6798f39a0
/data/data/com.termux/files/home/.cargo/registry/src/index.crates.io-1949cf8c6b5b557f/clap-4.5.52/examples/tutorial_derive/03_01_flag_count.md,/data/data/com.termux/files/home/pixelation/docs/markdown_archive/03_01_flag_count_v2.md,02e6dc26d00cc82109350ca7910e4962007b91fe82fde1c8b86ae49dc4428a76
/data/data/com.termux/files/home/.cargo/registry/src/index.crates.io-1949cf8c6b5b557f/clap-4.5.52/examples/tutorial_derive/03_02_option.md,/data/data/com.termux/files/home/pixelation/docs/markdown_archive/03_02_option_v2.md,aa79bb542ebc969828c93dd8fd3b4a1295b323a388ca6b7229ccd1c5193c00c8
/data/data/com.termux/files/home/.cargo/registry/src/index.crates.io-1949cf8c6b5b557f/clap-4.5.52/examples/tutorial_derive/03_02_option_mult.md,/data/data/com.termux/files/home/pixelation/docs/markdown_archive/03_02_option_mult_v2.md,4241088813da3acd0079dfbcb3dea896388642d7fc0c976a143824da031d17d9
/data/data/com.termux/files/home/.cargo/registry/src/index.crates.io-1949cf8c6b5b557f/clap-4.5.52/examples/tutorial_derive/03_03_positional.md,/data/data/com.termux/files/home/pixelation/docs/markdown_archive/03_03_positional_v2.md,5cc63d71c48ea4680487e481be8f2443da5c802f9800a2d83d245ce93ae4ae0f
/data/data/com.termux/files/home/.cargo/registry/src/index.crates.io-1949cf8c6b5b557f/clap-4.5.52/examples/tutorial_derive/03_03_positional_mult.md,/data/data/com.termux/files/home/pixelation/docs/markdown_archive/03_03_positional_mult_v2.md,00e3fc665835a4df1190a5ecb7c854b1259ab2324966d69ac40770cde8e2dd21
/data/data/com.termux/files/home/.cargo/registry/src/index.crates.io-1949cf8c6b5b557f/clap-4.5.52/examples/tutorial_derive/03_04_subcommands.md,/data/data/com.termux/files/home/pixelation/docs/markdown_archive/03_04_subcommands_v2.md,8f249681987f45ea41242b643d5e5aa9b70cda8d3c562d46508523734be56948
/data/data/com.termux/files/home/.cargo/registry/src/index.crates.io-1949cf8c6b5b557f/clap-4.5.52/examples/tutorial_derive/03_05_default_values.md,/data/data/com.termux/files/home/pixelation/docs/markdown_archive/03_05_default_values_v2.md,b09e17bf0322311801881f53d9b86e5179163d4b05263988a79fd7d2b5c1eb79
/data/data/com.termux/files/home/.cargo/registry/src/index.crates.io-1949cf8c6b5b557f/clap-4.5.52/examples/tutorial_derive/03_06_optional.md,/data/data/com.termux/files/home/pixelation/docs/markdown_archive/03_06_optional.md,4c1c3d13131e4de68df58efeeecb2f5e5424377756f7e5c335c143d326427642
/data/data/com.termux/files/home/.cargo/registry/src/index.crates.io-1949cf8c6b5b557f/clap-4.5.52/examples/tutorial_derive/04_01_enum.md,/data/data/com.termux/files/home/pixelation/docs/markdown_archive/04_01_enum_v2.md,fa1deb854c06f6ca921b53e9fd98eaf8ff0a641095a592552537ed74197ef801
/data/data/com.termux/files/home/.cargo/registry/src/index.crates.io-1949cf8c6b5b557f/clap-4.5.52/examples/tutorial_derive/04_02_parse.md,/data/data/com.termux/files/home/pixelation/docs/markdown_archive/04_02_parse_v2.md,a87492c5d6fb9817345f67389142282394c525fbeade3a2750b84d949cba1c7e
/data/data/com.termux/files/home/.cargo/registry/src/index.crates.io-1949cf8c6b5b557f/clap-4.5.52/examples/tutorial_derive/04_02_validate.md,/data/data/com.termux/files/home/pixelation/docs/markdown_archive/04_02_validate_v2.md,8f83fdf4ccb89550c0df20eef49358cb222ca1a7404c18e3eafed6413c0e1313
/data/data/com.termux/files/home/.cargo/registry/src/index.crates.io-1949cf8c6b5b557f/clap-4.5.52/examples/tutorial_derive/04_03_relations.md,/data/data/com.termux/files/home/pixelation/docs/markdown_archive/04_03_relations_v2.md,15172a1e5b056ee30b6ab1fbe848c71d8499b06aa74ce30219275989034c76ac
/data/data/com.termux/files/home/.cargo/registry/src/index.crates.io-1949cf8c6b5b557f/clap-4.5.52/examples/tutorial_derive/04_04_custom.md,/data/data/com.termux/files/home/pixelation/docs/markdown_archive/04_04_custom_v2.md,f96f4ced9cce7e04e5150c2906cac315bce04a5319cab080917dd976cb815bdc
/data/data/com.termux/files/home/.cargo/registry/src/index.crates.io-1949cf8c6b5b557f/clap-4.5.52/examples/typed-derive/builtin.md,/data/data/com.termux/files/home/pixelation/docs/markdown_archive/builtin.md,72ce3913fa88fcc23012389e49ce6097a6016fcf6d99f988b8e8e48e802713ad
/data/data/com.termux/files/home/.cargo/registry/src/index.crates.io-1949cf8c6b5b557f/clap-4.5.52/examples/typed-derive/custom.md,/data/data/com.termux/files/home/pixelation/docs/markdown_archive/custom.md,3af3091b8716fc058952c19af5d31181b14d45aa6200ed0a712cf9592a49273c
/data/data/com.termux/files/home/.cargo/registry/src/index.crates.io-1949cf8c6b5b557f/clap-4.5.52/examples/typed-derive/fn_parser.md,/data/data/com.termux/files/home/pixelation/docs/markdown_archive/fn_parser_v2.md,c1f456c157d7ebf686cec9723a2ca4164aa25c5d6120915f83b86597145941cc
/data/data/com.termux/files/home/.cargo/registry/src/index.crates.io-1949cf8c6b5b557f/clap-4.5.52/examples/typed-derive/implicit.md,/data/data/com.termux/files/home/pixelation/docs/markdown_archive/implicit.md,6b4d378053828dc25ec23de94b39d17843a1108d35b65e248517f14add4ef966
/data/data/com.termux/files/home/.cargo/registry/src/index.crates.io-1949cf8c6b5b557f/icu_collections-2.1.1/README.md,/data/data/com.termux/files/home/pixelation/docs/markdown_archive/README_v414.md,b1a0b37b61d42026996dda3b7d524d42888181f3e7eaf940c9b2e5f561c449e3
/data/data/com.termux/files/home/.cargo/registry/src/index.crates.io-1949cf8c6b5b557f/rustls-webpki-0.103.8/README.md,/data/data/com.termux/files/home/pixelation/docs/markdown_archive/README_v359.md,084c37ee4b35887c813373cb98f3712e20d42e238cd16b59bd90dd8ae870dbf2
/data/data/com.termux/files/home/.cargo/registry/src/index.crates.io-1949cf8c6b5b557f/clap_builder-4.5.52/README.md,/data/data/com.termux/files/home/pixelation/docs/markdown_archive/README_v418.md,f42fbb1b8c923e94e17446f00e820da68ff3932d008610298e91ab68558326e7
/data/data/com.termux/files/home/.cargo/registry/src/index.crates.io-1949cf8c6b5b557f/icu_properties_data-2.1.1/README.md,/data/data/com.termux/files/home/pixelation/docs/markdown_archive/README_v623.md,ed00f9dfefadab7018798cfd9498cd5e47a4a0e92eb941f7cbd8e42333650346
/data/data/com.termux/files/home/.cargo/registry/src/index.crates.io-1949cf8c6b5b557f/goblin-0.10.3/CHANGELOG.md,/data/data/com.termux/files/home/pixelation/docs/markdown_archive/CHANGELOG_v193.md,b9b100ec0fd0ef3eb18eb9476ac60dfdc1cd5c864a6ede521a8a197168dd6bf7
/data/data/com.termux/files/home/.cargo/registry/src/index.crates.io-1949cf8c6b5b557f/goblin-0.10.3/README.md,/data/data/com.termux/files/home/pixelation/docs/markdown_archive/README_v624.md,6efb0ef08bc270e46b4d2232f4ac40f9bd2b9a96a5d3f3a650559666edf7a77f
/data/data/com.termux/files/home/.cargo/registry/src/index.crates.io-1949cf8c6b5b557f/goblin-0.10.3/etc/projects/bingen/README.md,/data/data/com.termux/files/home/pixelation/docs/markdown_archive/README_v591.md,a1db448596c0b2b6ee7b728b6a55ab6c03bebec39f87fe632d4cf16ae3e19e2d
/data/data/com.termux/files/home/.cargo/registry/src/index.crates.io-1949cf8c6b5b557f/goblin-0.10.3/tests/bins/elf/gnu_hash/README.md,/data/data/com.termux/files/home/pixelation/docs/markdown_archive/README_v592.md,52581e2ea7067a55bd8aedf4079200fb76448573ae9ffef7d886b9556e980db9
/data/data/com.termux/files/home/.cargo/registry/src/index.crates.io-1949cf8c6b5b557f/goblin-0.10.3/tests/bins/te/README.md,/data/data/com.termux/files/home/pixelation/docs/markdown_archive/README_v593.md,a0daf347449bcf82c38d981b2a700d9fd4657c3a7e7dbfa22f90e74750c6bc0d
/data/data/com.termux/files/home/.cargo/registry/src/index.crates.io-1949cf8c6b5b557f/syn-2.0.110/README.md,/data/data/com.termux/files/home/pixelation/docs/markdown_archive/README_v370.md,ae6deb98ea51df4829c0327139a555cc115c6bcf6fb459db0ef0d6a96c4566ec
/data/data/com.termux/files/home/.cargo/registry/src/index.crates.io-1949cf8c6b5b557f/bstr-1.12.1/README.md,/data/data/com.termux/files/home/pixelation/docs/markdown_archive/README_v429.md,d316b3ae5b764493f1dfb3879d405e4f7c215b43e04162ee9ab758a1963dda1d
/data/data/com.termux/files/home/.cargo/registry/src/index.crates.io-1949cf8c6b5b557f/archery-1.2.2/LICENSE.md,/data/data/com.termux/files/home/pixelation/docs/markdown_archive/LICENSE_v8.md,e326b5fef9084c437878cc2184ba6dfa15503f46e5359dd67246f51761ea709f
/data/data/com.termux/files/home/.cargo/registry/src/index.crates.io-1949cf8c6b5b557f/archery-1.2.2/README.md,/data/data/com.termux/files/home/pixelation/docs/markdown_archive/README_v607.md,2c98a47c49a07873c97824edb9729e810ed55827a5e208dec2e2758d7d1b134e
/data/data/com.termux/files/home/.cargo/registry/src/index.crates.io-1949cf8c6b5b557f/archery-1.2.2/release-notes.md,/data/data/com.termux/files/home/pixelation/docs/markdown_archive/release-notes_v4.md,21e734fe99ef0dfb4e9d9ff0f4f3b73264a4c7bddc8f1e45052bf4401d76526e
/data/data/com.termux/files/home/.cargo/registry/src/index.crates.io-1949cf8c6b5b557f/triomphe-0.1.15/README.md,/data/data/com.termux/files/home/pixelation/docs/markdown_archive/README_v625.md,ea03293a43524ed445c33816d32e1987ec756b1650afbf140510908e336cd49f
/data/data/com.termux/files/home/.cargo/registry/src/index.crates.io-1949cf8c6b5b557f/syn-2.0.111/README.md,/data/data/com.termux/files/home/pixelation/docs/markdown_archive/README_v626.md,84d8f027ce3c19ae9cf91e68207b0bc737b71aa25706ba575bef7d4cba6fc937
/data/data/com.termux/files/home/que_simplex/docs/OMEGA_INTEGRATION_ANALYSIS.md,/data/data/com.termux/files/home/pixelation/docs/markdown_archive/OMEGA_INTEGRATION_ANALYSIS.md,0e9041ed1393ab9ee1db41020e998a4732711faf3d200a6702bebc58c3314177
/data/data/com.termux/files/home/que_simplex/docs/EXTERNAL_SUBMISSION_PIPELINE_VISION.md,/data/data/com.termux/files/home/pixelation/docs/markdown_archive/EXTERNAL_SUBMISSION_PIPELINE_VISION.md,3d7dbe22882a992c5966f051d73927130a198d95e06eb90a7b4fbd35d14e7cec
/data/data/com.termux/files/home/que_simplex/README.md,/data/data/com.termux/files/home/pixelation/docs/markdown_archive/README_v627.md,b3185a4bb361623628a1395fe34f3fa5c5a6f41a65f95fc6cd7de32dcb7d0dc5
/data/data/com.termux/files/home/Q/claude.md,/data/data/com.termux/files/home/pixelation/docs/markdown_archive/claude.md,48da83ba1f9bbbb48b29c9b9f52a06ff81f2a52ecccfe367f05167102cfab1e6
/data/data/com.termux/files/home/Q/SETUP_COMPLETE.md,/data/data/com.termux/files/home/pixelation/docs/markdown_archive/SETUP_COMPLETE.md,1f7ef204581f8f0136b38ba370acbbbc68262986ce1e95bd89ca74f9f7d0efb9
/data/data/com.termux/files/home/Q/QUICK_WINS_SESSION.md,/data/data/com.termux/files/home/pixelation/docs/markdown_archive/QUICK_WINS_SESSION.md,267ad0e26c05c4d2ecb63bd7d90bfde53a0b21222a367155dd5eab83883fbab1
/data/data/com.termux/files/home/Q/SESSION_FINALE.md,/data/data/com.termux/files/home/pixelation/docs/markdown_archive/SESSION_FINALE.md,36bcde0b6e0ee6e8113a55866c23ed77ff3d852931602cf2a098afc8d6813c0f
/data/data/com.termux/files/home/Q/SESSION_20251222.md,/data/data/com.termux/files/home/pixelation/docs/markdown_archive/SESSION_20251222.md,33ec3c4b85b413eb62d38b21d7535f3a37f3cf19adc8893daea7d1c816b1071f
/data/data/com.termux/files/home/.claude/plugins/marketplaces/claude-plugins-official/README.md,/data/data/com.termux/files/home/pixelation/docs/markdown_archive/README_v628.md,696ffc5649944802086625d28581d1545162b9034944d101d20d498dc77216fb
/data/data/com.termux/files/home/.claude/plugins/marketplaces/claude-plugins-official/external_plugins/greptile/README.md,/data/data/com.termux/files/home/pixelation/docs/markdown_archive/README_v629.md,e71a501576382c707622643bf27aed9e2345ba84796886ee53ec4b9c45860a28
/data/data/com.termux/files/home/.claude/plugins/marketplaces/claude-plugins-official/external_plugins/stripe/commands/explain-error.md,/data/data/com.termux/files/home/pixelation/docs/markdown_archive/explain-error.md,4d1e56c4de18cf164ff9e227e15bb529b2d9bfc07d4e96d90d5e465a17774d6f
/data/data/com.termux/files/home/.claude/plugins/marketplaces/claude-plugins-official/external_plugins/stripe/commands/test-cards.md,/data/data/com.termux/files/home/pixelation/docs/markdown_archive/test-cards.md,4e2496258654baac2ab3837a3c5d273f7acb1c45e46a58293d11a1e3df23104b
/data/data/com.termux/files/home/.claude/plugins/marketplaces/claude-plugins-official/external_plugins/stripe/skills/stripe-best-practices/SKILL.md,/data/data/com.termux/files/home/pixelation/docs/markdown_archive/SKILL.md,838eb4e00a22f817b8577be230600547441493bf8c7aa15b0ee7e04f71f875cf
/data/data/com.termux/files/home/.claude/plugins/marketplaces/claude-plugins-official/plugins/agent-sdk-dev/README.md,/data/data/com.termux/files/home/pixelation/docs/markdown_archive/README_v630.md,7f9bc2aac9c7c546e550e2fa2e2d9a66d7ab6bb7dea01a2e07147f78981ba3ee
/data/data/com.termux/files/home/.claude/plugins/marketplaces/claude-plugins-official/plugins/agent-sdk-dev/agents/agent-sdk-verifier-py.md,/data/data/com.termux/files/home/pixelation/docs/markdown_archive/agent-sdk-verifier-py.md,a72c50412f4f9940932cac0f3ca61d6ced7354b8ac8892e3f1507bcd2957006e
/data/data/com.termux/files/home/.claude/plugins/marketplaces/claude-plugins-official/plugins/agent-sdk-dev/agents/agent-sdk-verifier-ts.md,/data/data/com.termux/files/home/pixelation/docs/markdown_archive/agent-sdk-verifier-ts.md,68fe98341656fa242a5de9272165481d62b5670b2fff294961bc45a5c4ee57ea
/data/data/com.termux/files/home/.claude/plugins/marketplaces/claude-plugins-official/plugins/agent-sdk-dev/commands/new-sdk-app.md,/data/data/com.termux/files/home/pixelation/docs/markdown_archive/new-sdk-app.md,d273539c037e63bec2be30ac0e3474371a8725d7b0c39cb9e4341534fde83fb6
/data/data/com.termux/files/home/.claude/plugins/marketplaces/claude-plugins-official/plugins/clangd-lsp/README.md,/data/data/com.termux/files/home/pixelation/docs/markdown_archive/README_v631.md,a0fdedc4a195d8bf015c95ca69ef5fd64f9314eae7b4e688bbb5ea96e31102dc
/data/data/com.termux/files/home/.claude/plugins/marketplaces/claude-plugins-official/plugins/code-review/README.md,/data/data/com.termux/files/home/pixelation/docs/markdown_archive/README_v632.md,1fca74bab6969b609519927ae49112760e15d8113eef6bbcf9b9a96c49d73c89
/data/data/com.termux/files/home/.claude/plugins/marketplaces/claude-plugins-official/plugins/code-review/commands/code-review.md,/data/data/com.termux/files/home/pixelation/docs/markdown_archive/code-review.md,7d5a0bc9a41babad32a387152f9680316997bc4ad376928827d670b1760cc890
/data/data/com.termux/files/home/.claude/plugins/marketplaces/claude-plugins-official/plugins/commit-commands/README.md,/data/data/com.termux/files/home/pixelation/docs/markdown_archive/README_v633.md,03172e9933f1c1556a3a32a98dc54b31e73ebe57d3348e58aced204e0a9f526b
/data/data/com.termux/files/home/.claude/plugins/marketplaces/claude-plugins-official/plugins/commit-commands/commands/clean_gone.md,/data/data/com.termux/files/home/pixelation/docs/markdown_archive/clean_gone.md,4f07fa2ccf4f81a69c6455bdc563b53a3d3b20aea6e4e82337c52b172ee02344
/data/data/com.termux/files/home/.claude/plugins/marketplaces/claude-plugins-official/plugins/commit-commands/commands/commit-push-pr.md,/data/data/com.termux/files/home/pixelation/docs/markdown_archive/commit-push-pr.md,3bc3d171939149cbbef141cbced553dce6ba6f97dac4a764f4ef1e055c35064d
/data/data/com.termux/files/home/.claude/plugins/marketplaces/claude-plugins-official/plugins/commit-commands/commands/commit.md,/data/data/com.termux/files/home/pixelation/docs/markdown_archive/commit.md,d1acbc2bf0c50164f48d6bda872de6a343cd9390954ce903c3431c3119e7f8c4
/data/data/com.termux/files/home/.claude/plugins/marketplaces/claude-plugins-official/plugins/csharp-lsp/README.md,/data/data/com.termux/files/home/pixelation/docs/markdown_archive/README_v634.md,aa15664aff0ecd3d5c0db1aa149c2286061990ba7df68dd7a8d0f98dafb12db3
/data/data/com.termux/files/home/.claude/plugins/marketplaces/claude-plugins-official/plugins/example-plugin/README.md,/data/data/com.termux/files/home/pixelation/docs/markdown_archive/README_v635.md,ef91855a1c9e01deb20d226282c4dddfafc9ce1633cdbe6684078155423cd67b
/data/data/com.termux/files/home/.claude/plugins/marketplaces/claude-plugins-official/plugins/example-plugin/commands/example-command.md,/data/data/com.termux/files/home/pixelation/docs/markdown_archive/example-command.md,09a23bce384d31d8012305f9089db88f1df2ce48b774afaee4620336d9cc61f8
/data/data/com.termux/files/home/.claude/plugins/marketplaces/claude-plugins-official/plugins/example-plugin/skills/example-skill/SKILL.md,/data/data/com.termux/files/home/pixelation/docs/markdown_archive/SKILL_v2.md,87d90442621ace039aa3379805f99c3f95bf500e9f7b96f9e7876ac2dcf804f5
/data/data/com.termux/files/home/.claude/plugins/marketplaces/claude-plugins-official/plugins/explanatory-output-style/README.md,/data/data/com.termux/files/home/pixelation/docs/markdown_archive/README_v636.md,543754079554d2c58b72322edebcf09775a5fe74eafe1f5102c496388ab4aa82
/data/data/com.termux/files/home/.claude/plugins/marketplaces/claude-plugins-official/plugins/feature-dev/README.md,/data/data/com.termux/files/home/pixelation/docs/markdown_archive/README_v637.md,8dca1b27e026cab4b8bb8118709935b08fc27d2911efd9e1061b9836b534fbc1
/data/data/com.termux/files/home/.claude/plugins/marketplaces/claude-plugins-official/plugins/feature-dev/agents/code-architect.md,/data/data/com.termux/files/home/pixelation/docs/markdown_archive/code-architect.md,c50fb08d59a4bbd19660860626a049e44cf1a2b0c1cf782e6c7a99ba7e71b0c3
/data/data/com.termux/files/home/.claude/plugins/marketplaces/claude-plugins-official/plugins/feature-dev/agents/code-explorer.md,/data/data/com.termux/files/home/pixelation/docs/markdown_archive/code-explorer.md,3b277703de7458988ec3b8021c716f79f642e174950ed332629310f68322029a
/data/data/com.termux/files/home/.claude/plugins/marketplaces/claude-plugins-official/plugins/feature-dev/agents/code-reviewer.md,/data/data/com.termux/files/home/pixelation/docs/markdown_archive/code-reviewer.md,a7df173bf77a00da5584c6401a1061524fdbe477b6fef5dd496d4c7a9113c78c
/data/data/com.termux/files/home/.claude/plugins/marketplaces/claude-plugins-official/plugins/feature-dev/commands/feature-dev.md,/data/data/com.termux/files/home/pixelation/docs/markdown_archive/feature-dev.md,652e5d6264fd253fcb70c2f84de986a88d77109a02410aacd90230a6ab4bf557
/data/data/com.termux/files/home/.claude/plugins/marketplaces/claude-plugins-official/plugins/frontend-design/README.md,/data/data/com.termux/files/home/pixelation/docs/markdown_archive/README_v638.md,5351137ecb2c5adfcdbadcdbbeda1eab16409bae98eb53f62f945514552d6706
/data/data/com.termux/files/home/.claude/plugins/marketplaces/claude-plugins-official/plugins/frontend-design/skills/frontend-design/SKILL.md,/data/data/com.termux/files/home/pixelation/docs/markdown_archive/SKILL_v3.md,d39adf3a983de7dafc75991590d54f091755f7e4163d5a5ed085ecd719157184
/data/data/com.termux/files/home/.claude/plugins/marketplaces/claude-plugins-official/plugins/gopls-lsp/README.md,/data/data/com.termux/files/home/pixelation/docs/markdown_archive/README_v639.md,9e8093ab01c7a7df3744d6062c6b4a33bbc705ecf51048b3552d0f9f68383793
/data/data/com.termux/files/home/.claude/plugins/marketplaces/claude-plugins-official/plugins/hookify/README.md,/data/data/com.termux/files/home/pixelation/docs/markdown_archive/README_v640.md,976542a7e018465e44855bed6f53fae12aea7ca59b6e1db40f8880b72b09e38c
/data/data/com.termux/files/home/.claude/plugins/marketplaces/claude-plugins-official/plugins/hookify/agents/conversation-analyzer.md,/data/data/com.termux/files/home/pixelation/docs/markdown_archive/conversation-analyzer.md,535ec8acb55b51bfac83a54f5f5c70746a52adb7a0b785e9be0e376c7e2eb12c
/data/data/com.termux/files/home/.claude/plugins/marketplaces/claude-plugins-official/plugins/hookify/commands/configure.md,/data/data/com.termux/files/home/pixelation/docs/markdown_archive/configure.md,1cb84c1055f6069f2b16ee5b8691f776640267d98b65c09fb81c7569b3197c5f
/data/data/com.termux/files/home/.claude/plugins/marketplaces/claude-plugins-official/plugins/hookify/commands/help.md,/data/data/com.termux/files/home/pixelation/docs/markdown_archive/help.md,39529a6e6473c45d08efbcf7053369a17e04cd3fda0bdf6f186eb20c94135d33
/data/data/com.termux/files/home/.claude/plugins/marketplaces/claude-plugins-official/plugins/hookify/commands/hookify.md,/data/data/com.termux/files/home/pixelation/docs/markdown_archive/hookify.md,7560e58edc6cbb899c0b171292f63654fd1a0bd77354e7f89e2457acd0241e30
/data/data/com.termux/files/home/.claude/plugins/marketplaces/claude-plugins-official/plugins/hookify/commands/list.md,/data/data/com.termux/files/home/pixelation/docs/markdown_archive/list.md,6128e44611d981e911c0e956d619b02924f46407a00bbb9deff2e4f3465b9368
/data/data/com.termux/files/home/.claude/plugins/marketplaces/claude-plugins-official/plugins/hookify/examples/console-log-warning.local.md,/data/data/com.termux/files/home/pixelation/docs/markdown_archive/console-log-warning.local.md,240788cba25f5a403f13682c703eb2bed5ef3245aa9e82faaca628288a08e53b
/data/data/com.termux/files/home/.claude/plugins/marketplaces/claude-plugins-official/plugins/hookify/examples/dangerous-rm.local.md,/data/data/com.termux/files/home/pixelation/docs/markdown_archive/dangerous-rm.local.md,fad5e3e0d5dc1f60901d2d4d948a609eeeb69d0e91f49fcb02d81e4e01489acf
/data/data/com.termux/files/home/.claude/plugins/marketplaces/claude-plugins-official/plugins/hookify/examples/require-tests-stop.local.md,/data/data/com.termux/files/home/pixelation/docs/markdown_archive/require-tests-stop.local.md,f5d950883a4c20f1660af1ef589805f73ffe409167eb6b8db9a60b6ad05f7cfb
/data/data/com.termux/files/home/.claude/plugins/marketplaces/claude-plugins-official/plugins/hookify/examples/sensitive-files-warning.local.md,/data/data/com.termux/files/home/pixelation/docs/markdown_archive/sensitive-files-warning.local.md,f81037232ae3d37bc71f74b49adb16b568fa0bfa1318638c2e019d089480749b
/data/data/com.termux/files/home/.claude/plugins/marketplaces/claude-plugins-official/plugins/hookify/skills/writing-rules/SKILL.md,/data/data/com.termux/files/home/pixelation/docs/markdown_archive/SKILL_v4.md,cf7a6a0b92092f44c6532bd9af7189748a9c3b4d044005418230b08cc99ac55c
/data/data/com.termux/files/home/.claude/plugins/marketplaces/claude-plugins-official/plugins/jdtls-lsp/README.md,/data/data/com.termux/files/home/pixelation/docs/markdown_archive/README_v641.md,e04f0b3a41ac8eafc8801744ce5ef2d61eb505c3730e3b77dd6dcb6908f3b0b0
/data/data/com.termux/files/home/.claude/plugins/marketplaces/claude-plugins-official/plugins/learning-output-style/README.md,/data/data/com.termux/files/home/pixelation/docs/markdown_archive/README_v642.md,3148b3552ce12e2e8fa73e00d914882ae60557b29ded502d22da633685e5bdbd
/data/data/com.termux/files/home/.claude/plugins/marketplaces/claude-plugins-official/plugins/lua-lsp/README.md,/data/data/com.termux/files/home/pixelation/docs/markdown_archive/README_v643.md,ac2e0d0a04360bef98408337e2eb92128150641d540fd989fdb988898bb02f38
/data/data/com.termux/files/home/.claude/plugins/marketplaces/claude-plugins-official/plugins/php-lsp/README.md,/data/data/com.termux/files/home/pixelation/docs/markdown_archive/README_v644.md,f2b566d0c1aab1075b7b8e8a8eaf8c0d785e5be9871eda5b58e1f8b5cd955321
/data/data/com.termux/files/home/.claude/plugins/marketplaces/claude-plugins-official/plugins/plugin-dev/README.md,/data/data/com.termux/files/home/pixelation/docs/markdown_archive/README_v645.md,f0f59f25e0d836cbcb0bdca0b971f8384a6a0c2bd9acf88b42de844c488ccebd
/data/data/com.termux/files/home/.claude/plugins/marketplaces/claude-plugins-official/plugins/plugin-dev/agents/agent-creator.md,/data/data/com.termux/files/home/pixelation/docs/markdown_archive/agent-creator.md,85652447d8ebe3d84bd546b16ca863dfcd9e5bf30d45419df22a4a602940b979
/data/data/com.termux/files/home/.claude/plugins/marketplaces/claude-plugins-official/plugins/plugin-dev/agents/plugin-validator.md,/data/data/com.termux/files/home/pixelation/docs/markdown_archive/plugin-validator.md,e639a6faa931d60708dd2fbc936fab1fbf9c87308f93330a21277246c661b352
/data/data/com.termux/files/home/.claude/plugins/marketplaces/claude-plugins-official/plugins/plugin-dev/agents/skill-reviewer.md,/data/data/com.termux/files/home/pixelation/docs/markdown_archive/skill-reviewer.md,fd72869adb4a873bb5e078e8874a7a822c3d2d9c3d4be9f3e7aeb2553fb5b51f
/data/data/com.termux/files/home/.claude/plugins/marketplaces/claude-plugins-official/plugins/plugin-dev/commands/create-plugin.md,/data/data/com.termux/files/home/pixelation/docs/markdown_archive/create-plugin.md,b6c0c23196c05ef9b85f4dfdaed7295aee7d7e075cff78dcfaee6536f831e10a
/data/data/com.termux/files/home/.claude/plugins/marketplaces/claude-plugins-official/plugins/plugin-dev/skills/agent-development/SKILL.md,/data/data/com.termux/files/home/pixelation/docs/markdown_archive/SKILL_v5.md,ff3324078bbeef3e214157391795360e148892e9c6735f1fc049f397aa939c80
/data/data/com.termux/files/home/.claude/plugins/marketplaces/claude-plugins-official/plugins/plugin-dev/skills/agent-development/examples/agent-creation-prompt.md,/data/data/com.termux/files/home/pixelation/docs/markdown_archive/agent-creation-prompt.md,fddc24d6f7c67722e5c007087d19606cf116a89f3360519c2ae8f52989f40a4d
/data/data/com.termux/files/home/.claude/plugins/marketplaces/claude-plugins-official/plugins/plugin-dev/skills/agent-development/examples/complete-agent-examples.md,/data/data/com.termux/files/home/pixelation/docs/markdown_archive/complete-agent-examples.md,36fde2ac46665ba98804ec0fb6e94022795cba063e932d670c9463deedd30e72
/data/data/com.termux/files/home/.claude/plugins/marketplaces/claude-plugins-official/plugins/plugin-dev/skills/agent-development/references/agent-creation-system-prompt.md,/data/data/com.termux/files/home/pixelation/docs/markdown_archive/agent-creation-system-prompt.md,35ea11d43d8462f7a281f9becd99e69fe1cdd9d80b4024cef7092a03f0f73ca1
/data/data/com.termux/files/home/.claude/plugins/marketplaces/claude-plugins-official/plugins/plugin-dev/skills/agent-development/references/system-prompt-design.md,/data/data/com.termux/files/home/pixelation/docs/markdown_archive/system-prompt-design.md,eaac53eaaf8326ac04428987280fb5041920b7571477ad41742517c5aac683fc
/data/data/com.termux/files/home/.claude/plugins/marketplaces/claude-plugins-official/plugins/plugin-dev/skills/agent-development/references/triggering-examples.md,/data/data/com.termux/files/home/pixelation/docs/markdown_archive/triggering-examples.md,2a5ea013c97fc9f2c1ed55f96c6d5da2c2378695f7714bfb2c2e61bfbc9d228f
/data/data/com.termux/files/home/.claude/plugins/marketplaces/claude-plugins-official/plugins/plugin-dev/skills/command-development/README.md,/data/data/com.termux/files/home/pixelation/docs/markdown_archive/README_v646.md,dd4ba7eded93d7ba698f05ec63d06d110a6b5543664af359b005dd976ce811b8
/data/data/com.termux/files/home/.claude/plugins/marketplaces/claude-plugins-official/plugins/plugin-dev/skills/command-development/SKILL.md,/data/data/com.termux/files/home/pixelation/docs/markdown_archive/SKILL_v6.md,cf4372aa8f5e86ef0b587aa3703b4af9b22996e0dc7fd0ea6ffae49770136a2a
/data/data/com.termux/files/home/.claude/plugins/marketplaces/claude-plugins-official/plugins/plugin-dev/skills/command-development/examples/plugin-commands.md,/data/data/com.termux/files/home/pixelation/docs/markdown_archive/plugin-commands.md,7d71d7b516020a6c171171399b40dd2cad02b842c9faa78b90e0983906c9ee94
/data/data/com.termux/files/home/.claude/plugins/marketplaces/claude-plugins-official/plugins/plugin-dev/skills/command-development/examples/simple-commands.md,/data/data/com.termux/files/home/pixelation/docs/markdown_archive/simple-commands.md,f2533ed834305166603bcb4dd870d695af4a33b9a49d330937a4c70ed964767c
/data/data/com.termux/files/home/.claude/plugins/marketplaces/claude-plugins-official/plugins/plugin-dev/skills/command-development/references/advanced-workflows.md,/data/data/com.termux/files/home/pixelation/docs/markdown_archive/advanced-workflows.md,eb258095b5a411b68377c96730effe597884a14b619cb0c1a7ab1c801d80a7d9
/data/data/com.termux/files/home/.claude/plugins/marketplaces/claude-plugins-official/plugins/plugin-dev/skills/command-development/references/documentation-patterns.md,/data/data/com.termux/files/home/pixelation/docs/markdown_archive/documentation-patterns.md,70c6c9b0a9b2d46a925ada6c45808a73498a457e1d641c82cc05de8a29a33b05
/data/data/com.termux/files/home/.claude/plugins/marketplaces/claude-plugins-official/plugins/plugin-dev/skills/command-development/references/frontmatter-reference.md,/data/data/com.termux/files/home/pixelation/docs/markdown_archive/frontmatter-reference.md,db1ea175ca4b0bb7d11c75cb8a7d00b353ea7cf4df2027b4263e45ded4d39475
/data/data/com.termux/files/home/.claude/plugins/marketplaces/claude-plugins-official/plugins/plugin-dev/skills/command-development/references/interactive-commands.md,/data/data/com.termux/files/home/pixelation/docs/markdown_archive/interactive-commands.md,09ab1f18bfa3ff5f7088e45d5810ac20eb25ffc97fc9e8bb79416d40e0b4516b
/data/data/com.termux/files/home/.claude/plugins/marketplaces/claude-plugins-official/plugins/plugin-dev/skills/command-development/references/marketplace-considerations.md,/data/data/com.termux/files/home/pixelation/docs/markdown_archive/marketplace-considerations.md,ab30835431d06a8e65cd629ba0e73b3f1de5b043126c6fef7ea70163400e90f4
/data/data/com.termux/files/home/.claude/plugins/marketplaces/claude-plugins-official/plugins/plugin-dev/skills/command-development/references/plugin-features-reference.md,/data/data/com.termux/files/home/pixelation/docs/markdown_archive/plugin-features-reference.md,57e11ae6a4bbc1a4a295d1f036202970911d6029d64f4ab058b63a4c5a899072
/data/data/com.termux/files/home/.claude/plugins/marketplaces/claude-plugins-official/plugins/plugin-dev/skills/command-development/references/testing-strategies.md,/data/data/com.termux/files/home/pixelation/docs/markdown_archive/testing-strategies.md,e6ccf78d85c23bc58582dbc8b91731c4e412568705ed2c87ac699a1ded9adc67
/data/data/com.termux/files/home/.claude/plugins/marketplaces/claude-plugins-official/plugins/plugin-dev/skills/hook-development/SKILL.md,/data/data/com.termux/files/home/pixelation/docs/markdown_archive/SKILL_v7.md,d14528f389cae485ac50583a22be326485c83fc9c8ef7ce700213e1583cf8fbe
/data/data/com.termux/files/home/.claude/plugins/marketplaces/claude-plugins-official/plugins/plugin-dev/skills/hook-development/references/advanced.md,/data/data/com.termux/files/home/pixelation/docs/markdown_archive/advanced_v2.md,5b139ceeb6a3ef16555a6eef421e2642e6ca286b5527ee2b4e02c11ae5b75dd5
/data/data/com.termux/files/home/.claude/plugins/marketplaces/claude-plugins-official/plugins/plugin-dev/skills/hook-development/references/migration.md,/data/data/com.termux/files/home/pixelation/docs/markdown_archive/migration_v7.md,7f8e7a795829837f46a0c058c26c8f5c4aa8be5c9fb5316b828229d1802ded77
/data/data/com.termux/files/home/.claude/plugins/marketplaces/claude-plugins-official/plugins/plugin-dev/skills/hook-development/references/patterns.md,/data/data/com.termux/files/home/pixelation/docs/markdown_archive/patterns.md,cb607fca192bfa892fd198141b86dac9d0ca2c573a280b054b7beaa56fc9a8bf
/data/data/com.termux/files/home/.claude/plugins/marketplaces/claude-plugins-official/plugins/plugin-dev/skills/hook-development/scripts/README.md,/data/data/com.termux/files/home/pixelation/docs/markdown_archive/README_v647.md,08a28b12ffa9fcb16f257ea685c70a920f4f835978b9ffbbac055137c6f6aca0
/data/data/com.termux/files/home/.claude/plugins/marketplaces/claude-plugins-official/plugins/plugin-dev/skills/mcp-integration/SKILL.md,/data/data/com.termux/files/home/pixelation/docs/markdown_archive/SKILL_v8.md,1cbfb6b1cf98f48a7c6938e113869a229cd5a59037712072fe11f21a47c6df0e
/data/data/com.termux/files/home/.claude/plugins/marketplaces/claude-plugins-official/plugins/plugin-dev/skills/mcp-integration/references/authentication.md,/data/data/com.termux/files/home/pixelation/docs/markdown_archive/authentication.md,9f3ca61a857a15cc4c0dea9143365b0c49cae558690089dd61f6434186c702ce
/data/data/com.termux/files/home/.claude/plugins/marketplaces/claude-plugins-official/plugins/plugin-dev/skills/mcp-integration/references/server-types.md,/data/data/com.termux/files/home/pixelation/docs/markdown_archive/server-types.md,7b06c7ea92e255218897189c550a32cbad1daa173e78e40ec94524fc9a1fb36b
/data/data/com.termux/files/home/.claude/plugins/marketplaces/claude-plugins-official/plugins/plugin-dev/skills/mcp-integration/references/tool-usage.md,/data/data/com.termux/files/home/pixelation/docs/markdown_archive/tool-usage.md,8dd0005d7ba6cd2d24e72f9e6102c129b7445fc818e14656ad9ebaef6621a7a6
/data/data/com.termux/files/home/.claude/plugins/marketplaces/claude-plugins-official/plugins/plugin-dev/skills/plugin-settings/SKILL.md,/data/data/com.termux/files/home/pixelation/docs/markdown_archive/SKILL_v9.md,868f07d0ea1e846111b5ebbef89930f8c82f5138d18b887d4a51d6ef48a69268
/data/data/com.termux/files/home/.claude/plugins/marketplaces/claude-plugins-official/plugins/plugin-dev/skills/plugin-settings/examples/create-settings-command.md,/data/data/com.termux/files/home/pixelation/docs/markdown_archive/create-settings-command.md,abf0a36bb3f6425041046f2da1ebfac5505c5b37656fdd4772cfc4d8bd2fa655
/data/data/com.termux/files/home/.claude/plugins/marketplaces/claude-plugins-official/plugins/plugin-dev/skills/plugin-settings/examples/example-settings.md,/data/data/com.termux/files/home/pixelation/docs/markdown_archive/example-settings.md,f07209b6e2fb62d443ae07d01bc1674c6c741c352a04549bfa978e1f34b9769e
/data/data/com.termux/files/home/.claude/plugins/marketplaces/claude-plugins-official/plugins/plugin-dev/skills/plugin-settings/references/parsing-techniques.md,/data/data/com.termux/files/home/pixelation/docs/markdown_archive/parsing-techniques.md,bc90aa020aa5fcbb3483d7316754450dcc91d086ee96f9304fa655e878f7712e
/data/data/com.termux/files/home/.claude/plugins/marketplaces/claude-plugins-official/plugins/plugin-dev/skills/plugin-settings/references/real-world-examples.md,/data/data/com.termux/files/home/pixelation/docs/markdown_archive/real-world-examples.md,35c8805ac43fccd9efeef932bc49afc424f8fd150b553197652996abf2d1327e
/data/data/com.termux/files/home/.claude/plugins/marketplaces/claude-plugins-official/plugins/plugin-dev/skills/plugin-structure/README.md,/data/data/com.termux/files/home/pixelation/docs/markdown_archive/README_v648.md,c7cb4931d6d71198cba6b552e4733b41940be56a65552a2ff7c5656750b95184
/data/data/com.termux/files/home/.claude/plugins/marketplaces/claude-plugins-official/plugins/plugin-dev/skills/plugin-structure/SKILL.md,/data/data/com.termux/files/home/pixelation/docs/markdown_archive/SKILL_v10.md,ee28fd41535313e9ffb2fd04393cc70e6e7e1d7ea143097a2c3b856e8be98132
/data/data/com.termux/files/home/.claude/plugins/marketplaces/claude-plugins-official/plugins/plugin-dev/skills/plugin-structure/examples/advanced-plugin.md,/data/data/com.termux/files/home/pixelation/docs/markdown_archive/advanced-plugin.md,3d24f5856048a94cb99fe2b8207d99f2f5d69325771b361d63ec73024290759c
/data/data/com.termux/files/home/.claude/plugins/marketplaces/claude-plugins-official/plugins/plugin-dev/skills/plugin-structure/examples/minimal-plugin.md,/data/data/com.termux/files/home/pixelation/docs/markdown_archive/minimal-plugin.md,c4f14fe56b153be3c532b7947bb10b453fc92e280dca5a7da752d2b1b5d17448
/data/data/com.termux/files/home/.claude/plugins/marketplaces/claude-plugins-official/plugins/plugin-dev/skills/plugin-structure/examples/standard-plugin.md,/data/data/com.termux/files/home/pixelation/docs/markdown_archive/standard-plugin.md,b8cfba84bd4dbdc83365cebcde5dcc6391252372300df0c1ea7890441582d784
/data/data/com.termux/files/home/.claude/plugins/marketplaces/claude-plugins-official/plugins/plugin-dev/skills/plugin-structure/references/component-patterns.md,/data/data/com.termux/files/home/pixelation/docs/markdown_archive/component-patterns.md,38681792a6aba4f06d3c391b20b04060263f1fbaacc5880cc0cafe0543d37f91
/data/data/com.termux/files/home/.claude/plugins/marketplaces/claude-plugins-official/plugins/plugin-dev/skills/plugin-structure/references/manifest-reference.md,/data/data/com.termux/files/home/pixelation/docs/markdown_archive/manifest-reference.md,d0ff8ffece4754df92c543266b8d0b689fb85473f51fbb57e215f2d235ee9782
/data/data/com.termux/files/home/.claude/plugins/marketplaces/claude-plugins-official/plugins/plugin-dev/skills/skill-development/SKILL.md,/data/data/com.termux/files/home/pixelation/docs/markdown_archive/SKILL_v11.md,ce27d66a6d0ab5250f5a37d3711cdee2fc768df0b2d23731b1aa9f39dcb66c15
/data/data/com.termux/files/home/.claude/plugins/marketplaces/claude-plugins-official/plugins/plugin-dev/skills/skill-development/references/skill-creator-original.md,/data/data/com.termux/files/home/pixelation/docs/markdown_archive/skill-creator-original.md,8c0ce23bb87be91f5b0853c2e9815617c3858b63acdddfe5da47d2c2d3a60816
/data/data/com.termux/files/home/.claude/plugins/marketplaces/claude-plugins-official/plugins/pr-review-toolkit/README.md,/data/data/com.termux/files/home/pixelation/docs/markdown_archive/README_v649.md,364cb1d46aa64a01016e4ef5f41dfea5bd5e3cf530459409a376feba93dd2b49
/data/data/com.termux/files/home/.claude/plugins/marketplaces/claude-plugins-official/plugins/pr-review-toolkit/agents/code-reviewer.md,/data/data/com.termux/files/home/pixelation/docs/markdown_archive/code-reviewer_v2.md,533b9967ca21b7e9572236935cada4bfd03d7dd362cb2e680a2d13aa0d699232
/data/data/com.termux/files/home/.claude/plugins/marketplaces/claude-plugins-official/plugins/pr-review-toolkit/agents/code-simplifier.md,/data/data/com.termux/files/home/pixelation/docs/markdown_archive/code-simplifier.md,da129a12e959b059a7605d093fbc4f8710755ebf0c914ebc3102b5f78831ead1
/data/data/com.termux/files/home/.claude/plugins/marketplaces/claude-plugins-official/plugins/pr-review-toolkit/agents/comment-analyzer.md,/data/data/com.termux/files/home/pixelation/docs/markdown_archive/comment-analyzer.md,da0540c507e42a7f66df0b09f81f3c9d3b246620a8f2be4e84b85b97f7b4e2f5
/data/data/com.termux/files/home/.claude/plugins/marketplaces/claude-plugins-official/plugins/pr-review-toolkit/agents/pr-test-analyzer.md,/data/data/com.termux/files/home/pixelation/docs/markdown_archive/pr-test-analyzer.md,d369fd3946a814bb7a9d4f32e971722fe259e301878986bc6312d6f6c56014a8
/data/data/com.termux/files/home/.claude/plugins/marketplaces/claude-plugins-official/plugins/pr-review-toolkit/agents/silent-failure-hunter.md,/data/data/com.termux/files/home/pixelation/docs/markdown_archive/silent-failure-hunter.md,fa9b0daec5a267e7e66435cc48b3328301fc9f70c3af259fe248881327a1babc
/data/data/com.termux/files/home/.claude/plugins/marketplaces/claude-plugins-official/plugins/pr-review-toolkit/agents/type-design-analyzer.md,/data/data/com.termux/files/home/pixelation/docs/markdown_archive/type-design-analyzer.md,ad160052fd3b45395d531d5e97e54940a1b660443fb513db3feb613848b6e72d
/data/data/com.termux/files/home/.claude/plugins/marketplaces/claude-plugins-official/plugins/pr-review-toolkit/commands/review-pr.md,/data/data/com.termux/files/home/pixelation/docs/markdown_archive/review-pr.md,5e70c17293a044e1bf9d092c80b5da8b4fd5802ebb07dc53993dec4ba7ce2fc4
/data/data/com.termux/files/home/.claude/plugins/marketplaces/claude-plugins-official/plugins/pyright-lsp/README.md,/data/data/com.termux/files/home/pixelation/docs/markdown_archive/README_v650.md,06831f5f4397506f295857d4de98bd0ceeeb23b2546168c3c0029c5e03782cf0
/data/data/com.termux/files/home/.claude/plugins/marketplaces/claude-plugins-official/plugins/kotlin-lsp/README.md,/data/data/com.termux/files/home/pixelation/docs/markdown_archive/README_v651.md,0bdb64be93e5d559be514f90b8bcef21c5c19307128309c9c4fbac7546457cdd
/data/data/com.termux/files/home/.claude/plugins/marketplaces/claude-plugins-official/plugins/rust-analyzer-lsp/README.md,/data/data/com.termux/files/home/pixelation/docs/markdown_archive/README_v652.md,7844d6009a6716f8c59f75b433e5a8708046e5b878193e186b4f8d714cf5e323
/data/data/com.termux/files/home/.claude/plugins/marketplaces/claude-plugins-official/plugins/swift-lsp/README.md,/data/data/com.termux/files/home/pixelation/docs/markdown_archive/README_v653.md,31060c0c823fb31590382d2acf9ece03b3e14cefdce585c3e864a4cf3b21f3bc
/data/data/com.termux/files/home/.claude/plugins/marketplaces/claude-plugins-official/plugins/typescript-lsp/README.md,/data/data/com.termux/files/home/pixelation/docs/markdown_archive/README_v654.md,adeb3592417e4b8fa6d05a3cb199b41fb38b80f590167bfef2b8688d00644685
/data/data/com.termux/files/home/.claude/plugins/marketplaces/claude-plugins-official/plugins/ralph-loop/README.md,/data/data/com.termux/files/home/pixelation/docs/markdown_archive/README_v655.md,d1140fdd8fec1208deeec959ce1630311f75bec01fc1eef928a8eeb6c1af5548
/data/data/com.termux/files/home/.claude/plugins/marketplaces/claude-plugins-official/plugins/ralph-loop/commands/cancel-ralph.md,/data/data/com.termux/files/home/pixelation/docs/markdown_archive/cancel-ralph.md,7f3fd4218c50f66dbff586f1df1ae00255925b8d60809f99ccfae4a3ca9c923b
/data/data/com.termux/files/home/.claude/plugins/marketplaces/claude-plugins-official/plugins/ralph-loop/commands/help.md,/data/data/com.termux/files/home/pixelation/docs/markdown_archive/help_v2.md,51bbd57d6edf8f50fb1273ed006da29e5322338d537f4153fbd66430b6e118c3
/data/data/com.termux/files/home/.claude/plugins/marketplaces/claude-plugins-official/plugins/ralph-loop/commands/ralph-loop.md,/data/data/com.termux/files/home/pixelation/docs/markdown_archive/ralph-loop.md,e15d5d0afe3097f6fcb54b6e4dbc686e2702efebbd7e6b38bee0c0d398ffba8f
/data/data/com.termux/files/home/.claude/plugins/marketplaces/claude-plugins-official/plugins/code-simplifier/agents/code-simplifier.md,/data/data/com.termux/files/home/pixelation/docs/markdown_archive/code-simplifier_v2.md,2a51e8d210580d9f66ac2ed1226c41f9374565fc275da30d7bb95f65c2cc87bb
/data/data/com.termux/files/home/.claude/plugins/marketplaces/claude-plugins-official/plugins/claude-code-setup/README.md,/data/data/com.termux/files/home/pixelation/docs/markdown_archive/README_v656.md,03338a6d1b35349058d187b4d615bc7d1115c0ffb0dd8fbb54cdfd9519d88335
/data/data/com.termux/files/home/.claude/plugins/marketplaces/claude-plugins-official/plugins/claude-code-setup/skills/claude-automation-recommender/SKILL.md,/data/data/com.termux/files/home/pixelation/docs/markdown_archive/SKILL_v12.md,bd8789052f89e784b744a2104d6f3f1373526ebe9e0576a3a5f6f4c73633f66f
/data/data/com.termux/files/home/.claude/plugins/marketplaces/claude-plugins-official/plugins/claude-code-setup/skills/claude-automation-recommender/references/hooks-patterns.md,/data/data/com.termux/files/home/pixelation/docs/markdown_archive/hooks-patterns.md,7b6e91b53aa0f1ed471fd66e177de17a88c1d6620ce95f5c8e8cdfebd20d939e
/data/data/com.termux/files/home/.claude/plugins/marketplaces/claude-plugins-official/plugins/claude-code-setup/skills/claude-automation-recommender/references/mcp-servers.md,/data/data/com.termux/files/home/pixelation/docs/markdown_archive/mcp-servers.md,64a12ab24618e4987ba947638fb598683635e80db92f3253e87d5b06c878174d
/data/data/com.termux/files/home/.claude/plugins/marketplaces/claude-plugins-official/plugins/claude-code-setup/skills/claude-automation-recommender/references/plugins-reference.md,/data/data/com.termux/files/home/pixelation/docs/markdown_archive/plugins-reference.md,6570ff4c853253b3f15fb62e5d540cbf0ce3371936437791dde8fb53b7d444f3
/data/data/com.termux/files/home/.claude/plugins/marketplaces/claude-plugins-official/plugins/claude-code-setup/skills/claude-automation-recommender/references/skills-reference.md,/data/data/com.termux/files/home/pixelation/docs/markdown_archive/skills-reference.md,b4b57d953526a07146d5757ca5332034b9b4b4eeba839e4bb08111398c94556f
/data/data/com.termux/files/home/.claude/plugins/marketplaces/claude-plugins-official/plugins/claude-code-setup/skills/claude-automation-recommender/references/subagent-templates.md,/data/data/com.termux/files/home/pixelation/docs/markdown_archive/subagent-templates.md,7f9a107d8619ff96fea07d5a17da31b269cec0ee343e5a9ff643c0d6cb4ba944
/data/data/com.termux/files/home/.claude/plugins/marketplaces/claude-plugins-official/plugins/claude-md-management/README.md,/data/data/com.termux/files/home/pixelation/docs/markdown_archive/README_v657.md,8abcb9ae663f21f0bd2cc2a07027d44cbccee9273f9701e6db8008a7ba8ce472
/data/data/com.termux/files/home/.claude/plugins/marketplaces/claude-plugins-official/plugins/claude-md-management/commands/revise-claude-md.md,/data/data/com.termux/files/home/pixelation/docs/markdown_archive/revise-claude-md.md,d59ffd7ef2b793bdfda0efbeed6bb948cb9a455d1fe6cccb54fe4585788c68e9
/data/data/com.termux/files/home/.claude/plugins/marketplaces/claude-plugins-official/plugins/claude-md-management/skills/claude-md-improver/SKILL.md,/data/data/com.termux/files/home/pixelation/docs/markdown_archive/SKILL_v13.md,b06c7420be08ca1c7f6d75f7f4709fdb787624a2d363e2f8052216d8c780f85b
/data/data/com.termux/files/home/.claude/plugins/marketplaces/claude-plugins-official/plugins/claude-md-management/skills/claude-md-improver/references/quality-criteria.md,/data/data/com.termux/files/home/pixelation/docs/markdown_archive/quality-criteria.md,383def16b05dca948297dd1acb33f007cb1b1b2c368454d424c5634348a8bab1
/data/data/com.termux/files/home/.claude/plugins/marketplaces/claude-plugins-official/plugins/claude-md-management/skills/claude-md-improver/references/templates.md,/data/data/com.termux/files/home/pixelation/docs/markdown_archive/templates.md,de0aa3ac30120a0c77f9cd82738a75ed8326864f98feb89356a253f2deaf3ab0
/data/data/com.termux/files/home/.claude/plugins/marketplaces/claude-plugins-official/plugins/claude-md-management/skills/claude-md-improver/references/update-guidelines.md,/data/data/com.termux/files/home/pixelation/docs/markdown_archive/update-guidelines.md,02a158d6ca41a0ab702a67a213e92205f09c073cea53796633251bc62fd7ec55
/data/data/com.termux/files/home/.claude/plugins/marketplaces/claude-plugins-official/plugins/playground/README.md,/data/data/com.termux/files/home/pixelation/docs/markdown_archive/README_v658.md,37b39ef813524c626d5f320d550ef2deee55743ed2a99cd7adfe27f298572102
/data/data/com.termux/files/home/.claude/plugins/marketplaces/claude-plugins-official/plugins/playground/skills/playground/SKILL.md,/data/data/com.termux/files/home/pixelation/docs/markdown_archive/SKILL_v14.md,521a3d62211e5f47b65ed17b660e001b15cf8d88d058cbf31bc00e889bcb63cc
/data/data/com.termux/files/home/.claude/plugins/marketplaces/claude-plugins-official/plugins/playground/skills/playground/templates/code-map.md,/data/data/com.termux/files/home/pixelation/docs/markdown_archive/code-map.md,0eb7c0d1ac3dbd1401c4a2348631e7be2a02ec30739dd514aab6f162cfade77f
/data/data/com.termux/files/home/.claude/plugins/marketplaces/claude-plugins-official/plugins/playground/skills/playground/templates/concept-map.md,/data/data/com.termux/files/home/pixelation/docs/markdown_archive/concept-map.md,153810786435a1f3e3948aba075ebf3c887df827464bebca61f48ce7974e9622
/data/data/com.termux/files/home/.claude/plugins/marketplaces/claude-plugins-official/plugins/playground/skills/playground/templates/data-explorer.md,/data/data/com.termux/files/home/pixelation/docs/markdown_archive/data-explorer.md,4b884e4b400f3af82b7f33210c5c2017a5296cab16f1496963bd42061a1fe342
/data/data/com.termux/files/home/.claude/plugins/marketplaces/claude-plugins-official/plugins/playground/skills/playground/templates/design-playground.md,/data/data/com.termux/files/home/pixelation/docs/markdown_archive/design-playground.md,190f7da424ebd3226a679045420b64171a98d081b7d84e26be4553de13c91fe7
/data/data/com.termux/files/home/.claude/plugins/marketplaces/claude-plugins-official/plugins/playground/skills/playground/templates/diff-review.md,/data/data/com.termux/files/home/pixelation/docs/markdown_archive/diff-review.md,32112ba4e82fbb8b656af166d1e21f8461cedbb4fdb5d2c314c43d210ea7e37d
/data/data/com.termux/files/home/.claude/plugins/marketplaces/claude-plugins-official/plugins/playground/skills/playground/templates/document-critique.md,/data/data/com.termux/files/home/pixelation/docs/markdown_archive/document-critique.md,c5bd7a68a53f2075d127e482c93b5f3d0b51c24bf8d301c1124801cca7be2d41
/data/data/com.termux/files/home/.claude/plugins/cache/claude-plugins-official/feature-dev/unknown/README.md,/data/data/com.termux/files/home/pixelation/docs/markdown_archive/README_v637.md,8dca1b27e026cab4b8bb8118709935b08fc27d2911efd9e1061b9836b534fbc1
/data/data/com.termux/files/home/.claude/plugins/cache/claude-plugins-official/feature-dev/unknown/agents/code-architect.md,/data/data/com.termux/files/home/pixelation/docs/markdown_archive/code-architect.md,c50fb08d59a4bbd19660860626a049e44cf1a2b0c1cf782e6c7a99ba7e71b0c3
/data/data/com.termux/files/home/.claude/plugins/cache/claude-plugins-official/feature-dev/unknown/agents/code-explorer.md,/data/data/com.termux/files/home/pixelation/docs/markdown_archive/code-explorer.md,3b277703de7458988ec3b8021c716f79f642e174950ed332629310f68322029a
/data/data/com.termux/files/home/.claude/plugins/cache/claude-plugins-official/feature-dev/unknown/agents/code-reviewer.md,/data/data/com.termux/files/home/pixelation/docs/markdown_archive/code-reviewer.md,a7df173bf77a00da5584c6401a1061524fdbe477b6fef5dd496d4c7a9113c78c
/data/data/com.termux/files/home/.claude/plugins/cache/claude-plugins-official/feature-dev/unknown/commands/feature-dev.md,/data/data/com.termux/files/home/pixelation/docs/markdown_archive/feature-dev.md,652e5d6264fd253fcb70c2f84de986a88d77109a02410aacd90230a6ab4bf557
/data/data/com.termux/files/home/.claude/plugins/cache/claude-plugins-official/frontend-design/unknown/README.md,/data/data/com.termux/files/home/pixelation/docs/markdown_archive/README_v638.md,5351137ecb2c5adfcdbadcdbbeda1eab16409bae98eb53f62f945514552d6706
/data/data/com.termux/files/home/.claude/plugins/cache/claude-plugins-official/frontend-design/unknown/skills/frontend-design/SKILL.md,/data/data/com.termux/files/home/pixelation/docs/markdown_archive/SKILL_v3.md,d39adf3a983de7dafc75991590d54f091755f7e4163d5a5ed085ecd719157184
/data/data/com.termux/files/home/.claude/plugins/cache/claude-plugins-official/code-review/unknown/README.md,/data/data/com.termux/files/home/pixelation/docs/markdown_archive/README_v632.md,1fca74bab6969b609519927ae49112760e15d8113eef6bbcf9b9a96c49d73c89
/data/data/com.termux/files/home/.claude/plugins/cache/claude-plugins-official/code-review/unknown/commands/code-review.md,/data/data/com.termux/files/home/pixelation/docs/markdown_archive/code-review.md,7d5a0bc9a41babad32a387152f9680316997bc4ad376928827d670b1760cc890
/data/data/com.termux/files/home/.claude/plugins/cache/claude-plugins-official/commit-commands/unknown/README.md,/data/data/com.termux/files/home/pixelation/docs/markdown_archive/README_v633.md,03172e9933f1c1556a3a32a98dc54b31e73ebe57d3348e58aced204e0a9f526b
/data/data/com.termux/files/home/.claude/plugins/cache/claude-plugins-official/commit-commands/unknown/commands/clean_gone.md,/data/data/com.termux/files/home/pixelation/docs/markdown_archive/clean_gone.md,4f07fa2ccf4f81a69c6455bdc563b53a3d3b20aea6e4e82337c52b172ee02344
/data/data/com.termux/files/home/.claude/plugins/cache/claude-plugins-official/commit-commands/unknown/commands/commit-push-pr.md,/data/data/com.termux/files/home/pixelation/docs/markdown_archive/commit-push-pr.md,3bc3d171939149cbbef141cbced553dce6ba6f97dac4a764f4ef1e055c35064d
/data/data/com.termux/files/home/.claude/plugins/cache/claude-plugins-official/commit-commands/unknown/commands/commit.md,/data/data/com.termux/files/home/pixelation/docs/markdown_archive/commit.md,d1acbc2bf0c50164f48d6bda872de6a343cd9390954ce903c3431c3119e7f8c4
/data/data/com.termux/files/home/.claude/plugins/cache/claude-plugins-official/atlassian/unknown/CODE_OF_CONDUCT.md,/data/data/com.termux/files/home/pixelation/docs/markdown_archive/CODE_OF_CONDUCT_v15.md,2490b418554546e190404e47bcc7d439f55d8f13496d22b6063ec4e99e583466
/data/data/com.termux/files/home/.claude/plugins/cache/claude-plugins-official/atlassian/unknown/CONTRIBUTING.md,/data/data/com.termux/files/home/pixelation/docs/markdown_archive/CONTRIBUTING_v28.md,6f44cafd343ca02a5daa199f74c6e3d99d6e1ff1f3edab31ee5625b71432ffbe
/data/data/com.termux/files/home/.claude/plugins/cache/claude-plugins-official/atlassian/unknown/README.md,/data/data/com.termux/files/home/pixelation/docs/markdown_archive/README_v659.md,17a4aee8e19bd783e345e443347d760b41acad3440f39a4f1539af85455b03fc
/data/data/com.termux/files/home/.claude/plugins/cache/claude-plugins-official/atlassian/unknown/skills/capture-tasks-from-meeting-notes/SKILL.md,/data/data/com.termux/files/home/pixelation/docs/markdown_archive/SKILL_v15.md,dfef9d31616821757fa5c9a61e0b736224ffb1f230d8784dfecd1949b6428427
/data/data/com.termux/files/home/.claude/plugins/cache/claude-plugins-official/atlassian/unknown/skills/capture-tasks-from-meeting-notes/references/action-item-patterns.md,/data/data/com.termux/files/home/pixelation/docs/markdown_archive/action-item-patterns.md,b630fd46b06d348803de5b97b8180269c1f9b51ea3121dfa1e9e50ce0dbb6195
/data/data/com.termux/files/home/.claude/plugins/cache/claude-plugins-official/atlassian/unknown/skills/generate-status-report/SKILL.md,/data/data/com.termux/files/home/pixelation/docs/markdown_archive/SKILL_v16.md,4af95baa652def9230dd1f87713e779438fe87b3e3da159522288841a5f251d4
/data/data/com.termux/files/home/.claude/plugins/cache/claude-plugins-official/atlassian/unknown/skills/generate-status-report/references/jql-patterns.md,/data/data/com.termux/files/home/pixelation/docs/markdown_archive/jql-patterns.md,bac0cc8f2cff9cbff8a715f4900803968b5984a33086f612ee788a05a8e9f649
/data/data/com.termux/files/home/.claude/plugins/cache/claude-plugins-official/atlassian/unknown/skills/generate-status-report/references/report-templates.md,/data/data/com.termux/files/home/pixelation/docs/markdown_archive/report-templates.md,618ac02868d47504db18147543b69577105a47bc3dff7116fa5067f3a6b21cf1
/data/data/com.termux/files/home/.claude/plugins/cache/claude-plugins-official/atlassian/unknown/skills/search-company-knowledge/SKILL.md,/data/data/com.termux/files/home/pixelation/docs/markdown_archive/SKILL_v17.md,ab66d3c5d9b8ddb6f196bfdab1f2d0c700f17e045b44a8de36b1cb7ccbeeb21e
/data/data/com.termux/files/home/.claude/plugins/cache/claude-plugins-official/atlassian/unknown/skills/spec-to-backlog/SKILL.md,/data/data/com.termux/files/home/pixelation/docs/markdown_archive/SKILL_v18.md,3909149144404abb721e46e7542a9563f4e60e8c71168ae6a9a5bfdae6c36f49
/data/data/com.termux/files/home/.claude/plugins/cache/claude-plugins-official/atlassian/unknown/skills/spec-to-backlog/references/breakdown-examples.md,/data/data/com.termux/files/home/pixelation/docs/markdown_archive/breakdown-examples.md,57ff3c616ef0e761911cde849848497028faf570b027c9a16689a2889525eb30
/data/data/com.termux/files/home/.claude/plugins/cache/claude-plugins-official/atlassian/unknown/skills/spec-to-backlog/references/epic-templates.md,/data/data/com.termux/files/home/pixelation/docs/markdown_archive/epic-templates.md,ca1c28239608b0dfef47426ab0420f6ddcf16370f30f6ed6796e0c391ebb5ce8
/data/data/com.termux/files/home/.claude/plugins/cache/claude-plugins-official/atlassian/unknown/skills/spec-to-backlog/references/ticket-writing-guide.md,/data/data/com.termux/files/home/pixelation/docs/markdown_archive/ticket-writing-guide.md,fcc9369f54089ac41bd7a2813f8c19b1b6d092d6226cf4b4104d494b03400754
/data/data/com.termux/files/home/.claude/plugins/cache/claude-plugins-official/atlassian/unknown/skills/triage-issue/SKILL.md,/data/data/com.termux/files/home/pixelation/docs/markdown_archive/SKILL_v19.md,f26bd10bf8ed73621b7ea96ae95ea76e5f0899b6c6f1b699f403c6ec0c4f8280
/data/data/com.termux/files/home/.claude/plugins/cache/claude-plugins-official/atlassian/unknown/skills/triage-issue/references/bug-report-templates.md,/data/data/com.termux/files/home/pixelation/docs/markdown_archive/bug-report-templates.md,ece9041b1c1a827707d70113c5c29cf6b2638ddd102dac496ddbef326f559d8a
/data/data/com.termux/files/home/.claude/plugins/cache/claude-plugins-official/atlassian/unknown/skills/triage-issue/references/search-patterns.md,/data/data/com.termux/files/home/pixelation/docs/markdown_archive/search-patterns.md,7f25799e3d2cda78c98c37b75c7e46b838025e06c6b42ca1c929a6ab797ede02
/data/data/com.termux/files/home/.claude/plugins/cache/claude-plugins-official/agent-sdk-dev/e30768372b41/README.md,/data/data/com.termux/files/home/pixelation/docs/markdown_archive/README_v630.md,7f9bc2aac9c7c546e550e2fa2e2d9a66d7ab6bb7dea01a2e07147f78981ba3ee
/data/data/com.termux/files/home/.claude/plugins/cache/claude-plugins-official/agent-sdk-dev/e30768372b41/agents/agent-sdk-verifier-py.md,/data/data/com.termux/files/home/pixelation/docs/markdown_archive/agent-sdk-verifier-py.md,a72c50412f4f9940932cac0f3ca61d6ced7354b8ac8892e3f1507bcd2957006e
/data/data/com.termux/files/home/.claude/plugins/cache/claude-plugins-official/agent-sdk-dev/e30768372b41/agents/agent-sdk-verifier-ts.md,/data/data/com.termux/files/home/pixelation/docs/markdown_archive/agent-sdk-verifier-ts.md,68fe98341656fa242a5de9272165481d62b5670b2fff294961bc45a5c4ee57ea
/data/data/com.termux/files/home/.claude/plugins/cache/claude-plugins-official/agent-sdk-dev/e30768372b41/commands/new-sdk-app.md,/data/data/com.termux/files/home/pixelation/docs/markdown_archive/new-sdk-app.md,d273539c037e63bec2be30ac0e3474371a8725d7b0c39cb9e4341534fde83fb6
/data/data/com.termux/files/home/.claude/plugins/cache/claude-plugins-official/agent-sdk-dev/27d2b86d72da/README.md,/data/data/com.termux/files/home/pixelation/docs/markdown_archive/README_v630.md,7f9bc2aac9c7c546e550e2fa2e2d9a66d7ab6bb7dea01a2e07147f78981ba3ee
/data/data/com.termux/files/home/.claude/plugins/cache/claude-plugins-official/agent-sdk-dev/27d2b86d72da/agents/agent-sdk-verifier-py.md,/data/data/com.termux/files/home/pixelation/docs/markdown_archive/agent-sdk-verifier-py.md,a72c50412f4f9940932cac0f3ca61d6ced7354b8ac8892e3f1507bcd2957006e
/data/data/com.termux/files/home/.claude/plugins/cache/claude-plugins-official/agent-sdk-dev/27d2b86d72da/agents/agent-sdk-verifier-ts.md,/data/data/com.termux/files/home/pixelation/docs/markdown_archive/agent-sdk-verifier-ts.md,68fe98341656fa242a5de9272165481d62b5670b2fff294961bc45a5c4ee57ea
/data/data/com.termux/files/home/.claude/plugins/cache/claude-plugins-official/agent-sdk-dev/27d2b86d72da/commands/new-sdk-app.md,/data/data/com.termux/files/home/pixelation/docs/markdown_archive/new-sdk-app.md,d273539c037e63bec2be30ac0e3474371a8725d7b0c39cb9e4341534fde83fb6
/data/data/com.termux/files/home/.claude/plugins/cache/claude-plugins-official/figma/1.0.0/README.md,/data/data/com.termux/files/home/pixelation/docs/markdown_archive/README_v660.md,7b8e1a58f3b58812a52d26d00f99134e94431a1e6d55d6fd8b358942d67eee56
/data/data/com.termux/files/home/.claude/plugins/cache/claude-plugins-official/figma/1.0.0/skills/code-connect-components/SKILL.md,/data/data/com.termux/files/home/pixelation/docs/markdown_archive/SKILL_v20.md,b881a08a2712990cdd520f222c7d8d7e7f78cd4bb56e0ec11a14b8c8e9ef01a2
/data/data/com.termux/files/home/.claude/plugins/cache/claude-plugins-official/figma/1.0.0/skills/create-design-system-rules/SKILL.md,/data/data/com.termux/files/home/pixelation/docs/markdown_archive/SKILL_v21.md,44c642c55f360359f594a9604d8e9fb52bdb3a29c8985d1d9b60f1fec0de0632
/data/data/com.termux/files/home/.claude/plugins/cache/claude-plugins-official/figma/1.0.0/skills/implement-design/SKILL.md,/data/data/com.termux/files/home/pixelation/docs/markdown_archive/SKILL_v22.md,a48572cb2b3ffc2d00bf39e1257b1c062976abf9b43abf16867c3341688e1b3a
/data/data/com.termux/files/home/.claude/plugins/cache/claude-plugins-official/pr-review-toolkit/e30768372b41/README.md,/data/data/com.termux/files/home/pixelation/docs/markdown_archive/README_v649.md,364cb1d46aa64a01016e4ef5f41dfea5bd5e3cf530459409a376feba93dd2b49
/data/data/com.termux/files/home/.claude/plugins/cache/claude-plugins-official/pr-review-toolkit/e30768372b41/agents/code-reviewer.md,/data/data/com.termux/files/home/pixelation/docs/markdown_archive/code-reviewer_v2.md,533b9967ca21b7e9572236935cada4bfd03d7dd362cb2e680a2d13aa0d699232
/data/data/com.termux/files/home/.claude/plugins/cache/claude-plugins-official/pr-review-toolkit/e30768372b41/agents/code-simplifier.md,/data/data/com.termux/files/home/pixelation/docs/markdown_archive/code-simplifier.md,da129a12e959b059a7605d093fbc4f8710755ebf0c914ebc3102b5f78831ead1
/data/data/com.termux/files/home/.claude/plugins/cache/claude-plugins-official/pr-review-toolkit/e30768372b41/agents/comment-analyzer.md,/data/data/com.termux/files/home/pixelation/docs/markdown_archive/comment-analyzer.md,da0540c507e42a7f66df0b09f81f3c9d3b246620a8f2be4e84b85b97f7b4e2f5
/data/data/com.termux/files/home/.claude/plugins/cache/claude-plugins-official/pr-review-toolkit/e30768372b41/agents/pr-test-analyzer.md,/data/data/com.termux/files/home/pixelation/docs/markdown_archive/pr-test-analyzer.md,d369fd3946a814bb7a9d4f32e971722fe259e301878986bc6312d6f6c56014a8
/data/data/com.termux/files/home/.claude/plugins/cache/claude-plugins-official/pr-review-toolkit/e30768372b41/agents/silent-failure-hunter.md,/data/data/com.termux/files/home/pixelation/docs/markdown_archive/silent-failure-hunter.md,fa9b0daec5a267e7e66435cc48b3328301fc9f70c3af259fe248881327a1babc
/data/data/com.termux/files/home/.claude/plugins/cache/claude-plugins-official/pr-review-toolkit/e30768372b41/agents/type-design-analyzer.md,/data/data/com.termux/files/home/pixelation/docs/markdown_archive/type-design-analyzer.md,ad160052fd3b45395d531d5e97e54940a1b660443fb513db3feb613848b6e72d
/data/data/com.termux/files/home/.claude/plugins/cache/claude-plugins-official/pr-review-toolkit/e30768372b41/commands/review-pr.md,/data/data/com.termux/files/home/pixelation/docs/markdown_archive/review-pr.md,5e70c17293a044e1bf9d092c80b5da8b4fd5802ebb07dc53993dec4ba7ce2fc4
/data/data/com.termux/files/home/.claude/plugins/cache/claude-plugins-official/pr-review-toolkit/27d2b86d72da/README.md,/data/data/com.termux/files/home/pixelation/docs/markdown_archive/README_v649.md,364cb1d46aa64a01016e4ef5f41dfea5bd5e3cf530459409a376feba93dd2b49
/data/data/com.termux/files/home/.claude/plugins/cache/claude-plugins-official/pr-review-toolkit/27d2b86d72da/agents/code-reviewer.md,/data/data/com.termux/files/home/pixelation/docs/markdown_archive/code-reviewer_v2.md,533b9967ca21b7e9572236935cada4bfd03d7dd362cb2e680a2d13aa0d699232
/data/data/com.termux/files/home/.claude/plugins/cache/claude-plugins-official/pr-review-toolkit/27d2b86d72da/agents/code-simplifier.md,/data/data/com.termux/files/home/pixelation/docs/markdown_archive/code-simplifier.md,da129a12e959b059a7605d093fbc4f8710755ebf0c914ebc3102b5f78831ead1
/data/data/com.termux/files/home/.claude/plugins/cache/claude-plugins-official/pr-review-toolkit/27d2b86d72da/agents/comment-analyzer.md,/data/data/com.termux/files/home/pixelation/docs/markdown_archive/comment-analyzer.md,da0540c507e42a7f66df0b09f81f3c9d3b246620a8f2be4e84b85b97f7b4e2f5
/data/data/com.termux/files/home/.claude/plugins/cache/claude-plugins-official/pr-review-toolkit/27d2b86d72da/agents/pr-test-analyzer.md,/data/data/com.termux/files/home/pixelation/docs/markdown_archive/pr-test-analyzer.md,d369fd3946a814bb7a9d4f32e971722fe259e301878986bc6312d6f6c56014a8
/data/data/com.termux/files/home/.claude/plugins/cache/claude-plugins-official/pr-review-toolkit/27d2b86d72da/agents/silent-failure-hunter.md,/data/data/com.termux/files/home/pixelation/docs/markdown_archive/silent-failure-hunter.md,fa9b0daec5a267e7e66435cc48b3328301fc9f70c3af259fe248881327a1babc
/data/data/com.termux/files/home/.claude/plugins/cache/claude-plugins-official/pr-review-toolkit/27d2b86d72da/agents/type-design-analyzer.md,/data/data/com.termux/files/home/pixelation/docs/markdown_archive/type-design-analyzer.md,ad160052fd3b45395d531d5e97e54940a1b660443fb513db3feb613848b6e72d
/data/data/com.termux/files/home/.claude/plugins/cache/claude-plugins-official/pr-review-toolkit/27d2b86d72da/commands/review-pr.md,/data/data/com.termux/files/home/pixelation/docs/markdown_archive/review-pr.md,5e70c17293a044e1bf9d092c80b5da8b4fd5802ebb07dc53993dec4ba7ce2fc4
/data/data/com.termux/files/home/.claude/plugins/cache/claude-plugins-official/swift-lsp/1.0.0/README.md,/data/data/com.termux/files/home/pixelation/docs/markdown_archive/README_v653.md,31060c0c823fb31590382d2acf9ece03b3e14cefdce585c3e864a4cf3b21f3bc
/data/data/com.termux/files/home/.claude/plugins/cache/claude-plugins-official/Notion/0.1.0/README.md,/data/data/com.termux/files/home/pixelation/docs/markdown_archive/README_v661.md,ab688ce416a68b6026c4092dd79684cb1dfb2b79c778fc292e3342fce7cd5729
/data/data/com.termux/files/home/.claude/plugins/cache/claude-plugins-official/Notion/0.1.0/commands/notion-create-database-row.md,/data/data/com.termux/files/home/pixelation/docs/markdown_archive/notion-create-database-row.md,5009033ec8956e132358e0eaedf80a431b2eee356cbf81da5c29c1598600e461
/data/data/com.termux/files/home/.claude/plugins/cache/claude-plugins-official/Notion/0.1.0/commands/notion-create-page.md,/data/data/com.termux/files/home/pixelation/docs/markdown_archive/notion-create-page.md,295abe3c06e5c362d0873339360e361c8e66912ad6971a4abf86ee041cd7af31
/data/data/com.termux/files/home/.claude/plugins/cache/claude-plugins-official/Notion/0.1.0/commands/notion-create-task.md,/data/data/com.termux/files/home/pixelation/docs/markdown_archive/notion-create-task.md,874448cf12203c8cf192f3a8d2187f96994d966493d05afe8504e21a2f207cff
/data/data/com.termux/files/home/.claude/plugins/cache/claude-plugins-official/Notion/0.1.0/commands/notion-database-query.md,/data/data/com.termux/files/home/pixelation/docs/markdown_archive/notion-database-query.md,15f59b1f593f66fda6e55a562a5fb9907d9ad4647ab6d4b3aa04faee08647dea
/data/data/com.termux/files/home/.claude/plugins/cache/claude-plugins-official/Notion/0.1.0/commands/notion-find.md,/data/data/com.termux/files/home/pixelation/docs/markdown_archive/notion-find.md,e0ab9c01a9aa0acb0b177c3d9e3129d08f84473935f23f746a683a762982d1f2
/data/data/com.termux/files/home/.claude/plugins/cache/claude-plugins-official/Notion/0.1.0/commands/notion-search.md,/data/data/com.termux/files/home/pixelation/docs/markdown_archive/notion-search.md,08f889b93988f023faf9eb68460ce0f7ddb59d3025b6c226a81a3655ed21d19a
/data/data/com.termux/files/home/.claude/plugins/cache/claude-plugins-official/Notion/0.1.0/skills/notion/knowledge-capture/SKILL.md,/data/data/com.termux/files/home/pixelation/docs/markdown_archive/SKILL_v23.md,42e8c7634c25c59155ec04c5451da7ca34c5711084c53625fdf37b4af9bf0d19
/data/data/com.termux/files/home/.claude/plugins/cache/claude-plugins-official/Notion/0.1.0/skills/notion/knowledge-capture/evaluations/README.md,/data/data/com.termux/files/home/pixelation/docs/markdown_archive/README_v662.md,2b57fd18d496fa8877972e1d09a6d57a65cd91d53519ebb2e9af90527124896f
/data/data/com.termux/files/home/.claude/plugins/cache/claude-plugins-official/Notion/0.1.0/skills/notion/knowledge-capture/examples/conversation-to-faq.md,/data/data/com.termux/files/home/pixelation/docs/markdown_archive/conversation-to-faq.md,84e651a2e9d8d3664991982c728a07aaab99416afa07e0300d9a9987b07baa47
/data/data/com.termux/files/home/.claude/plugins/cache/claude-plugins-official/Notion/0.1.0/skills/notion/knowledge-capture/examples/decision-capture.md,/data/data/com.termux/files/home/pixelation/docs/markdown_archive/decision-capture.md,5071ecb227d49da79161fe0f73ebb6b93644e82b998e88baf85ecf35658a42e9
/data/data/com.termux/files/home/.claude/plugins/cache/claude-plugins-official/Notion/0.1.0/skills/notion/knowledge-capture/examples/how-to-guide.md,/data/data/com.termux/files/home/pixelation/docs/markdown_archive/how-to-guide.md,f99aa34a1f901b6d2934e7518bc6391b46eb3b87a3768cb6f575f4de1bfdc4e4
/data/data/com.termux/files/home/.claude/plugins/cache/claude-plugins-official/Notion/0.1.0/skills/notion/knowledge-capture/reference/database-best-practices.md,/data/data/com.termux/files/home/pixelation/docs/markdown_archive/database-best-practices.md,c770d3fcc998138643d4835a528e030a952799f84eb8848674fe832775eb524c
/data/data/com.termux/files/home/.claude/plugins/cache/claude-plugins-official/Notion/0.1.0/skills/notion/knowledge-capture/reference/decision-log-database.md,/data/data/com.termux/files/home/pixelation/docs/markdown_archive/decision-log-database.md,c9f49dd1b87f25979f9b7eb940d96f21bc92ea47535bd5ca267925f8365bc2dd
/data/data/com.termux/files/home/.claude/plugins/cache/claude-plugins-official/Notion/0.1.0/skills/notion/knowledge-capture/reference/documentation-database.md,/data/data/com.termux/files/home/pixelation/docs/markdown_archive/documentation-database.md,c45a6c7a5ac86042fd27b37f6e833d3429aa046c76f7abf098512100bb555bae
/data/data/com.termux/files/home/.claude/plugins/cache/claude-plugins-official/Notion/0.1.0/skills/notion/knowledge-capture/reference/faq-database.md,/data/data/com.termux/files/home/pixelation/docs/markdown_archive/faq-database.md,2d15fcfb382a6fd266347d210d4127abd85779920b3be0ed86ba3022852a9d99
/data/data/com.termux/files/home/.claude/plugins/cache/claude-plugins-official/Notion/0.1.0/skills/notion/knowledge-capture/reference/how-to-guide-database.md,/data/data/com.termux/files/home/pixelation/docs/markdown_archive/how-to-guide-database.md,5a836600dc6cd52d1f656e806ad3d023f4b065d755a0e6d361fab10129423170
/data/data/com.termux/files/home/.claude/plugins/cache/claude-plugins-official/Notion/0.1.0/skills/notion/knowledge-capture/reference/learning-database.md,/data/data/com.termux/files/home/pixelation/docs/markdown_archive/learning-database.md,dab940fa3bea3de950a7eb9c39a222301587ed251dd8a911b368641fd9649b06
/data/data/com.termux/files/home/.claude/plugins/cache/claude-plugins-official/Notion/0.1.0/skills/notion/knowledge-capture/reference/team-wiki-database.md,/data/data/com.termux/files/home/pixelation/docs/markdown_archive/team-wiki-database.md,290df0abcae57199263d1c1d10819ad4fcf0fb1de9af434acd8ebb0fc6615bd2
/data/data/com.termux/files/home/.claude/plugins/cache/claude-plugins-official/Notion/0.1.0/skills/notion/meeting-intelligence/SKILL.md,/data/data/com.termux/files/home/pixelation/docs/markdown_archive/SKILL_v24.md,8abefc02d5e25ceab841d7bbad5b14da3e4e05ba468cbd0f457a1466e4fd27fd
/data/data/com.termux/files/home/.claude/plugins/cache/claude-plugins-official/Notion/0.1.0/skills/notion/meeting-intelligence/evaluations/README.md,/data/data/com.termux/files/home/pixelation/docs/markdown_archive/README_v663.md,a1e6b4d836b5901097d1a5a4bb7d7d3e6a33e3f11648eb817a9b9412840c201f
/data/data/com.termux/files/home/.claude/plugins/cache/claude-plugins-official/Notion/0.1.0/skills/notion/meeting-intelligence/examples/customer-meeting.md,/data/data/com.termux/files/home/pixelation/docs/markdown_archive/customer-meeting.md,1345fa36112f3ba1c486b3098a2838155629087fed3e304c8121bb96fc29840b
/data/data/com.termux/files/home/.claude/plugins/cache/claude-plugins-official/Notion/0.1.0/skills/notion/meeting-intelligence/examples/executive-review.md,/data/data/com.termux/files/home/pixelation/docs/markdown_archive/executive-review.md,2b712d8cee09d0d04774604418db30c13491e52d0630cda42eeaa3787b677d15
/data/data/com.termux/files/home/.claude/plugins/cache/claude-plugins-official/Notion/0.1.0/skills/notion/meeting-intelligence/examples/project-decision.md,/data/data/com.termux/files/home/pixelation/docs/markdown_archive/project-decision.md,0cafd9495114cce7db53fc69513564305818ed28a00f7ea77b347219c3b76634
/data/data/com.termux/files/home/.claude/plugins/cache/claude-plugins-official/Notion/0.1.0/skills/notion/meeting-intelligence/examples/sprint-planning.md,/data/data/com.termux/files/home/pixelation/docs/markdown_archive/sprint-planning.md,dd685f0b5ab1f84ff997e3912e2464631974b67dbc35bb31297f1873068db00f
/data/data/com.termux/files/home/.claude/plugins/cache/claude-plugins-official/Notion/0.1.0/skills/notion/meeting-intelligence/reference/brainstorming-template.md,/data/data/com.termux/files/home/pixelation/docs/markdown_archive/brainstorming-template.md,685c89be4b278c4b897d3a7295d4eb8b29fb786a27e13f640712e8ea6a9e0639
/data/data/com.termux/files/home/.claude/plugins/cache/claude-plugins-official/Notion/0.1.0/skills/notion/meeting-intelligence/reference/decision-meeting-template.md,/data/data/com.termux/files/home/pixelation/docs/markdown_archive/decision-meeting-template.md,9f74a016a430c39263fdd1d4b7f1c808fb7b79f0f79a83ccc32b8bb1dea432bc
/data/data/com.termux/files/home/.claude/plugins/cache/claude-plugins-official/Notion/0.1.0/skills/notion/meeting-intelligence/reference/one-on-one-template.md,/data/data/com.termux/files/home/pixelation/docs/markdown_archive/one-on-one-template.md,986075597ff9674c04be326a90db8cc0ed1e6bdd3fc1e044ba96ca9794d6d4b4
/data/data/com.termux/files/home/.claude/plugins/cache/claude-plugins-official/Notion/0.1.0/skills/notion/meeting-intelligence/reference/retrospective-template.md,/data/data/com.termux/files/home/pixelation/docs/markdown_archive/retrospective-template.md,d0d8c6a55fd43ebef6f209ff1f1050d18af395c48bd8bf9b6aa633ac0b59d978
/data/data/com.termux/files/home/.claude/plugins/cache/claude-plugins-official/Notion/0.1.0/skills/notion/meeting-intelligence/reference/sprint-planning-template.md,/data/data/com.termux/files/home/pixelation/docs/markdown_archive/sprint-planning-template.md,07974127c2862787f96cbf92b4a7e50783bc447f1cf6ceb1fb857f67153e3964
/data/data/com.termux/files/home/.claude/plugins/cache/claude-plugins-official/Notion/0.1.0/skills/notion/meeting-intelligence/reference/status-update-template.md,/data/data/com.termux/files/home/pixelation/docs/markdown_archive/status-update-template.md,e38d17649e59aedd164b68fe99e21ae975429ddd54ac39843f418a56e689d3d2
/data/data/com.termux/files/home/.claude/plugins/cache/claude-plugins-official/Notion/0.1.0/skills/notion/meeting-intelligence/reference/template-selection-guide.md,/data/data/com.termux/files/home/pixelation/docs/markdown_archive/template-selection-guide.md,949d369594ea4d2c78fcbda94f2dad804caa07edb92a23369531df472dd40ad0
/data/data/com.termux/files/home/.claude/plugins/cache/claude-plugins-official/Notion/0.1.0/skills/notion/research-documentation/SKILL.md,/data/data/com.termux/files/home/pixelation/docs/markdown_archive/SKILL_v25.md,05175c669c1fabc5234eeae647219caadd84703d718af64fafd246e9e3c130a6
/data/data/com.termux/files/home/.claude/plugins/cache/claude-plugins-official/Notion/0.1.0/skills/notion/research-documentation/evaluations/README.md,/data/data/com.termux/files/home/pixelation/docs/markdown_archive/README_v664.md,1202f4ff028550008a3b7a6a0295c21414b0b6e338fe514837eaf2962ce21694
/data/data/com.termux/files/home/.claude/plugins/cache/claude-plugins-official/Notion/0.1.0/skills/notion/research-documentation/examples/competitor-analysis.md,/data/data/com.termux/files/home/pixelation/docs/markdown_archive/competitor-analysis.md,73b06953410282783daa9e160f761cbf36aa2ad19ae6fa0fb864f66da877c132
/data/data/com.termux/files/home/.claude/plugins/cache/claude-plugins-official/Notion/0.1.0/skills/notion/research-documentation/examples/market-research.md,/data/data/com.termux/files/home/pixelation/docs/markdown_archive/market-research.md,63996687d036fd7e3bd6b332761dab2d6f5537c05a3f2536136cf01e1dff7347
/data/data/com.termux/files/home/.claude/plugins/cache/claude-plugins-official/Notion/0.1.0/skills/notion/research-documentation/examples/technical-investigation.md,/data/data/com.termux/files/home/pixelation/docs/markdown_archive/technical-investigation.md,dab0de1d211b65f4bc870015f521673726fec346fb769dbae9cb780df06f0efc
/data/data/com.termux/files/home/.claude/plugins/cache/claude-plugins-official/Notion/0.1.0/skills/notion/research-documentation/examples/trip-planning.md,/data/data/com.termux/files/home/pixelation/docs/markdown_archive/trip-planning.md,132c61543a6b25d01589bc69d98742aa75620bcb0e47a4a73e59c48b91f794f2
/data/data/com.termux/files/home/.claude/plugins/cache/claude-plugins-official/Notion/0.1.0/skills/notion/research-documentation/reference/advanced-search.md,/data/data/com.termux/files/home/pixelation/docs/markdown_archive/advanced-search.md,1722e28a49da711d43ba93cc18bbba2c80758adfa6521e7287eb288eee30138e
/data/data/com.termux/files/home/.claude/plugins/cache/claude-plugins-official/Notion/0.1.0/skills/notion/research-documentation/reference/citations.md,/data/data/com.termux/files/home/pixelation/docs/markdown_archive/citations.md,c6df50c5d5db2f12fefb7b6e8ae040de9d27fde8e4797bc8ce8ad2f868701fb6
/data/data/com.termux/files/home/.claude/plugins/cache/claude-plugins-official/Notion/0.1.0/skills/notion/research-documentation/reference/comparison-format.md,/data/data/com.termux/files/home/pixelation/docs/markdown_archive/comparison-format.md,4e0eccd50a4fd18cd7e30b5d05d3c733477be69ead74f1cfec7a045e7009fb69
/data/data/com.termux/files/home/.claude/plugins/cache/claude-plugins-official/Notion/0.1.0/skills/notion/research-documentation/reference/comparison-template.md,/data/data/com.termux/files/home/pixelation/docs/markdown_archive/comparison-template.md,32fc24d13b555adc160db1b7fafbfd10185af9a6af6f37b1fab19d8dcf798aae
/data/data/com.termux/files/home/.claude/plugins/cache/claude-plugins-official/Notion/0.1.0/skills/notion/research-documentation/reference/comprehensive-report-format.md,/data/data/com.termux/files/home/pixelation/docs/markdown_archive/comprehensive-report-format.md,ab1ff091790e87b9cb7c6c9436fff680a0d33c076e16f8a986fe8f95b0f095fb
/data/data/com.termux/files/home/.claude/plugins/cache/claude-plugins-official/Notion/0.1.0/skills/notion/research-documentation/reference/comprehensive-report-template.md,/data/data/com.termux/files/home/pixelation/docs/markdown_archive/comprehensive-report-template.md,9f699332dc20737f3be7911f99901720037392bffdd18b3d5d9cc52d4ac8c0e5
/data/data/com.termux/files/home/.claude/plugins/cache/claude-plugins-official/Notion/0.1.0/skills/notion/research-documentation/reference/format-selection-guide.md,/data/data/com.termux/files/home/pixelation/docs/markdown_archive/format-selection-guide.md,1c94f00efdce37250daa3ca1e43b106668effebb23cfd5fdb6b321f792f7b1e7
/data/data/com.termux/files/home/.claude/plugins/cache/claude-plugins-official/Notion/0.1.0/skills/notion/research-documentation/reference/quick-brief-format.md,/data/data/com.termux/files/home/pixelation/docs/markdown_archive/quick-brief-format.md,f16fa16bb5caf9fc9286689e4e6c48798bc4439c4806f7c867e965f2dcc1bb38
/data/data/com.termux/files/home/.claude/plugins/cache/claude-plugins-official/Notion/0.1.0/skills/notion/research-documentation/reference/quick-brief-template.md,/data/data/com.termux/files/home/pixelation/docs/markdown_archive/quick-brief-template.md,d608219370794b9d3e2c0d525c790ead3356e3db36f4597e058795b2bf079dbd
/data/data/com.termux/files/home/.claude/plugins/cache/claude-plugins-official/Notion/0.1.0/skills/notion/research-documentation/reference/research-summary-format.md,/data/data/com.termux/files/home/pixelation/docs/markdown_archive/research-summary-format.md,c57fa37848439234d38f57386711d649faeae5b8951ea84329ed0b04e7f8a2ef
/data/data/com.termux/files/home/.claude/plugins/cache/claude-plugins-official/Notion/0.1.0/skills/notion/research-documentation/reference/research-summary-template.md,/data/data/com.termux/files/home/pixelation/docs/markdown_archive/research-summary-template.md,68bf8e8bb3910cab79af242f1f8758a5e7694aec5a557f60e6058062a6cffd6e
/data/data/com.termux/files/home/.claude/plugins/cache/claude-plugins-official/Notion/0.1.0/skills/notion/spec-to-implementation/SKILL.md,/data/data/com.termux/files/home/pixelation/docs/markdown_archive/SKILL_v26.md,76c035adf07dba1a05b471194071ae495518c118af1a7541a6faf81701b5d1cb
/data/data/com.termux/files/home/.claude/plugins/cache/claude-plugins-official/Notion/0.1.0/skills/notion/spec-to-implementation/evaluations/README.md,/data/data/com.termux/files/home/pixelation/docs/markdown_archive/README_v665.md,9bbd76ccc17476c265649a3ec1c89b6e17f56e5974743c39699ca5ac311513fb
/data/data/com.termux/files/home/.claude/plugins/cache/claude-plugins-official/Notion/0.1.0/skills/notion/spec-to-implementation/examples/api-feature.md,/data/data/com.termux/files/home/pixelation/docs/markdown_archive/api-feature.md,f4f8f4385dcdf4c97715597baa4f1c7d6243fc37cb06d92a10bd4520394bf4be
/data/data/com.termux/files/home/.claude/plugins/cache/claude-plugins-official/Notion/0.1.0/skills/notion/spec-to-implementation/examples/database-migration.md,/data/data/com.termux/files/home/pixelation/docs/markdown_archive/database-migration.md,b844c60a5d3715968cf5f0abda78eea1ddae9abc016a4da3009557707c18ddac
/data/data/com.termux/files/home/.claude/plugins/cache/claude-plugins-official/Notion/0.1.0/skills/notion/spec-to-implementation/examples/ui-component.md,/data/data/com.termux/files/home/pixelation/docs/markdown_archive/ui-component.md,41885663e7b9ed7a43de87cbe2bfd1e95ac7311007c89a5e777751e245a4ce97
/data/data/com.termux/files/home/.claude/plugins/cache/claude-plugins-official/Notion/0.1.0/skills/notion/spec-to-implementation/reference/milestone-summary-template.md,/data/data/com.termux/files/home/pixelation/docs/markdown_archive/milestone-summary-template.md,9b996c1ecf763e51353615166866215fef338fa7e62d9f090f47ace54920ebdc
/data/data/com.termux/files/home/.claude/plugins/cache/claude-plugins-official/Notion/0.1.0/skills/notion/spec-to-implementation/reference/progress-tracking.md,/data/data/com.termux/files/home/pixelation/docs/markdown_archive/progress-tracking.md,483a446eacbffef745736b5e2ddb562d980071251324a77f5e111f5bf6bc8a3e
/data/data/com.termux/files/home/.claude/plugins/cache/claude-plugins-official/Notion/0.1.0/skills/notion/spec-to-implementation/reference/progress-update-template.md,/data/data/com.termux/files/home/pixelation/docs/markdown_archive/progress-update-template.md,8f4de83c90e89646a87be184b1606471e695ee27960576f26639e03059d2c718
/data/data/com.termux/files/home/.claude/plugins/cache/claude-plugins-official/Notion/0.1.0/skills/notion/spec-to-implementation/reference/quick-implementation-plan.md,/data/data/com.termux/files/home/pixelation/docs/markdown_archive/quick-implementation-plan.md,976065135583ae60ae553313b71d3b1d0835fb256e9fed67c1ce1cc6fa365406
/data/data/com.termux/files/home/.claude/plugins/cache/claude-plugins-official/Notion/0.1.0/skills/notion/spec-to-implementation/reference/spec-parsing.md,/data/data/com.termux/files/home/pixelation/docs/markdown_archive/spec-parsing.md,f502b7e37374cb0e429826aa9b2c3b1778da230072a9429259aa85a46b96d768
/data/data/com.termux/files/home/.claude/plugins/cache/claude-plugins-official/Notion/0.1.0/skills/notion/spec-to-implementation/reference/standard-implementation-plan.md,/data/data/com.termux/files/home/pixelation/docs/markdown_archive/standard-implementation-plan.md,88642fa5b45d6d457d36c947831b3e33b52d8a55e6d44dab29adad297f952e6c
/data/data/com.termux/files/home/.claude/plugins/cache/claude-plugins-official/Notion/0.1.0/skills/notion/spec-to-implementation/reference/task-creation-template.md,/data/data/com.termux/files/home/pixelation/docs/markdown_archive/task-creation-template.md,d1c988d6467020213cfea33b8725bff06b8aab739f31cf06444b7f837f508264
/data/data/com.termux/files/home/.claude/plugins/cache/claude-plugins-official/Notion/0.1.0/skills/notion/spec-to-implementation/reference/task-creation.md,/data/data/com.termux/files/home/pixelation/docs/markdown_archive/task-creation.md,e191b76eedfd0335339df1bb9f7357ba9774cf7d7989ae370a904a510e32401b
/data/data/com.termux/files/home/.claude/plugins/cache/claude-plugins-official/explanatory-output-style/e30768372b41/README.md,/data/data/com.termux/files/home/pixelation/docs/markdown_archive/README_v636.md,543754079554d2c58b72322edebcf09775a5fe74eafe1f5102c496388ab4aa82
/data/data/com.termux/files/home/.claude/plugins/cache/claude-plugins-official/explanatory-output-style/27d2b86d72da/README.md,/data/data/com.termux/files/home/pixelation/docs/markdown_archive/README_v636.md,543754079554d2c58b72322edebcf09775a5fe74eafe1f5102c496388ab4aa82
/data/data/com.termux/files/home/.claude/plugins/cache/claude-plugins-official/ralph-wiggum/6d3752c000e2/README.md,/data/data/com.termux/files/home/pixelation/docs/markdown_archive/README_v666.md,c654dd0c552e22f778c811edcc3fce9e6e294cd84eed52d4f1a9bcfb5f622017
/data/data/com.termux/files/home/.claude/plugins/cache/claude-plugins-official/ralph-wiggum/6d3752c000e2/commands/cancel-ralph.md,/data/data/com.termux/files/home/pixelation/docs/markdown_archive/cancel-ralph_v2.md,bedd32bdc5c1ad43cc9bfca7d65a1ed47ac9ef524b2889c2543bed83d3c68d0c
/data/data/com.termux/files/home/.claude/plugins/cache/claude-plugins-official/ralph-wiggum/6d3752c000e2/commands/help.md,/data/data/com.termux/files/home/pixelation/docs/markdown_archive/help_v3.md,ffbe8965aa08e0d735265a0a1babf0bdf8fbb7ca1cfc0f1cd1c529f3cefc8aae
/data/data/com.termux/files/home/.claude/plugins/cache/claude-plugins-official/ralph-wiggum/6d3752c000e2/commands/ralph-loop.md,/data/data/com.termux/files/home/pixelation/docs/markdown_archive/ralph-loop_v2.md,92bb3fea6ffe855d1c7a366e60fee907a8bb876ec735463640a14a36fcdad46b
/data/data/com.termux/files/home/.claude/plugins/cache/claude-plugins-official/plugin-dev/e30768372b41/README.md,/data/data/com.termux/files/home/pixelation/docs/markdown_archive/README_v645.md,f0f59f25e0d836cbcb0bdca0b971f8384a6a0c2bd9acf88b42de844c488ccebd
/data/data/com.termux/files/home/.claude/plugins/cache/claude-plugins-official/plugin-dev/e30768372b41/agents/agent-creator.md,/data/data/com.termux/files/home/pixelation/docs/markdown_archive/agent-creator.md,85652447d8ebe3d84bd546b16ca863dfcd9e5bf30d45419df22a4a602940b979
/data/data/com.termux/files/home/.claude/plugins/cache/claude-plugins-official/plugin-dev/e30768372b41/agents/plugin-validator.md,/data/data/com.termux/files/home/pixelation/docs/markdown_archive/plugin-validator.md,e639a6faa931d60708dd2fbc936fab1fbf9c87308f93330a21277246c661b352
/data/data/com.termux/files/home/.claude/plugins/cache/claude-plugins-official/plugin-dev/e30768372b41/agents/skill-reviewer.md,/data/data/com.termux/files/home/pixelation/docs/markdown_archive/skill-reviewer.md,fd72869adb4a873bb5e078e8874a7a822c3d2d9c3d4be9f3e7aeb2553fb5b51f
/data/data/com.termux/files/home/.claude/plugins/cache/claude-plugins-official/plugin-dev/e30768372b41/commands/create-plugin.md,/data/data/com.termux/files/home/pixelation/docs/markdown_archive/create-plugin.md,b6c0c23196c05ef9b85f4dfdaed7295aee7d7e075cff78dcfaee6536f831e10a
/data/data/com.termux/files/home/.claude/plugins/cache/claude-plugins-official/plugin-dev/e30768372b41/skills/agent-development/SKILL.md,/data/data/com.termux/files/home/pixelation/docs/markdown_archive/SKILL_v5.md,ff3324078bbeef3e214157391795360e148892e9c6735f1fc049f397aa939c80
/data/data/com.termux/files/home/.claude/plugins/cache/claude-plugins-official/plugin-dev/e30768372b41/skills/agent-development/examples/agent-creation-prompt.md,/data/data/com.termux/files/home/pixelation/docs/markdown_archive/agent-creation-prompt.md,fddc24d6f7c67722e5c007087d19606cf116a89f3360519c2ae8f52989f40a4d
/data/data/com.termux/files/home/.claude/plugins/cache/claude-plugins-official/plugin-dev/e30768372b41/skills/agent-development/examples/complete-agent-examples.md,/data/data/com.termux/files/home/pixelation/docs/markdown_archive/complete-agent-examples.md,36fde2ac46665ba98804ec0fb6e94022795cba063e932d670c9463deedd30e72
/data/data/com.termux/files/home/.claude/plugins/cache/claude-plugins-official/plugin-dev/e30768372b41/skills/agent-development/references/agent-creation-system-prompt.md,/data/data/com.termux/files/home/pixelation/docs/markdown_archive/agent-creation-system-prompt.md,35ea11d43d8462f7a281f9becd99e69fe1cdd9d80b4024cef7092a03f0f73ca1
/data/data/com.termux/files/home/.claude/plugins/cache/claude-plugins-official/plugin-dev/e30768372b41/skills/agent-development/references/system-prompt-design.md,/data/data/com.termux/files/home/pixelation/docs/markdown_archive/system-prompt-design.md,eaac53eaaf8326ac04428987280fb5041920b7571477ad41742517c5aac683fc
/data/data/com.termux/files/home/.claude/plugins/cache/claude-plugins-official/plugin-dev/e30768372b41/skills/agent-development/references/triggering-examples.md,/data/data/com.termux/files/home/pixelation/docs/markdown_archive/triggering-examples.md,2a5ea013c97fc9f2c1ed55f96c6d5da2c2378695f7714bfb2c2e61bfbc9d228f
/data/data/com.termux/files/home/.claude/plugins/cache/claude-plugins-official/plugin-dev/e30768372b41/skills/command-development/README.md,/data/data/com.termux/files/home/pixelation/docs/markdown_archive/README_v646.md,dd4ba7eded93d7ba698f05ec63d06d110a6b5543664af359b005dd976ce811b8
/data/data/com.termux/files/home/.claude/plugins/cache/claude-plugins-official/plugin-dev/e30768372b41/skills/command-development/SKILL.md,/data/data/com.termux/files/home/pixelation/docs/markdown_archive/SKILL_v6.md,cf4372aa8f5e86ef0b587aa3703b4af9b22996e0dc7fd0ea6ffae49770136a2a
/data/data/com.termux/files/home/.claude/plugins/cache/claude-plugins-official/plugin-dev/e30768372b41/skills/command-development/examples/plugin-commands.md,/data/data/com.termux/files/home/pixelation/docs/markdown_archive/plugin-commands.md,7d71d7b516020a6c171171399b40dd2cad02b842c9faa78b90e0983906c9ee94
/data/data/com.termux/files/home/.claude/plugins/cache/claude-plugins-official/plugin-dev/e30768372b41/skills/command-development/examples/simple-commands.md,/data/data/com.termux/files/home/pixelation/docs/markdown_archive/simple-commands.md,f2533ed834305166603bcb4dd870d695af4a33b9a49d330937a4c70ed964767c
/data/data/com.termux/files/home/.claude/plugins/cache/claude-plugins-official/plugin-dev/e30768372b41/skills/command-development/references/advanced-workflows.md,/data/data/com.termux/files/home/pixelation/docs/markdown_archive/advanced-workflows.md,eb258095b5a411b68377c96730effe597884a14b619cb0c1a7ab1c801d80a7d9
/data/data/com.termux/files/home/.claude/plugins/cache/claude-plugins-official/plugin-dev/e30768372b41/skills/command-development/references/documentation-patterns.md,/data/data/com.termux/files/home/pixelation/docs/markdown_archive/documentation-patterns.md,70c6c9b0a9b2d46a925ada6c45808a73498a457e1d641c82cc05de8a29a33b05
/data/data/com.termux/files/home/.claude/plugins/cache/claude-plugins-official/plugin-dev/e30768372b41/skills/command-development/references/frontmatter-reference.md,/data/data/com.termux/files/home/pixelation/docs/markdown_archive/frontmatter-reference.md,db1ea175ca4b0bb7d11c75cb8a7d00b353ea7cf4df2027b4263e45ded4d39475
/data/data/com.termux/files/home/.claude/plugins/cache/claude-plugins-official/plugin-dev/e30768372b41/skills/command-development/references/interactive-commands.md,/data/data/com.termux/files/home/pixelation/docs/markdown_archive/interactive-commands.md,09ab1f18bfa3ff5f7088e45d5810ac20eb25ffc97fc9e8bb79416d40e0b4516b
/data/data/com.termux/files/home/.claude/plugins/cache/claude-plugins-official/plugin-dev/e30768372b41/skills/command-development/references/marketplace-considerations.md,/data/data/com.termux/files/home/pixelation/docs/markdown_archive/marketplace-considerations.md,ab30835431d06a8e65cd629ba0e73b3f1de5b043126c6fef7ea70163400e90f4
/data/data/com.termux/files/home/.claude/plugins/cache/claude-plugins-official/plugin-dev/e30768372b41/skills/command-development/references/plugin-features-reference.md,/data/data/com.termux/files/home/pixelation/docs/markdown_archive/plugin-features-reference.md,57e11ae6a4bbc1a4a295d1f036202970911d6029d64f4ab058b63a4c5a899072
/data/data/com.termux/files/home/.claude/plugins/cache/claude-plugins-official/plugin-dev/e30768372b41/skills/command-development/references/testing-strategies.md,/data/data/com.termux/files/home/pixelation/docs/markdown_archive/testing-strategies.md,e6ccf78d85c23bc58582dbc8b91731c4e412568705ed2c87ac699a1ded9adc67
/data/data/com.termux/files/home/.claude/plugins/cache/claude-plugins-official/plugin-dev/e30768372b41/skills/hook-development/SKILL.md,/data/data/com.termux/files/home/pixelation/docs/markdown_archive/SKILL_v7.md,d14528f389cae485ac50583a22be326485c83fc9c8ef7ce700213e1583cf8fbe
/data/data/com.termux/files/home/.claude/plugins/cache/claude-plugins-official/plugin-dev/e30768372b41/skills/hook-development/references/advanced.md,/data/data/com.termux/files/home/pixelation/docs/markdown_archive/advanced_v2.md,5b139ceeb6a3ef16555a6eef421e2642e6ca286b5527ee2b4e02c11ae5b75dd5
/data/data/com.termux/files/home/.claude/plugins/cache/claude-plugins-official/plugin-dev/e30768372b41/skills/hook-development/references/migration.md,/data/data/com.termux/files/home/pixelation/docs/markdown_archive/migration_v7.md,7f8e7a795829837f46a0c058c26c8f5c4aa8be5c9fb5316b828229d1802ded77
/data/data/com.termux/files/home/.claude/plugins/cache/claude-plugins-official/plugin-dev/e30768372b41/skills/hook-development/references/patterns.md,/data/data/com.termux/files/home/pixelation/docs/markdown_archive/patterns.md,cb607fca192bfa892fd198141b86dac9d0ca2c573a280b054b7beaa56fc9a8bf
/data/data/com.termux/files/home/.claude/plugins/cache/claude-plugins-official/plugin-dev/e30768372b41/skills/hook-development/scripts/README.md,/data/data/com.termux/files/home/pixelation/docs/markdown_archive/README_v647.md,08a28b12ffa9fcb16f257ea685c70a920f4f835978b9ffbbac055137c6f6aca0
/data/data/com.termux/files/home/.claude/plugins/cache/claude-plugins-official/plugin-dev/e30768372b41/skills/mcp-integration/SKILL.md,/data/data/com.termux/files/home/pixelation/docs/markdown_archive/SKILL_v8.md,1cbfb6b1cf98f48a7c6938e113869a229cd5a59037712072fe11f21a47c6df0e
/data/data/com.termux/files/home/.claude/plugins/cache/claude-plugins-official/plugin-dev/e30768372b41/skills/mcp-integration/references/authentication.md,/data/data/com.termux/files/home/pixelation/docs/markdown_archive/authentication.md,9f3ca61a857a15cc4c0dea9143365b0c49cae558690089dd61f6434186c702ce
/data/data/com.termux/files/home/.claude/plugins/cache/claude-plugins-official/plugin-dev/e30768372b41/skills/mcp-integration/references/server-types.md,/data/data/com.termux/files/home/pixelation/docs/markdown_archive/server-types.md,7b06c7ea92e255218897189c550a32cbad1daa173e78e40ec94524fc9a1fb36b
/data/data/com.termux/files/home/.claude/plugins/cache/claude-plugins-official/plugin-dev/e30768372b41/skills/mcp-integration/references/tool-usage.md,/data/data/com.termux/files/home/pixelation/docs/markdown_archive/tool-usage.md,8dd0005d7ba6cd2d24e72f9e6102c129b7445fc818e14656ad9ebaef6621a7a6
/data/data/com.termux/files/home/.claude/plugins/cache/claude-plugins-official/plugin-dev/e30768372b41/skills/plugin-settings/SKILL.md,/data/data/com.termux/files/home/pixelation/docs/markdown_archive/SKILL_v9.md,868f07d0ea1e846111b5ebbef89930f8c82f5138d18b887d4a51d6ef48a69268
/data/data/com.termux/files/home/.claude/plugins/cache/claude-plugins-official/plugin-dev/e30768372b41/skills/plugin-settings/examples/create-settings-command.md,/data/data/com.termux/files/home/pixelation/docs/markdown_archive/create-settings-command.md,abf0a36bb3f6425041046f2da1ebfac5505c5b37656fdd4772cfc4d8bd2fa655
/data/data/com.termux/files/home/.claude/plugins/cache/claude-plugins-official/plugin-dev/e30768372b41/skills/plugin-settings/examples/example-settings.md,/data/data/com.termux/files/home/pixelation/docs/markdown_archive/example-settings.md,f07209b6e2fb62d443ae07d01bc1674c6c741c352a04549bfa978e1f34b9769e
/data/data/com.termux/files/home/.claude/plugins/cache/claude-plugins-official/plugin-dev/e30768372b41/skills/plugin-settings/references/parsing-techniques.md,/data/data/com.termux/files/home/pixelation/docs/markdown_archive/parsing-techniques.md,bc90aa020aa5fcbb3483d7316754450dcc91d086ee96f9304fa655e878f7712e
/data/data/com.termux/files/home/.claude/plugins/cache/claude-plugins-official/plugin-dev/e30768372b41/skills/plugin-settings/references/real-world-examples.md,/data/data/com.termux/files/home/pixelation/docs/markdown_archive/real-world-examples.md,35c8805ac43fccd9efeef932bc49afc424f8fd150b553197652996abf2d1327e
/data/data/com.termux/files/home/.claude/plugins/cache/claude-plugins-official/plugin-dev/e30768372b41/skills/plugin-structure/README.md,/data/data/com.termux/files/home/pixelation/docs/markdown_archive/README_v648.md,c7cb4931d6d71198cba6b552e4733b41940be56a65552a2ff7c5656750b95184
/data/data/com.termux/files/home/.claude/plugins/cache/claude-plugins-official/plugin-dev/e30768372b41/skills/plugin-structure/SKILL.md,/data/data/com.termux/files/home/pixelation/docs/markdown_archive/SKILL_v10.md,ee28fd41535313e9ffb2fd04393cc70e6e7e1d7ea143097a2c3b856e8be98132
/data/data/com.termux/files/home/.claude/plugins/cache/claude-plugins-official/plugin-dev/e30768372b41/skills/plugin-structure/examples/advanced-plugin.md,/data/data/com.termux/files/home/pixelation/docs/markdown_archive/advanced-plugin.md,3d24f5856048a94cb99fe2b8207d99f2f5d69325771b361d63ec73024290759c
/data/data/com.termux/files/home/.claude/plugins/cache/claude-plugins-official/plugin-dev/e30768372b41/skills/plugin-structure/examples/minimal-plugin.md,/data/data/com.termux/files/home/pixelation/docs/markdown_archive/minimal-plugin.md,c4f14fe56b153be3c532b7947bb10b453fc92e280dca5a7da752d2b1b5d17448
/data/data/com.termux/files/home/.claude/plugins/cache/claude-plugins-official/plugin-dev/e30768372b41/skills/plugin-structure/examples/standard-plugin.md,/data/data/com.termux/files/home/pixelation/docs/markdown_archive/standard-plugin.md,b8cfba84bd4dbdc83365cebcde5dcc6391252372300df0c1ea7890441582d784
/data/data/com.termux/files/home/.claude/plugins/cache/claude-plugins-official/plugin-dev/e30768372b41/skills/plugin-structure/references/component-patterns.md,/data/data/com.termux/files/home/pixelation/docs/markdown_archive/component-patterns.md,38681792a6aba4f06d3c391b20b04060263f1fbaacc5880cc0cafe0543d37f91
/data/data/com.termux/files/home/.claude/plugins/cache/claude-plugins-official/plugin-dev/e30768372b41/skills/plugin-structure/references/manifest-reference.md,/data/data/com.termux/files/home/pixelation/docs/markdown_archive/manifest-reference.md,d0ff8ffece4754df92c543266b8d0b689fb85473f51fbb57e215f2d235ee9782
/data/data/com.termux/files/home/.claude/plugins/cache/claude-plugins-official/plugin-dev/e30768372b41/skills/skill-development/SKILL.md,/data/data/com.termux/files/home/pixelation/docs/markdown_archive/SKILL_v11.md,ce27d66a6d0ab5250f5a37d3711cdee2fc768df0b2d23731b1aa9f39dcb66c15
/data/data/com.termux/files/home/.claude/plugins/cache/claude-plugins-official/plugin-dev/e30768372b41/skills/skill-development/references/skill-creator-original.md,/data/data/com.termux/files/home/pixelation/docs/markdown_archive/skill-creator-original.md,8c0ce23bb87be91f5b0853c2e9815617c3858b63acdddfe5da47d2c2d3a60816
/data/data/com.termux/files/home/.claude/plugins/cache/claude-plugins-official/plugin-dev/27d2b86d72da/README.md,/data/data/com.termux/files/home/pixelation/docs/markdown_archive/README_v645.md,f0f59f25e0d836cbcb0bdca0b971f8384a6a0c2bd9acf88b42de844c488ccebd
/data/data/com.termux/files/home/.claude/plugins/cache/claude-plugins-official/plugin-dev/27d2b86d72da/agents/agent-creator.md,/data/data/com.termux/files/home/pixelation/docs/markdown_archive/agent-creator.md,85652447d8ebe3d84bd546b16ca863dfcd9e5bf30d45419df22a4a602940b979
/data/data/com.termux/files/home/.claude/plugins/cache/claude-plugins-official/plugin-dev/27d2b86d72da/agents/plugin-validator.md,/data/data/com.termux/files/home/pixelation/docs/markdown_archive/plugin-validator.md,e639a6faa931d60708dd2fbc936fab1fbf9c87308f93330a21277246c661b352
/data/data/com.termux/files/home/.claude/plugins/cache/claude-plugins-official/plugin-dev/27d2b86d72da/agents/skill-reviewer.md,/data/data/com.termux/files/home/pixelation/docs/markdown_archive/skill-reviewer.md,fd72869adb4a873bb5e078e8874a7a822c3d2d9c3d4be9f3e7aeb2553fb5b51f
/data/data/com.termux/files/home/.claude/plugins/cache/claude-plugins-official/plugin-dev/27d2b86d72da/commands/create-plugin.md,/data/data/com.termux/files/home/pixelation/docs/markdown_archive/create-plugin.md,b6c0c23196c05ef9b85f4dfdaed7295aee7d7e075cff78dcfaee6536f831e10a
/data/data/com.termux/files/home/.claude/plugins/cache/claude-plugins-official/plugin-dev/27d2b86d72da/skills/agent-development/SKILL.md,/data/data/com.termux/files/home/pixelation/docs/markdown_archive/SKILL_v5.md,ff3324078bbeef3e214157391795360e148892e9c6735f1fc049f397aa939c80
/data/data/com.termux/files/home/.claude/plugins/cache/claude-plugins-official/plugin-dev/27d2b86d72da/skills/agent-development/examples/agent-creation-prompt.md,/data/data/com.termux/files/home/pixelation/docs/markdown_archive/agent-creation-prompt.md,fddc24d6f7c67722e5c007087d19606cf116a89f3360519c2ae8f52989f40a4d
/data/data/com.termux/files/home/.claude/plugins/cache/claude-plugins-official/plugin-dev/27d2b86d72da/skills/agent-development/examples/complete-agent-examples.md,/data/data/com.termux/files/home/pixelation/docs/markdown_archive/complete-agent-examples.md,36fde2ac46665ba98804ec0fb6e94022795cba063e932d670c9463deedd30e72
/data/data/com.termux/files/home/.claude/plugins/cache/claude-plugins-official/plugin-dev/27d2b86d72da/skills/agent-development/references/agent-creation-system-prompt.md,/data/data/com.termux/files/home/pixelation/docs/markdown_archive/agent-creation-system-prompt.md,35ea11d43d8462f7a281f9becd99e69fe1cdd9d80b4024cef7092a03f0f73ca1
/data/data/com.termux/files/home/.claude/plugins/cache/claude-plugins-official/plugin-dev/27d2b86d72da/skills/agent-development/references/system-prompt-design.md,/data/data/com.termux/files/home/pixelation/docs/markdown_archive/system-prompt-design.md,eaac53eaaf8326ac04428987280fb5041920b7571477ad41742517c5aac683fc
/data/data/com.termux/files/home/.claude/plugins/cache/claude-plugins-official/plugin-dev/27d2b86d72da/skills/agent-development/references/triggering-examples.md,/data/data/com.termux/files/home/pixelation/docs/markdown_archive/triggering-examples.md,2a5ea013c97fc9f2c1ed55f96c6d5da2c2378695f7714bfb2c2e61bfbc9d228f
/data/data/com.termux/files/home/.claude/plugins/cache/claude-plugins-official/plugin-dev/27d2b86d72da/skills/command-development/README.md,/data/data/com.termux/files/home/pixelation/docs/markdown_archive/README_v646.md,dd4ba7eded93d7ba698f05ec63d06d110a6b5543664af359b005dd976ce811b8
/data/data/com.termux/files/home/.claude/plugins/cache/claude-plugins-official/plugin-dev/27d2b86d72da/skills/command-development/SKILL.md,/data/data/com.termux/files/home/pixelation/docs/markdown_archive/SKILL_v6.md,cf4372aa8f5e86ef0b587aa3703b4af9b22996e0dc7fd0ea6ffae49770136a2a
/data/data/com.termux/files/home/.claude/plugins/cache/claude-plugins-official/plugin-dev/27d2b86d72da/skills/command-development/examples/plugin-commands.md,/data/data/com.termux/files/home/pixelation/docs/markdown_archive/plugin-commands.md,7d71d7b516020a6c171171399b40dd2cad02b842c9faa78b90e0983906c9ee94
/data/data/com.termux/files/home/.claude/plugins/cache/claude-plugins-official/plugin-dev/27d2b86d72da/skills/command-development/examples/simple-commands.md,/data/data/com.termux/files/home/pixelation/docs/markdown_archive/simple-commands.md,f2533ed834305166603bcb4dd870d695af4a33b9a49d330937a4c70ed964767c
/data/data/com.termux/files/home/.claude/plugins/cache/claude-plugins-official/plugin-dev/27d2b86d72da/skills/command-development/references/advanced-workflows.md,/data/data/com.termux/files/home/pixelation/docs/markdown_archive/advanced-workflows.md,eb258095b5a411b68377c96730effe597884a14b619cb0c1a7ab1c801d80a7d9
/data/data/com.termux/files/home/.claude/plugins/cache/claude-plugins-official/plugin-dev/27d2b86d72da/skills/command-development/references/documentation-patterns.md,/data/data/com.termux/files/home/pixelation/docs/markdown_archive/documentation-patterns.md,70c6c9b0a9b2d46a925ada6c45808a73498a457e1d641c82cc05de8a29a33b05
/data/data/com.termux/files/home/.claude/plugins/cache/claude-plugins-official/plugin-dev/27d2b86d72da/skills/command-development/references/frontmatter-reference.md,/data/data/com.termux/files/home/pixelation/docs/markdown_archive/frontmatter-reference.md,db1ea175ca4b0bb7d11c75cb8a7d00b353ea7cf4df2027b4263e45ded4d39475
/data/data/com.termux/files/home/.claude/plugins/cache/claude-plugins-official/plugin-dev/27d2b86d72da/skills/command-development/references/interactive-commands.md,/data/data/com.termux/files/home/pixelation/docs/markdown_archive/interactive-commands.md,09ab1f18bfa3ff5f7088e45d5810ac20eb25ffc97fc9e8bb79416d40e0b4516b
/data/data/com.termux/files/home/.claude/plugins/cache/claude-plugins-official/plugin-dev/27d2b86d72da/skills/command-development/references/marketplace-considerations.md,/data/data/com.termux/files/home/pixelation/docs/markdown_archive/marketplace-considerations.md,ab30835431d06a8e65cd629ba0e73b3f1de5b043126c6fef7ea70163400e90f4
/data/data/com.termux/files/home/.claude/plugins/cache/claude-plugins-official/plugin-dev/27d2b86d72da/skills/command-development/references/plugin-features-reference.md,/data/data/com.termux/files/home/pixelation/docs/markdown_archive/plugin-features-reference.md,57e11ae6a4bbc1a4a295d1f036202970911d6029d64f4ab058b63a4c5a899072
/data/data/com.termux/files/home/.claude/plugins/cache/claude-plugins-official/plugin-dev/27d2b86d72da/skills/command-development/references/testing-strategies.md,/data/data/com.termux/files/home/pixelation/docs/markdown_archive/testing-strategies.md,e6ccf78d85c23bc58582dbc8b91731c4e412568705ed2c87ac699a1ded9adc67
/data/data/com.termux/files/home/.claude/plugins/cache/claude-plugins-official/plugin-dev/27d2b86d72da/skills/hook-development/SKILL.md,/data/data/com.termux/files/home/pixelation/docs/markdown_archive/SKILL_v7.md,d14528f389cae485ac50583a22be326485c83fc9c8ef7ce700213e1583cf8fbe
/data/data/com.termux/files/home/.claude/plugins/cache/claude-plugins-official/plugin-dev/27d2b86d72da/skills/hook-development/references/advanced.md,/data/data/com.termux/files/home/pixelation/docs/markdown_archive/advanced_v2.md,5b139ceeb6a3ef16555a6eef421e2642e6ca286b5527ee2b4e02c11ae5b75dd5
/data/data/com.termux/files/home/.claude/plugins/cache/claude-plugins-official/plugin-dev/27d2b86d72da/skills/hook-development/references/migration.md,/data/data/com.termux/files/home/pixelation/docs/markdown_archive/migration_v7.md,7f8e7a795829837f46a0c058c26c8f5c4aa8be5c9fb5316b828229d1802ded77
/data/data/com.termux/files/home/.claude/plugins/cache/claude-plugins-official/plugin-dev/27d2b86d72da/skills/hook-development/references/patterns.md,/data/data/com.termux/files/home/pixelation/docs/markdown_archive/patterns.md,cb607fca192bfa892fd198141b86dac9d0ca2c573a280b054b7beaa56fc9a8bf
/data/data/com.termux/files/home/.claude/plugins/cache/claude-plugins-official/plugin-dev/27d2b86d72da/skills/hook-development/scripts/README.md,/data/data/com.termux/files/home/pixelation/docs/markdown_archive/README_v647.md,08a28b12ffa9fcb16f257ea685c70a920f4f835978b9ffbbac055137c6f6aca0
/data/data/com.termux/files/home/.claude/plugins/cache/claude-plugins-official/plugin-dev/27d2b86d72da/skills/mcp-integration/SKILL.md,/data/data/com.termux/files/home/pixelation/docs/markdown_archive/SKILL_v8.md,1cbfb6b1cf98f48a7c6938e113869a229cd5a59037712072fe11f21a47c6df0e
/data/data/com.termux/files/home/.claude/plugins/cache/claude-plugins-official/plugin-dev/27d2b86d72da/skills/mcp-integration/references/authentication.md,/data/data/com.termux/files/home/pixelation/docs/markdown_archive/authentication.md,9f3ca61a857a15cc4c0dea9143365b0c49cae558690089dd61f6434186c702ce
/data/data/com.termux/files/home/.claude/plugins/cache/claude-plugins-official/plugin-dev/27d2b86d72da/skills/mcp-integration/references/server-types.md,/data/data/com.termux/files/home/pixelation/docs/markdown_archive/server-types.md,7b06c7ea92e255218897189c550a32cbad1daa173e78e40ec94524fc9a1fb36b
/data/data/com.termux/files/home/.claude/plugins/cache/claude-plugins-official/plugin-dev/27d2b86d72da/skills/mcp-integration/references/tool-usage.md,/data/data/com.termux/files/home/pixelation/docs/markdown_archive/tool-usage.md,8dd0005d7ba6cd2d24e72f9e6102c129b7445fc818e14656ad9ebaef6621a7a6
/data/data/com.termux/files/home/.claude/plugins/cache/claude-plugins-official/plugin-dev/27d2b86d72da/skills/plugin-settings/SKILL.md,/data/data/com.termux/files/home/pixelation/docs/markdown_archive/SKILL_v9.md,868f07d0ea1e846111b5ebbef89930f8c82f5138d18b887d4a51d6ef48a69268
/data/data/com.termux/files/home/.claude/plugins/cache/claude-plugins-official/plugin-dev/27d2b86d72da/skills/plugin-settings/examples/create-settings-command.md,/data/data/com.termux/files/home/pixelation/docs/markdown_archive/create-settings-command.md,abf0a36bb3f6425041046f2da1ebfac5505c5b37656fdd4772cfc4d8bd2fa655
/data/data/com.termux/files/home/.claude/plugins/cache/claude-plugins-official/plugin-dev/27d2b86d72da/skills/plugin-settings/examples/example-settings.md,/data/data/com.termux/files/home/pixelation/docs/markdown_archive/example-settings.md,f07209b6e2fb62d443ae07d01bc1674c6c741c352a04549bfa978e1f34b9769e
/data/data/com.termux/files/home/.claude/plugins/cache/claude-plugins-official/plugin-dev/27d2b86d72da/skills/plugin-settings/references/parsing-techniques.md,/data/data/com.termux/files/home/pixelation/docs/markdown_archive/parsing-techniques.md,bc90aa020aa5fcbb3483d7316754450dcc91d086ee96f9304fa655e878f7712e
/data/data/com.termux/files/home/.claude/plugins/cache/claude-plugins-official/plugin-dev/27d2b86d72da/skills/plugin-settings/references/real-world-examples.md,/data/data/com.termux/files/home/pixelation/docs/markdown_archive/real-world-examples.md,35c8805ac43fccd9efeef932bc49afc424f8fd150b553197652996abf2d1327e
/data/data/com.termux/files/home/.claude/plugins/cache/claude-plugins-official/plugin-dev/27d2b86d72da/skills/plugin-structure/README.md,/data/data/com.termux/files/home/pixelation/docs/markdown_archive/README_v648.md,c7cb4931d6d71198cba6b552e4733b41940be56a65552a2ff7c5656750b95184
/data/data/com.termux/files/home/.claude/plugins/cache/claude-plugins-official/plugin-dev/27d2b86d72da/skills/plugin-structure/SKILL.md,/data/data/com.termux/files/home/pixelation/docs/markdown_archive/SKILL_v10.md,ee28fd41535313e9ffb2fd04393cc70e6e7e1d7ea143097a2c3b856e8be98132
/data/data/com.termux/files/home/.claude/plugins/cache/claude-plugins-official/plugin-dev/27d2b86d72da/skills/plugin-structure/examples/advanced-plugin.md,/data/data/com.termux/files/home/pixelation/docs/markdown_archive/advanced-plugin.md,3d24f5856048a94cb99fe2b8207d99f2f5d69325771b361d63ec73024290759c
/data/data/com.termux/files/home/.claude/plugins/cache/claude-plugins-official/plugin-dev/27d2b86d72da/skills/plugin-structure/examples/minimal-plugin.md,/data/data/com.termux/files/home/pixelation/docs/markdown_archive/minimal-plugin.md,c4f14fe56b153be3c532b7947bb10b453fc92e280dca5a7da752d2b1b5d17448
/data/data/com.termux/files/home/.claude/plugins/cache/claude-plugins-official/plugin-dev/27d2b86d72da/skills/plugin-structure/examples/standard-plugin.md,/data/data/com.termux/files/home/pixelation/docs/markdown_archive/standard-plugin.md,b8cfba84bd4dbdc83365cebcde5dcc6391252372300df0c1ea7890441582d784
/data/data/com.termux/files/home/.claude/plugins/cache/claude-plugins-official/plugin-dev/27d2b86d72da/skills/plugin-structure/references/component-patterns.md,/data/data/com.termux/files/home/pixelation/docs/markdown_archive/component-patterns.md,38681792a6aba4f06d3c391b20b04060263f1fbaacc5880cc0cafe0543d37f91
/data/data/com.termux/files/home/.claude/plugins/cache/claude-plugins-official/plugin-dev/27d2b86d72da/skills/plugin-structure/references/manifest-reference.md,/data/data/com.termux/files/home/pixelation/docs/markdown_archive/manifest-reference.md,d0ff8ffece4754df92c543266b8d0b689fb85473f51fbb57e215f2d235ee9782
/data/data/com.termux/files/home/.claude/plugins/cache/claude-plugins-official/plugin-dev/27d2b86d72da/skills/skill-development/SKILL.md,/data/data/com.termux/files/home/pixelation/docs/markdown_archive/SKILL_v11.md,ce27d66a6d0ab5250f5a37d3711cdee2fc768df0b2d23731b1aa9f39dcb66c15
/data/data/com.termux/files/home/.claude/plugins/cache/claude-plugins-official/plugin-dev/27d2b86d72da/skills/skill-development/references/skill-creator-original.md,/data/data/com.termux/files/home/pixelation/docs/markdown_archive/skill-creator-original.md,8c0ce23bb87be91f5b0853c2e9815617c3858b63acdddfe5da47d2c2d3a60816
/data/data/com.termux/files/home/.claude/plugins/cache/claude-plugins-official/hookify/e30768372b41/README.md,/data/data/com.termux/files/home/pixelation/docs/markdown_archive/README_v640.md,976542a7e018465e44855bed6f53fae12aea7ca59b6e1db40f8880b72b09e38c
/data/data/com.termux/files/home/.claude/plugins/cache/claude-plugins-official/hookify/e30768372b41/agents/conversation-analyzer.md,/data/data/com.termux/files/home/pixelation/docs/markdown_archive/conversation-analyzer.md,535ec8acb55b51bfac83a54f5f5c70746a52adb7a0b785e9be0e376c7e2eb12c
/data/data/com.termux/files/home/.claude/plugins/cache/claude-plugins-official/hookify/e30768372b41/commands/configure.md,/data/data/com.termux/files/home/pixelation/docs/markdown_archive/configure.md,1cb84c1055f6069f2b16ee5b8691f776640267d98b65c09fb81c7569b3197c5f
/data/data/com.termux/files/home/.claude/plugins/cache/claude-plugins-official/hookify/e30768372b41/commands/help.md,/data/data/com.termux/files/home/pixelation/docs/markdown_archive/help.md,39529a6e6473c45d08efbcf7053369a17e04cd3fda0bdf6f186eb20c94135d33
/data/data/com.termux/files/home/.claude/plugins/cache/claude-plugins-official/hookify/e30768372b41/commands/hookify.md,/data/data/com.termux/files/home/pixelation/docs/markdown_archive/hookify.md,7560e58edc6cbb899c0b171292f63654fd1a0bd77354e7f89e2457acd0241e30
/data/data/com.termux/files/home/.claude/plugins/cache/claude-plugins-official/hookify/e30768372b41/commands/list.md,/data/data/com.termux/files/home/pixelation/docs/markdown_archive/list.md,6128e44611d981e911c0e956d619b02924f46407a00bbb9deff2e4f3465b9368
/data/data/com.termux/files/home/.claude/plugins/cache/claude-plugins-official/hookify/e30768372b41/examples/console-log-warning.local.md,/data/data/com.termux/files/home/pixelation/docs/markdown_archive/console-log-warning.local.md,240788cba25f5a403f13682c703eb2bed5ef3245aa9e82faaca628288a08e53b
/data/data/com.termux/files/home/.claude/plugins/cache/claude-plugins-official/hookify/e30768372b41/examples/dangerous-rm.local.md,/data/data/com.termux/files/home/pixelation/docs/markdown_archive/dangerous-rm.local.md,fad5e3e0d5dc1f60901d2d4d948a609eeeb69d0e91f49fcb02d81e4e01489acf
/data/data/com.termux/files/home/.claude/plugins/cache/claude-plugins-official/hookify/e30768372b41/examples/require-tests-stop.local.md,/data/data/com.termux/files/home/pixelation/docs/markdown_archive/require-tests-stop.local.md,f5d950883a4c20f1660af1ef589805f73ffe409167eb6b8db9a60b6ad05f7cfb
/data/data/com.termux/files/home/.claude/plugins/cache/claude-plugins-official/hookify/e30768372b41/examples/sensitive-files-warning.local.md,/data/data/com.termux/files/home/pixelation/docs/markdown_archive/sensitive-files-warning.local.md,f81037232ae3d37bc71f74b49adb16b568fa0bfa1318638c2e019d089480749b
/data/data/com.termux/files/home/.claude/plugins/cache/claude-plugins-official/hookify/e30768372b41/skills/writing-rules/SKILL.md,/data/data/com.termux/files/home/pixelation/docs/markdown_archive/SKILL_v4.md,cf7a6a0b92092f44c6532bd9af7189748a9c3b4d044005418230b08cc99ac55c
/data/data/com.termux/files/home/.claude/plugins/cache/claude-plugins-official/hookify/27d2b86d72da/README.md,/data/data/com.termux/files/home/pixelation/docs/markdown_archive/README_v640.md,976542a7e018465e44855bed6f53fae12aea7ca59b6e1db40f8880b72b09e38c
/data/data/com.termux/files/home/.claude/plugins/cache/claude-plugins-official/hookify/27d2b86d72da/agents/conversation-analyzer.md,/data/data/com.termux/files/home/pixelation/docs/markdown_archive/conversation-analyzer.md,535ec8acb55b51bfac83a54f5f5c70746a52adb7a0b785e9be0e376c7e2eb12c
/data/data/com.termux/files/home/.claude/plugins/cache/claude-plugins-official/hookify/27d2b86d72da/commands/configure.md,/data/data/com.termux/files/home/pixelation/docs/markdown_archive/configure.md,1cb84c1055f6069f2b16ee5b8691f776640267d98b65c09fb81c7569b3197c5f
/data/data/com.termux/files/home/.claude/plugins/cache/claude-plugins-official/hookify/27d2b86d72da/commands/help.md,/data/data/com.termux/files/home/pixelation/docs/markdown_archive/help.md,39529a6e6473c45d08efbcf7053369a17e04cd3fda0bdf6f186eb20c94135d33
/data/data/com.termux/files/home/.claude/plugins/cache/claude-plugins-official/hookify/27d2b86d72da/commands/hookify.md,/data/data/com.termux/files/home/pixelation/docs/markdown_archive/hookify.md,7560e58edc6cbb899c0b171292f63654fd1a0bd77354e7f89e2457acd0241e30
/data/data/com.termux/files/home/.claude/plugins/cache/claude-plugins-official/hookify/27d2b86d72da/commands/list.md,/data/data/com.termux/files/home/pixelation/docs/markdown_archive/list.md,6128e44611d981e911c0e956d619b02924f46407a00bbb9deff2e4f3465b9368
/data/data/com.termux/files/home/.claude/plugins/cache/claude-plugins-official/hookify/27d2b86d72da/examples/console-log-warning.local.md,/data/data/com.termux/files/home/pixelation/docs/markdown_archive/console-log-warning.local.md,240788cba25f5a403f13682c703eb2bed5ef3245aa9e82faaca628288a08e53b
/data/data/com.termux/files/home/.claude/plugins/cache/claude-plugins-official/hookify/27d2b86d72da/examples/dangerous-rm.local.md,/data/data/com.termux/files/home/pixelation/docs/markdown_archive/dangerous-rm.local.md,fad5e3e0d5dc1f60901d2d4d948a609eeeb69d0e91f49fcb02d81e4e01489acf
/data/data/com.termux/files/home/.claude/plugins/cache/claude-plugins-official/hookify/27d2b86d72da/examples/require-tests-stop.local.md,/data/data/com.termux/files/home/pixelation/docs/markdown_archive/require-tests-stop.local.md,f5d950883a4c20f1660af1ef589805f73ffe409167eb6b8db9a60b6ad05f7cfb
/data/data/com.termux/files/home/.claude/plugins/cache/claude-plugins-official/hookify/27d2b86d72da/examples/sensitive-files-warning.local.md,/data/data/com.termux/files/home/pixelation/docs/markdown_archive/sensitive-files-warning.local.md,f81037232ae3d37bc71f74b49adb16b568fa0bfa1318638c2e019d089480749b
/data/data/com.termux/files/home/.claude/plugins/cache/claude-plugins-official/hookify/27d2b86d72da/skills/writing-rules/SKILL.md,/data/data/com.termux/files/home/pixelation/docs/markdown_archive/SKILL_v4.md,cf7a6a0b92092f44c6532bd9af7189748a9c3b4d044005418230b08cc99ac55c
/data/data/com.termux/files/home/.claude/plugins/cache/claude-plugins-official/learning-output-style/e30768372b41/README.md,/data/data/com.termux/files/home/pixelation/docs/markdown_archive/README_v642.md,3148b3552ce12e2e8fa73e00d914882ae60557b29ded502d22da633685e5bdbd
/data/data/com.termux/files/home/.claude/plugins/cache/claude-plugins-official/learning-output-style/27d2b86d72da/README.md,/data/data/com.termux/files/home/pixelation/docs/markdown_archive/README_v642.md,3148b3552ce12e2e8fa73e00d914882ae60557b29ded502d22da633685e5bdbd
/data/data/com.termux/files/home/.claude/plugins/cache/claude-plugins-official/sentry/1.0.0/MCP-SETUP.md,/data/data/com.termux/files/home/pixelation/docs/markdown_archive/MCP-SETUP.md,0830608063b71ea9859f34ff14cacee0747f9d4f7d15116fd6969ae3fb26d4c3
/data/data/com.termux/files/home/.claude/plugins/cache/claude-plugins-official/sentry/1.0.0/README.md,/data/data/com.termux/files/home/pixelation/docs/markdown_archive/README_v667.md,7e5b6089d9bc3406e725e627167c8f8e3b6ef6d92373b55dcb13c963383ffd5a
/data/data/com.termux/files/home/.claude/plugins/cache/claude-plugins-official/sentry/1.0.0/agents/issue-summarizer.md,/data/data/com.termux/files/home/pixelation/docs/markdown_archive/issue-summarizer.md,a08d80be61995becc863b800e5a670e8e3a6ecdb8171ad755b1b2fa1fc0c6fdc
/data/data/com.termux/files/home/.claude/plugins/cache/claude-plugins-official/sentry/1.0.0/commands/getIssues.md,/data/data/com.termux/files/home/pixelation/docs/markdown_archive/getIssues.md,47a8fc2f9890a4f184cf6c05e582152c774875c2a492fc00bbe6c87f5cb1706c
/data/data/com.termux/files/home/.claude/plugins/cache/claude-plugins-official/sentry/1.0.0/commands/seer.md,/data/data/com.termux/files/home/pixelation/docs/markdown_archive/seer.md,10c020dcac654a4f5240e6c2ce9a58c942b35bba69064b03361db1cc57b94b03
/data/data/com.termux/files/home/.claude/plugins/cache/claude-plugins-official/sentry/1.0.0/skills/sentry-code-review/SKILL.md,/data/data/com.termux/files/home/pixelation/docs/markdown_archive/SKILL_v27.md,f175e21355860a16ea3368a92e0d98e12c7fa81956769d5aab1a4ea34cbb6d96
/data/data/com.termux/files/home/.claude/plugins/cache/claude-plugins-official/sentry/1.0.0/skills/sentry-setup-ai-monitoring/SKILL.md,/data/data/com.termux/files/home/pixelation/docs/markdown_archive/SKILL_v28.md,ec370840af2be0b78f7447f3310d54d73d703a65e9018be5ca9251f3d5cc50df
/data/data/com.termux/files/home/.claude/plugins/cache/claude-plugins-official/sentry/1.0.0/skills/sentry-setup-logging/SKILL.md,/data/data/com.termux/files/home/pixelation/docs/markdown_archive/SKILL_v29.md,56d1d22344bf092d6e3b6cfbf402b40160bda261bacff1e5039b77a9e65d80af
/data/data/com.termux/files/home/.claude/plugins/cache/claude-plugins-official/sentry/1.0.0/skills/sentry-setup-metrics/SKILL.md,/data/data/com.termux/files/home/pixelation/docs/markdown_archive/SKILL_v30.md,c4b8ef17ad430e09e58cb7902cc87db01e235e9c42b0f0cc3415a6777122f353
/data/data/com.termux/files/home/.claude/plugins/cache/claude-plugins-official/sentry/1.0.0/skills/sentry-setup-tracing/SKILL.md,/data/data/com.termux/files/home/pixelation/docs/markdown_archive/SKILL_v31.md,adedb9daed2ba7c5f7a7ac6ef08267877895f27abd829456112755644b2a029f
/data/data/com.termux/files/home/.claude/plugins/cache/claude-plugins-official/greptile/e30768372b41/README.md,/data/data/com.termux/files/home/pixelation/docs/markdown_archive/README_v629.md,e71a501576382c707622643bf27aed9e2345ba84796886ee53ec4b9c45860a28
/data/data/com.termux/files/home/.claude/plugins/cache/claude-plugins-official/greptile/27d2b86d72da/README.md,/data/data/com.termux/files/home/pixelation/docs/markdown_archive/README_v629.md,e71a501576382c707622643bf27aed9e2345ba84796886ee53ec4b9c45860a28
/data/data/com.termux/files/home/.claude/plugins/cache/claude-plugins-official/vercel/1.0.0/README.md,/data/data/com.termux/files/home/pixelation/docs/markdown_archive/README_v668.md,78b23c1bf62413f4fd549a9196f97522b4036f936baa75f8cceaa315d3757670
/data/data/com.termux/files/home/.claude/plugins/cache/claude-plugins-official/vercel/1.0.0/commands/deploy.md,/data/data/com.termux/files/home/pixelation/docs/markdown_archive/deploy.md,ce5cc4fe6d3dbf6c22a538264cab58abff560a9e262de4b94fb30d7ddf31d082
/data/data/com.termux/files/home/.claude/plugins/cache/claude-plugins-official/vercel/1.0.0/commands/logs.md,/data/data/com.termux/files/home/pixelation/docs/markdown_archive/logs.md,9e72d11f338a1678341d3bff69b822b04e4ad286af2abe10830144a735de5d17
/data/data/com.termux/files/home/.claude/plugins/cache/claude-plugins-official/vercel/1.0.0/commands/setup.md,/data/data/com.termux/files/home/pixelation/docs/markdown_archive/setup.md,6869d3e138ff730a7f25f01fddc178fb621f17659a14e87d0a8fbc3a321ada02
/data/data/com.termux/files/home/.claude/plugins/cache/claude-plugins-official/vercel/1.0.0/skills/deploy/SKILL.md,/data/data/com.termux/files/home/pixelation/docs/markdown_archive/SKILL_v32.md,f8fd85d5917393fe8596312c90a5b9ac489d3a1a0339ccb39a7f7ad11b8b4b94
/data/data/com.termux/files/home/.claude/plugins/cache/claude-plugins-official/vercel/1.0.0/skills/logs/SKILL.md,/data/data/com.termux/files/home/pixelation/docs/markdown_archive/SKILL_v33.md,ebbca5de171c327585a133215536bfb5ad3b106fa0c833a753ace65d6959a585
/data/data/com.termux/files/home/.claude/plugins/cache/claude-plugins-official/vercel/1.0.0/skills/setup/SKILL.md,/data/data/com.termux/files/home/pixelation/docs/markdown_archive/SKILL_v34.md,0d0f88f282aea022433365da4c3193f167855ccafcd8cf83cc92db7654d50514
/data/data/com.termux/files/home/.claude/plugins/cache/claude-plugins-official/stripe/0.1.0/commands/explain-error.md,/data/data/com.termux/files/home/pixelation/docs/markdown_archive/explain-error.md,4d1e56c4de18cf164ff9e227e15bb529b2d9bfc07d4e96d90d5e465a17774d6f
/data/data/com.termux/files/home/.claude/plugins/cache/claude-plugins-official/stripe/0.1.0/commands/test-cards.md,/data/data/com.termux/files/home/pixelation/docs/markdown_archive/test-cards.md,4e2496258654baac2ab3837a3c5d273f7acb1c45e46a58293d11a1e3df23104b
/data/data/com.termux/files/home/.claude/plugins/cache/claude-plugins-official/stripe/0.1.0/skills/stripe-best-practices/SKILL.md,/data/data/com.termux/files/home/pixelation/docs/markdown_archive/SKILL.md,838eb4e00a22f817b8577be230600547441493bf8c7aa15b0ee7e04f71f875cf
/data/data/com.termux/files/home/.claude/plugins/cache/claude-plugins-official/clangd-lsp/1.0.0/README.md,/data/data/com.termux/files/home/pixelation/docs/markdown_archive/README_v631.md,a0fdedc4a195d8bf015c95ca69ef5fd64f9314eae7b4e688bbb5ea96e31102dc
/data/data/com.termux/files/home/.claude/plugins/cache/claude-plugins-official/csharp-lsp/1.0.0/README.md,/data/data/com.termux/files/home/pixelation/docs/markdown_archive/README_v634.md,aa15664aff0ecd3d5c0db1aa149c2286061990ba7df68dd7a8d0f98dafb12db3
/data/data/com.termux/files/home/.claude/plugins/cache/claude-plugins-official/gopls-lsp/1.0.0/README.md,/data/data/com.termux/files/home/pixelation/docs/markdown_archive/README_v639.md,9e8093ab01c7a7df3744d6062c6b4a33bbc705ecf51048b3552d0f9f68383793
/data/data/com.termux/files/home/.claude/plugins/cache/claude-plugins-official/jdtls-lsp/1.0.0/README.md,/data/data/com.termux/files/home/pixelation/docs/markdown_archive/README_v641.md,e04f0b3a41ac8eafc8801744ce5ef2d61eb505c3730e3b77dd6dcb6908f3b0b0
/data/data/com.termux/files/home/.claude/plugins/cache/claude-plugins-official/lua-lsp/1.0.0/README.md,/data/data/com.termux/files/home/pixelation/docs/markdown_archive/README_v643.md,ac2e0d0a04360bef98408337e2eb92128150641d540fd989fdb988898bb02f38
/data/data/com.termux/files/home/.claude/plugins/cache/claude-plugins-official/php-lsp/1.0.0/README.md,/data/data/com.termux/files/home/pixelation/docs/markdown_archive/README_v644.md,f2b566d0c1aab1075b7b8e8a8eaf8c0d785e5be9871eda5b58e1f8b5cd955321
/data/data/com.termux/files/home/.claude/plugins/cache/claude-plugins-official/pyright-lsp/1.0.0/README.md,/data/data/com.termux/files/home/pixelation/docs/markdown_archive/README_v650.md,06831f5f4397506f295857d4de98bd0ceeeb23b2546168c3c0029c5e03782cf0
/data/data/com.termux/files/home/.claude/plugins/cache/claude-plugins-official/rust-analyzer-lsp/1.0.0/README.md,/data/data/com.termux/files/home/pixelation/docs/markdown_archive/README_v652.md,7844d6009a6716f8c59f75b433e5a8708046e5b878193e186b4f8d714cf5e323
/data/data/com.termux/files/home/.claude/plugins/cache/claude-plugins-official/typescript-lsp/1.0.0/README.md,/data/data/com.termux/files/home/pixelation/docs/markdown_archive/README_v654.md,adeb3592417e4b8fa6d05a3cb199b41fb38b80f590167bfef2b8688d00644685
/data/data/com.termux/files/home/.claude/plugins/termux-setup/commands/check-env.md,/data/data/com.termux/files/home/pixelation/docs/markdown_archive/check-env.md,b30ddc084a543a46ba1ce822480fc17b637616d064f082a87b6d3a18646b5b50
/data/data/com.termux/files/home/.claude/plugins/termux-setup/README.md,/data/data/com.termux/files/home/pixelation/docs/markdown_archive/README_v669.md,89b08bce233b907dfe7640d9107576a3c3f99ebea756e686f6bcc84aeff5ad00
/data/data/com.termux/files/home/.claude/cache/changelog.md,/data/data/com.termux/files/home/pixelation/docs/markdown_archive/changelog_v4.md,2b9a3f6b97ff0424f57620e9810b86b817eb93dbcb6e8f67bd8c12da78487c30
/data/data/com.termux/files/home/pixelation/.eric/notes/philosophical-foundations.md,/data/data/com.termux/files/home/pixelation/docs/markdown_archive/philosophical-foundations.md,29b9e14a80419a4fbf442bf8e8b3df980c0eb1d1ba786376a06b39efd7f2ed72
/data/data/com.termux/files/home/pixelation/PIXEL_TODO.md,/data/data/com.termux/files/home/pixelation/docs/markdown_archive/PIXEL_TODO.md,017855e68f103260c44037cd712e0ddc1dd77527ad652f5188b92d0cd047d95e
/data/data/com.termux/files/home/pixelation/PIXEL_DOMOS_MASTER_PLAN.md,/data/data/com.termux/files/home/pixelation/docs/markdown_archive/PIXEL_DOMOS_MASTER_PLAN.md,92e84ae921763f194c7366254627f206852679a0d8522d1fba048071e30c70d4
/data/data/com.termux/files/home/pixelation/PIXEL_PROCEDURE.md,/data/data/com.termux/files/home/pixelation/docs/markdown_archive/PIXEL_PROCEDURE.md,64d27d2c8a6dee7a7d794b2a8639e3586a325d1dde18bfb49cc0aeb18d31e3ef
/data/data/com.termux/files/home/pixelation/RESTRUCTURE_LOG.md,/data/data/com.termux/files/home/pixelation/docs/markdown_archive/RESTRUCTURE_LOG.md,36df1e62e4b03f7a41be587d3d1937767eac6ed1c11e3fa0c40a5588d590dcf9
/data/data/com.termux/files/home/pixelation/docs/codex/markdown/📘 PRIME_07_Seventh_Pinnacle.md,/data/data/com.termux/files/home/pixelation/docs/markdown_archive/📘 PRIME_07_Seventh_Pinnacle.md,c753f635616da27a67ce5aa31326c1b476df2b0ca0ad792731886a09d8485d03
/data/data/com.termux/files/home/pixelation/docs/codex/markdown/PRIME_2026_DEVELOPMENT_PLAN.md,/data/data/com.termux/files/home/pixelation/docs/markdown_archive/PRIME_2026_DEVELOPMENT_PLAN.md,d63bcc13b16b25c614705a6cf73212539c9fef324dff83e2af49085ff0f4aac0
/data/data/com.termux/files/home/pixelation/docs/codex/markdown/PERSPECTIVE_GUARDIANS_RESEARCH_PRIMER.md,/data/data/com.termux/files/home/pixelation/docs/markdown_archive/PERSPECTIVE_GUARDIANS_RESEARCH_PRIMER.md,4868582b3e24b2c115b19f767e68fc7f3232c383f00d18dee3542a4fe0f81aaa
/data/data/com.termux/files/home/pixelation/docs/codex/markdown/PRIME_INTEGRATION_LAUNCH_READINESS.md,/data/data/com.termux/files/home/pixelation/docs/markdown_archive/PRIME_INTEGRATION_LAUNCH_READINESS.md,f487678a6dae46482605c4db77f52195a3e8eb18ab68b553d6fc5d6cb991c0cf
/data/data/com.termux/files/home/pixelation/README.md,/data/data/com.termux/files/home/pixelation/docs/markdown_archive/README_v670.md,b60f4158b3dcc59ba4cd01f4e4cb023122fd13631bc4d76f04fa407084ddb5ef
/data/data/com.termux/files/home/pixelation/claude.md,/data/data/com.termux/files/home/pixelation/docs/markdown_archive/claude_v2.md,22eb87b513d977efd794ea30be67843f9bd64cb66a60d144a2a11bca1c230620
/data/data/com.termux/files/home/pixelation/QUICK_START.md,/data/data/com.termux/files/home/pixelation/docs/markdown_archive/QUICK_START.md,90e934f1d358311447905302f60bb4992d370499df9f6ef9d654d25f034c311b
/data/data/com.termux/files/home/pixelation/COMPLETION_SUMMARY.md,/data/data/com.termux/files/home/pixelation/docs/markdown_archive/COMPLETION_SUMMARY.md,660fade3df21b236cc35aa16613aca0153e5841173ec57f5888414223616d098
/data/data/com.termux/files/home/pixelation/EXECUTE_NOW.md,/data/data/com.termux/files/home/pixelation/docs/markdown_archive/EXECUTE_NOW.md,a7249dbff45881bb2c501855e709d365e68c4f9a61d7dc512719103684264099
/data/data/com.termux/files/home/AI-Projects/ai-env/lib/python3.12/site-packages/pip/_vendor/idna/LICENSE.md,/data/data/com.termux/files/home/pixelation/docs/markdown_archive/LICENSE_v10.md,a59f0b0ef3635874109a4461ca44ff7a70d50696e814767bfaf721d4c9b0db0f
/data/data/com.termux/files/home/AI-Projects/ai-env/lib/python3.12/site-packages/pip-25.3.dist-info/licenses/src/pip/_vendor/idna/LICENSE.md,/data/data/com.termux/files/home/pixelation/docs/markdown_archive/LICENSE_v10.md,a59f0b0ef3635874109a4461ca44ff7a70d50696e814767bfaf721d4c9b0db0f
/data/data/com.termux/files/home/AI-Projects/ai-env/lib/python3.12/site-packages/numpy-2.4.0.dist-info/licenses/numpy/_core/src/npysort/x86-simd-sort/LICENSE.md,/data/data/com.termux/files/home/pixelation/docs/markdown_archive/LICENSE_v11.md,211e7d737d6179a08f791ebb0a99897ce7cd2457410c542876d125576edfe910
/data/data/com.termux/files/home/AI-Projects/ai-env/lib/python3.12/site-packages/numpy-2.4.0.dist-info/licenses/numpy/fft/pocketfft/LICENSE.md,/data/data/com.termux/files/home/pixelation/docs/markdown_archive/LICENSE_v12.md,a85ca13fdf90160b64a0698215868c13b74d835ad0a4e2ba44713b8c5058a056
/data/data/com.termux/files/home/AI-Projects/ai-env/lib/python3.12/site-packages/numpy-2.4.0.dist-info/licenses/numpy/random/LICENSE.md,/data/data/com.termux/files/home/pixelation/docs/markdown_archive/LICENSE_v13.md,103166b62b80443afb9eb3488e052ea06be0cff566b908f199e561fde49af19f
/data/data/com.termux/files/home/AI-Projects/ai-env/lib/python3.12/site-packages/numpy-2.4.0.dist-info/licenses/numpy/random/src/distributions/LICENSE.md,/data/data/com.termux/files/home/pixelation/docs/markdown_archive/LICENSE_v14.md,469778be8f33d54e1bcaab28c281cc472916d2d273f835e55bc487d30503face
/data/data/com.termux/files/home/AI-Projects/ai-env/lib/python3.12/site-packages/numpy-2.4.0.dist-info/licenses/numpy/random/src/mt19937/LICENSE.md,/data/data/com.termux/files/home/pixelation/docs/markdown_archive/LICENSE_v15.md,0e111337b25494a773106695f0e799f642b8567aaacca4f116a74a8177179156
/data/data/com.termux/files/home/AI-Projects/ai-env/lib/python3.12/site-packages/numpy-2.4.0.dist-info/licenses/numpy/random/src/pcg64/LICENSE.md,/data/data/com.termux/files/home/pixelation/docs/markdown_archive/LICENSE_v16.md,e7d4f4fb20358f314210a892ae17351e04993813646f697ec387385ca2a36918
/data/data/com.termux/files/home/AI-Projects/ai-env/lib/python3.12/site-packages/numpy-2.4.0.dist-info/licenses/numpy/random/src/philox/LICENSE.md,/data/data/com.termux/files/home/pixelation/docs/markdown_archive/LICENSE_v17.md,6f5828a57223d4cc7f8ea505a2623e7b978b242752c1515e355f46ba2cec1800
/data/data/com.termux/files/home/AI-Projects/ai-env/lib/python3.12/site-packages/numpy-2.4.0.dist-info/licenses/numpy/random/src/sfc64/LICENSE.md,/data/data/com.termux/files/home/pixelation/docs/markdown_archive/LICENSE_v18.md,9d4098846018319cd68e228ee6220361787f73bccbf00237a85e4fc9621b998f
/data/data/com.termux/files/home/AI-Projects/ai-env/lib/python3.12/site-packages/numpy-2.4.0.dist-info/licenses/numpy/random/src/splitmix64/LICENSE.md,/data/data/com.termux/files/home/pixelation/docs/markdown_archive/LICENSE_v19.md,268b0ca06759d31ea3ca68dd35f20e877916e927b1c2a835e4592a3c4354b1f9
/data/data/com.termux/files/home/AI-Projects/ai-env/lib/python3.12/site-packages/numpy/random/LICENSE.md,/data/data/com.termux/files/home/pixelation/docs/markdown_archive/LICENSE_v13.md,103166b62b80443afb9eb3488e052ea06be0cff566b908f199e561fde49af19f
/data/data/com.termux/files/home/AI-Projects/ai-env/lib/python3.12/site-packages/idna-3.11.dist-info/licenses/LICENSE.md,/data/data/com.termux/files/home/pixelation/docs/markdown_archive/LICENSE_v20.md,b7a336abf3b04e180ec065cdd16e705d079e1cc7a14f910aa6e9187f36b9cd87
/data/data/com.termux/files/home/AI-Projects/ai-env/lib/python3.12/site-packages/uvicorn-0.40.0.dist-info/licenses/LICENSE.md,/data/data/com.termux/files/home/pixelation/docs/markdown_archive/LICENSE_v21.md,efe1acf3e62fb99c288b0ec73e5a773b7268ef4320fe757ea994214e4b63c371
/data/data/com.termux/files/home/AI-Projects/ai-env/lib/python3.12/site-packages/httpcore-1.0.9.dist-info/licenses/LICENSE.md,/data/data/com.termux/files/home/pixelation/docs/markdown_archive/LICENSE_v22.md,fdcb59154c74cbaba16a11242f7740bea9f23d6feb5547917d8c5f94a80392a5
/data/data/com.termux/files/home/AI-Projects/ai-env/lib/python3.12/site-packages/starlette-0.50.0.dist-info/licenses/LICENSE.md,/data/data/com.termux/files/home/pixelation/docs/markdown_archive/LICENSE_v23.md,dcb95677a02240243187e964f941847d19b17821cf99e5afae684fab328c19bf
/data/data/com.termux/files/home/AI-Projects/ai-env/lib/python3.12/site-packages/httpx-0.28.1.dist-info/licenses/LICENSE.md,/data/data/com.termux/files/home/pixelation/docs/markdown_archive/LICENSE_v24.md,4ec59d544f12b5f539a3a716fd321ac58ccd8030b465221f2c880200cdf28d8d
/data/data/com.termux/files/home/AI-Projects/ai-env/lib/python3.12/site-packages/huggingface_hub/templates/datasetcard_template.md,/data/data/com.termux/files/home/pixelation/docs/markdown_archive/datasetcard_template.md,5be10ca91eb09dd6eb9d9a2b915bf9e944563c6e3d97b3004c6788d35e644efb
/data/data/com.termux/files/home/AI-Projects/ai-env/lib/python3.12/site-packages/huggingface_hub/templates/modelcard_template.md,/data/data/com.termux/files/home/pixelation/docs/markdown_archive/modelcard_template.md,e00a80ad2ddca9db5b8ade41a3e0e18dc9c3151fa9cdae6112b2cb4cf33862e7
/data/data/com.termux/files/home/AI-Projects/ai-env/lib/python3.12/site-packages/gradio_client/CHANGELOG.md,/data/data/com.termux/files/home/pixelation/docs/markdown_archive/CHANGELOG_v194.md,23e1d538b8145e2cca8577992ece2fe0a6861024b3fcceeffb01b42b9cb92f43
/data/data/com.termux/files/home/AI-Projects/ai-env/lib/python3.12/site-packages/gradio/CHANGELOG.md,/data/data/com.termux/files/home/pixelation/docs/markdown_archive/CHANGELOG_v195.md,7d7aafcc2cc666a43cc15215323f5c49687f7bbd4cad399b0ba0a14f22102dad
/data/data/com.termux/files/home/AI-Projects/ai-env/lib/python3.12/site-packages/gradio/cli/commands/components/files/README.md,/data/data/com.termux/files/home/pixelation/docs/markdown_archive/README_v671.md,1f6b104ab1a2fe7eb92659a432ccf62985894f85b29f6130110392bf2159cde3
/data/data/com.termux/files/home/AI-Projects/ai-env/lib/python3.12/site-packages/gradio/icons/README.md,/data/data/com.termux/files/home/pixelation/docs/markdown_archive/README_v672.md,a7f37bfc119034c38bf1984b294d2fd9a4dde892b1f53b9d18d1964d524601b1
/data/data/com.termux/files/home/.nvm/CODE_OF_CONDUCT.md,/data/data/com.termux/files/home/pixelation/docs/markdown_archive/CODE_OF_CONDUCT_v16.md,36e15cd9fc9d12d9d0bca16464e3dbcd8bca65322e832c991d1259c03890760d
/data/data/com.termux/files/home/.nvm/CONTRIBUTING.md,/data/data/com.termux/files/home/pixelation/docs/markdown_archive/CONTRIBUTING_v29.md,aa3ef1b3f83f9711894fd044328058ab5a892e77e0d196b2a957148556bc3c57
/data/data/com.termux/files/home/.nvm/GOVERNANCE.md,/data/data/com.termux/files/home/pixelation/docs/markdown_archive/GOVERNANCE.md,041880cd699e3b486a8bd5601e5bbde68efbc003e07472dfcf5d525eb0738fc7
/data/data/com.termux/files/home/.nvm/LICENSE.md,/data/data/com.termux/files/home/pixelation/docs/markdown_archive/LICENSE_v25.md,681a12d1a1367b5890be9bc71a70466633d28fd32397be9b72d69d9bfb243492
/data/data/com.termux/files/home/.nvm/PROJECT_CHARTER.md,/data/data/com.termux/files/home/pixelation/docs/markdown_archive/PROJECT_CHARTER.md,7559d376f5b7e6d8fed88e87fa75f2b63703d101ea53bd660d3ab82c9ce73069
/data/data/com.termux/files/home/.nvm/README.md,/data/data/com.termux/files/home/pixelation/docs/markdown_archive/README_v673.md,8e57941fbbf0cc72007e658d2549dc4bb190a0c105aec2668a7a6229c6f6ef57
/data/data/com.termux/files/home/.nvm/ROADMAP.md,/data/data/com.termux/files/home/pixelation/docs/markdown_archive/ROADMAP.md,c00d81748dcba09953079420de2aad7d26ec02a68ddac602acacac57bb5f8464
/data/data/com.termux/files/home/PIXEL_DUPLICATES/README.md,/data/data/com.termux/files/home/pixelation/docs/markdown_archive/README_v674.md,6abc84da7d0f099c977a1f2f0241dbe3533ccff74bba468deb7be4680e008904
/data/data/com.termux/files/home/PIXEL_DUPLICATES/DUPLICATE_LOG.md,/data/data/com.termux/files/home/pixelation/docs/markdown_archive/DUPLICATE_LOG.md,3bdda23025571cc0f55070535c2389c93a0d4b4e98ea0421bf981d279b4d549d
/data/data/com.termux/files/home/.venv/ai-env/lib/python3.12/site-packages/numpy-2.4.0.dist-info/licenses/numpy/_core/src/npysort/x86-simd-sort/LICENSE.md,/data/data/com.termux/files/home/pixelation/docs/markdown_archive/LICENSE_v11.md,211e7d737d6179a08f791ebb0a99897ce7cd2457410c542876d125576edfe910
/data/data/com.termux/files/home/.venv/ai-env/lib/python3.12/site-packages/numpy-2.4.0.dist-info/licenses/numpy/fft/pocketfft/LICENSE.md,/data/data/com.termux/files/home/pixelation/docs/markdown_archive/LICENSE_v12.md,a85ca13fdf90160b64a0698215868c13b74d835ad0a4e2ba44713b8c5058a056
/data/data/com.termux/files/home/.venv/ai-env/lib/python3.12/site-packages/numpy-2.4.0.dist-info/licenses/numpy/random/LICENSE.md,/data/data/com.termux/files/home/pixelation/docs/markdown_archive/LICENSE_v13.md,103166b62b80443afb9eb3488e052ea06be0cff566b908f199e561fde49af19f
/data/data/com.termux/files/home/.venv/ai-env/lib/python3.12/site-packages/numpy-2.4.0.dist-info/licenses/numpy/random/src/distributions/LICENSE.md,/data/data/com.termux/files/home/pixelation/docs/markdown_archive/LICENSE_v14.md,469778be8f33d54e1bcaab28c281cc472916d2d273f835e55bc487d30503face
/data/data/com.termux/files/home/.venv/ai-env/lib/python3.12/site-packages/numpy-2.4.0.dist-info/licenses/numpy/random/src/mt19937/LICENSE.md,/data/data/com.termux/files/home/pixelation/docs/markdown_archive/LICENSE_v15.md,0e111337b25494a773106695f0e799f642b8567aaacca4f116a74a8177179156
/data/data/com.termux/files/home/.venv/ai-env/lib/python3.12/site-packages/numpy-2.4.0.dist-info/licenses/numpy/random/src/pcg64/LICENSE.md,/data/data/com.termux/files/home/pixelation/docs/markdown_archive/LICENSE_v16.md,e7d4f4fb20358f314210a892ae17351e04993813646f697ec387385ca2a36918
/data/data/com.termux/files/home/.venv/ai-env/lib/python3.12/site-packages/numpy-2.4.0.dist-info/licenses/numpy/random/src/philox/LICENSE.md,/data/data/com.termux/files/home/pixelation/docs/markdown_archive/LICENSE_v17.md,6f5828a57223d4cc7f8ea505a2623e7b978b242752c1515e355f46ba2cec1800
/data/data/com.termux/files/home/.venv/ai-env/lib/python3.12/site-packages/numpy-2.4.0.dist-info/licenses/numpy/random/src/sfc64/LICENSE.md,/data/data/com.termux/files/home/pixelation/docs/markdown_archive/LICENSE_v18.md,9d4098846018319cd68e228ee6220361787f73bccbf00237a85e4fc9621b998f
/data/data/com.termux/files/home/.venv/ai-env/lib/python3.12/site-packages/numpy-2.4.0.dist-info/licenses/numpy/random/src/splitmix64/LICENSE.md,/data/data/com.termux/files/home/pixelation/docs/markdown_archive/LICENSE_v19.md,268b0ca06759d31ea3ca68dd35f20e877916e927b1c2a835e4592a3c4354b1f9
/data/data/com.termux/files/home/.venv/ai-env/lib/python3.12/site-packages/numpy/random/LICENSE.md,/data/data/com.termux/files/home/pixelation/docs/markdown_archive/LICENSE_v13.md,103166b62b80443afb9eb3488e052ea06be0cff566b908f199e561fde49af19f
/data/data/com.termux/files/home/.venv/ai-env/lib/python3.12/site-packages/idna-3.10.dist-info/LICENSE.md,/data/data/com.termux/files/home/pixelation/docs/markdown_archive/LICENSE_v10.md,a59f0b0ef3635874109a4461ca44ff7a70d50696e814767bfaf721d4c9b0db0f
/data/data/com.termux/files/home/.venv/ai-env/lib/python3.12/site-packages/werkzeug/debug/shared/ICON_LICENSE.md,/data/data/com.termux/files/home/pixelation/docs/markdown_archive/ICON_LICENSE.md,0e103a6358149792707e0d0d14df518f8556213b7cb54c7422f7467f4bb1f7eb
/data/data/com.termux/files/home/.venv/ai-env/lib/python3.12/site-packages/black-25.1.0.dist-info/licenses/AUTHORS.md,/data/data/com.termux/files/home/pixelation/docs/markdown_archive/AUTHORS_v2.md,ab82e1037e927fb5fa7b9c7356aedd14297254a7712b6cfb829a2cfd8b06ac88
/data/data/com.termux/files/home/.venv/ai-env/lib/python3.12/site-packages/nltk-3.9.1.dist-info/AUTHORS.md,/data/data/com.termux/files/home/pixelation/docs/markdown_archive/AUTHORS_v3.md,f13041f9a2b9951a58ba2a092e7327152b42867d1849e8bb8d36b663d72f7824
/data/data/com.termux/files/home/.venv/ai-env/lib/python3.12/site-packages/nltk-3.9.1.dist-info/README.md,/data/data/com.termux/files/home/pixelation/docs/markdown_archive/README_v675.md,c171c7c0f27b2d0deefefec86c05e3f1a7a8d1d4022f248c6ea7203006cc3dbb
/data/data/com.termux/files/home/.venv/ai-env/lib/python3.12/site-packages/django/contrib/admin/static/admin/css/vendor/select2/LICENSE-SELECT2.md,/data/data/com.termux/files/home/pixelation/docs/markdown_archive/LICENSE-SELECT2.md,4ee0cbc51370afde358652a0f977972053729ed578b6a42f5e2a037d114f0b39
/data/data/com.termux/files/home/.venv/ai-env/lib/python3.12/site-packages/django/contrib/admin/static/admin/js/vendor/select2/LICENSE.md,/data/data/com.termux/files/home/pixelation/docs/markdown_archive/LICENSE-SELECT2.md,4ee0cbc51370afde358652a0f977972053729ed578b6a42f5e2a037d114f0b39
/data/data/com.termux/files/home/.venv/ai-env/lib/python3.12/site-packages/flask/sansio/README.md,/data/data/com.termux/files/home/pixelation/docs/markdown_archive/README_v676.md,fb45f5b440a78a59b3d5ca20c7e621370e5dee0b8aec62ababf0c45763b3954d
/data/data/com.termux/files/home/.venv/ai-env/lib/python3.12/site-packages/djangorestframework-3.14.0.dist-info/LICENSE.md,/data/data/com.termux/files/home/pixelation/docs/markdown_archive/LICENSE_v26.md,cc12b0b85368972177ebf422089419b9fe3eea5729fecb11105c640f6eeaccd4
/data/data/com.termux/files/home/.venv/ai-env/lib/python3.12/site-packages/evennia/contrib/README.md,/data/data/com.termux/files/home/pixelation/docs/markdown_archive/README_v677.md,af7a8ab993ce9e62ff771f3a017e43d95d485fbb608cc1d891c966082e6fbe2b
/data/data/com.termux/files/home/.venv/ai-env/lib/python3.12/site-packages/evennia/contrib/base_systems/README.md,/data/data/com.termux/files/home/pixelation/docs/markdown_archive/README_v678.md,d0e3977824515ee7f5f96c8a50fae0258f287d71f42f78dd62c0450d5b7bab43
/data/data/com.termux/files/home/.venv/ai-env/lib/python3.12/site-packages/evennia/contrib/base_systems/awsstorage/README.md,/data/data/com.termux/files/home/pixelation/docs/markdown_archive/README_v679.md,e4d8de28d7777beabccd1d83720285cf106d653f5b076694b1b3773eeb7496c5
/data/data/com.termux/files/home/.venv/ai-env/lib/python3.12/site-packages/evennia/contrib/base_systems/building_menu/README.md,/data/data/com.termux/files/home/pixelation/docs/markdown_archive/README_v680.md,c25d0f97d7eb4f1587e10c8335a59667d4b9658b2fac11e303e9087b2f1f2262
/data/data/com.termux/files/home/.venv/ai-env/lib/python3.12/site-packages/evennia/contrib/base_systems/color_markups/README.md,/data/data/com.termux/files/home/pixelation/docs/markdown_archive/README_v681.md,382a5592e58a10c829910447ccfad919e98d8fc13b6db494b93274a1ae04fcbc
/data/data/com.termux/files/home/.venv/ai-env/lib/python3.12/site-packages/evennia/contrib/base_systems/components/README.md,/data/data/com.termux/files/home/pixelation/docs/markdown_archive/README_v682.md,d6ea1fb407e80231f30f58ed59c533c3db17d9541ac604fb6c36bbf96f31e829
/data/data/com.termux/files/home/.venv/ai-env/lib/python3.12/site-packages/evennia/contrib/base_systems/custom_gametime/README.md,/data/data/com.termux/files/home/pixelation/docs/markdown_archive/README_v683.md,fbbf256c66bf64b4ce4068318cfee9952f6114d2bc10ba01c4e57366ec46faf1
/data/data/com.termux/files/home/.venv/ai-env/lib/python3.12/site-packages/evennia/contrib/base_systems/email_login/README.md,/data/data/com.termux/files/home/pixelation/docs/markdown_archive/README_v684.md,714890aa539acd9a7ac5151323339ffedb7e6582a0278ea922e586af9b031ebe
/data/data/com.termux/files/home/.venv/ai-env/lib/python3.12/site-packages/evennia/contrib/base_systems/godotwebsocket/README.md,/data/data/com.termux/files/home/pixelation/docs/markdown_archive/README_v685.md,ec448852b8943f1424289e85514669f1458ac23c665b82384b05e9f12af24f6a
/data/data/com.termux/files/home/.venv/ai-env/lib/python3.12/site-packages/evennia/contrib/base_systems/ingame_python/README.md,/data/data/com.termux/files/home/pixelation/docs/markdown_archive/README_v686.md,0c5e0b74c4126c7d59f47b39ee9512312876a8d66f3b78044f3745d1ed29c07a
/data/data/com.termux/files/home/.venv/ai-env/lib/python3.12/site-packages/evennia/contrib/base_systems/ingame_reports/README.md,/data/data/com.termux/files/home/pixelation/docs/markdown_archive/README_v687.md,93e0ddc9341f6fd6e9f9fa7846a266643c58a3235b03889fd740fe92e2c3e36d
/data/data/com.termux/files/home/.venv/ai-env/lib/python3.12/site-packages/evennia/contrib/base_systems/menu_login/README.md,/data/data/com.termux/files/home/pixelation/docs/markdown_archive/README_v688.md,98dbfeeb159b476daf48794c8306d2b386b044522b4a3836f4bc074e902be36f
/data/data/com.termux/files/home/.venv/ai-env/lib/python3.12/site-packages/evennia/contrib/base_systems/mux_comms_cmds/README.md,/data/data/com.termux/files/home/pixelation/docs/markdown_archive/README_v689.md,e90a1aba02344f45aa54b0a600a183b246fac7da3bfd8d2e29fa48d3086feb17
/data/data/com.termux/files/home/.venv/ai-env/lib/python3.12/site-packages/evennia/contrib/base_systems/unixcommand/README.md,/data/data/com.termux/files/home/pixelation/docs/markdown_archive/README_v690.md,0fd026649208e00d44ad9745555fefafe90d8fa9ca0a906447feba93f5a72a45
/data/data/com.termux/files/home/.venv/ai-env/lib/python3.12/site-packages/evennia/contrib/full_systems/README.md,/data/data/com.termux/files/home/pixelation/docs/markdown_archive/README_v691.md,038e2d45cd7486cb2305639bb5594c807bba03053a1673323b5c73b8ba4d0819
/data/data/com.termux/files/home/.venv/ai-env/lib/python3.12/site-packages/evennia/contrib/full_systems/evscaperoom/README.md,/data/data/com.termux/files/home/pixelation/docs/markdown_archive/README_v692.md,9d17d353de5dd425659950ecf79c4d14d195da2f228d7cfed45c9b414272ebed
/data/data/com.termux/files/home/.venv/ai-env/lib/python3.12/site-packages/evennia/contrib/full_systems/evscaperoom/states/README.md,/data/data/com.termux/files/home/pixelation/docs/markdown_archive/README_v693.md,199c602843eaaa141edbd37df3a0bd63061e4297a525d76ddacb3b4c52e2b5ca
/data/data/com.termux/files/home/.venv/ai-env/lib/python3.12/site-packages/evennia/contrib/game_systems/README.md,/data/data/com.termux/files/home/pixelation/docs/markdown_archive/README_v694.md,156348c29d17b48204a993237b9fd88cb05c594c625601c3481812550ab95231
/data/data/com.termux/files/home/.venv/ai-env/lib/python3.12/site-packages/evennia/contrib/game_systems/achievements/README.md,/data/data/com.termux/files/home/pixelation/docs/markdown_archive/README_v695.md,2717393724af44dc16709e6a9fdd08d86d1b81c2b8b4a51fad7224480594e54d
/data/data/com.termux/files/home/.venv/ai-env/lib/python3.12/site-packages/evennia/contrib/game_systems/barter/README.md,/data/data/com.termux/files/home/pixelation/docs/markdown_archive/README_v696.md,d6b4d8d1d657b3713df1d7c1dd203102808114768261a2022c999f023d0b8ef8
/data/data/com.termux/files/home/.venv/ai-env/lib/python3.12/site-packages/evennia/contrib/game_systems/clothing/README.md,/data/data/com.termux/files/home/pixelation/docs/markdown_archive/README_v697.md,343eb1291b2eed9e586cfba3a97d9fbfd31b8e729e711b7544c5011ebd2ecce9
/data/data/com.termux/files/home/.venv/ai-env/lib/python3.12/site-packages/evennia/contrib/game_systems/containers/README.md,/data/data/com.termux/files/home/pixelation/docs/markdown_archive/README_v698.md,ced55aa56273be9a4a29f1f4b0aef7fa215a8cc2636e7ea169a87c86a20f6128
/data/data/com.termux/files/home/.venv/ai-env/lib/python3.12/site-packages/evennia/contrib/game_systems/cooldowns/README.md,/data/data/com.termux/files/home/pixelation/docs/markdown_archive/README_v699.md,463dafed459b3955dcba948259291f9fc1047c6f49376c8ad838a491a95f7728
/data/data/com.termux/files/home/.venv/ai-env/lib/python3.12/site-packages/evennia/contrib/game_systems/crafting/README.md,/data/data/com.termux/files/home/pixelation/docs/markdown_archive/README_v700.md,3be10b000f05e6e521b4455be4385617dc9c320def0188d726b438e3f107ce69
/data/data/com.termux/files/home/.venv/ai-env/lib/python3.12/site-packages/evennia/contrib/game_systems/gendersub/README.md,/data/data/com.termux/files/home/pixelation/docs/markdown_archive/README_v701.md,6796fd9c607a9931055e70f793063fcdffb3858eba8e32714ff8af6840fce954
/data/data/com.termux/files/home/.venv/ai-env/lib/python3.12/site-packages/evennia/contrib/game_systems/mail/README.md,/data/data/com.termux/files/home/pixelation/docs/markdown_archive/README_v702.md,a7228d780fe6c78cb380e8b142c1a107011ef2f63b37c065a6c8e2fb0ba88bcb
/data/data/com.termux/files/home/.venv/ai-env/lib/python3.12/site-packages/evennia/contrib/game_systems/multidescer/README.md,/data/data/com.termux/files/home/pixelation/docs/markdown_archive/README_v703.md,92d052bcff8e342fe3c653a2c3ffc7d6396feb86378a5e13e7c10eff7eb23406
/data/data/com.termux/files/home/.venv/ai-env/lib/python3.12/site-packages/evennia/contrib/game_systems/puzzles/README.md,/data/data/com.termux/files/home/pixelation/docs/markdown_archive/README_v704.md,55848b785826789bfb38b99455f9830a5929e206611c31dd3430ed9006c7d2f3
/data/data/com.termux/files/home/.venv/ai-env/lib/python3.12/site-packages/evennia/contrib/game_systems/storage/README.md,/data/data/com.termux/files/home/pixelation/docs/markdown_archive/README_v705.md,bee9dce6683596e83fef83dc81374caad792c94041f1fbb9df556686bccd9173
/data/data/com.termux/files/home/.venv/ai-env/lib/python3.12/site-packages/evennia/contrib/game_systems/turnbattle/README.md,/data/data/com.termux/files/home/pixelation/docs/markdown_archive/README_v706.md,dbd9eb2a6b0f7ba8475e6c7b4e70c060183e3c8d7f3f8562fa7e019bd9b7bf2c
/data/data/com.termux/files/home/.venv/ai-env/lib/python3.12/site-packages/evennia/contrib/grid/README.md,/data/data/com.termux/files/home/pixelation/docs/markdown_archive/README_v707.md,85940a18481022e00e04f0884876bd3769df7863482edf992a54456a3364a566
/data/data/com.termux/files/home/.venv/ai-env/lib/python3.12/site-packages/evennia/contrib/grid/extended_room/README.md,/data/data/com.termux/files/home/pixelation/docs/markdown_archive/README_v708.md,8455704e3abfbbf651be6ff9555d6b1bee3301792a3b30a95109f478af321aa3
/data/data/com.termux/files/home/.venv/ai-env/lib/python3.12/site-packages/evennia/contrib/grid/ingame_map_display/README.md,/data/data/com.termux/files/home/pixelation/docs/markdown_archive/README_v709.md,b4c4afb8147ccc8aef7137996982c4b2199e07ead94df6ba0e16bc080a0445e1
/data/data/com.termux/files/home/.venv/ai-env/lib/python3.12/site-packages/evennia/contrib/grid/mapbuilder/README.md,/data/data/com.termux/files/home/pixelation/docs/markdown_archive/README_v710.md,4f1b6dae3fc2bb99ba0e61ad7256183bbccf4627e5d0f916e3280bcdfeb38efd
/data/data/com.termux/files/home/.venv/ai-env/lib/python3.12/site-packages/evennia/contrib/grid/simpledoor/README.md,/data/data/com.termux/files/home/pixelation/docs/markdown_archive/README_v711.md,2aa3031d7c8b34015752c5bc572bba3bbdf658e10c0546ae6a2bf0091597559a
/data/data/com.termux/files/home/.venv/ai-env/lib/python3.12/site-packages/evennia/contrib/grid/slow_exit/README.md,/data/data/com.termux/files/home/pixelation/docs/markdown_archive/README_v712.md,b42dd09abc119211e1835734fc2f01344b8d78340627f36358a884f8405662e7
/data/data/com.termux/files/home/.venv/ai-env/lib/python3.12/site-packages/evennia/contrib/grid/wilderness/README.md,/data/data/com.termux/files/home/pixelation/docs/markdown_archive/README_v713.md,84217d2d46901d8fa07289eeddb0ec79070129e12fe11101bf656a5de3da7464
/data/data/com.termux/files/home/.venv/ai-env/lib/python3.12/site-packages/evennia/contrib/grid/xyzgrid/README.md,/data/data/com.termux/files/home/pixelation/docs/markdown_archive/README_v714.md,ed5ff9e6a30f208f9f70715a48d009838ea966de5bf52bacf34513954b8b9305
/data/data/com.termux/files/home/.venv/ai-env/lib/python3.12/site-packages/evennia/contrib/rpg/README.md,/data/data/com.termux/files/home/pixelation/docs/markdown_archive/README_v715.md,95f009da23238f729f574fcca552551adaec1e6182e67659135e66ab63340d9f
/data/data/com.termux/files/home/.venv/ai-env/lib/python3.12/site-packages/evennia/contrib/rpg/buffs/README.md,/data/data/com.termux/files/home/pixelation/docs/markdown_archive/README_v716.md,de2d745cfa5da44d785c16ebb4f8b2adf41c01ca85f5474717746efe14e5b796
/data/data/com.termux/files/home/.venv/ai-env/lib/python3.12/site-packages/evennia/contrib/rpg/character_creator/README.md,/data/data/com.termux/files/home/pixelation/docs/markdown_archive/README_v717.md,1437ed858c4e0574be2d65d22ec587e47fd91a13c7f064ba2b40790e7919fb40
/data/data/com.termux/files/home/.venv/ai-env/lib/python3.12/site-packages/evennia/contrib/rpg/dice/README.md,/data/data/com.termux/files/home/pixelation/docs/markdown_archive/README_v718.md,457c20fe4dc5eb385b50e896bbf9d78753ae4d773affb6cc3b45c1915f578d9c
/data/data/com.termux/files/home/.venv/ai-env/lib/python3.12/site-packages/evennia/contrib/rpg/health_bar/README.md,/data/data/com.termux/files/home/pixelation/docs/markdown_archive/README_v719.md,4e852f38ef47c46553d6599aa3d5353c494d0dea58b964a245a9c0eb2003cd11
/data/data/com.termux/files/home/.venv/ai-env/lib/python3.12/site-packages/evennia/contrib/rpg/llm/README.md,/data/data/com.termux/files/home/pixelation/docs/markdown_archive/README_v720.md,ca4b646e062fd568fc3613aa44743fb8ad9497e105aa9c7bee8728aec86fe177
/data/data/com.termux/files/home/.venv/ai-env/lib/python3.12/site-packages/evennia/contrib/rpg/rpsystem/README.md,/data/data/com.termux/files/home/pixelation/docs/markdown_archive/README_v721.md,4d8478c7ace23b0a8424979ad8783e33d61a7a944d47af9176fea772f40ceab2
/data/data/com.termux/files/home/.venv/ai-env/lib/python3.12/site-packages/evennia/contrib/rpg/traits/README.md,/data/data/com.termux/files/home/pixelation/docs/markdown_archive/README_v722.md,98b183f2f22b456c38e2cf4a6de178240cfe2d4526c428b520b25e4286479533
/data/data/com.termux/files/home/.venv/ai-env/lib/python3.12/site-packages/evennia/contrib/tutorials/README.md,/data/data/com.termux/files/home/pixelation/docs/markdown_archive/README_v723.md,7c30e1671578a96cafcc2ba328e62d1e17798b06e2da842c56c1ee46683ec219
/data/data/com.termux/files/home/.venv/ai-env/lib/python3.12/site-packages/evennia/contrib/tutorials/batchprocessor/README.md,/data/data/com.termux/files/home/pixelation/docs/markdown_archive/README_v724.md,7fa32f40af745bbc38b45edf52a355677b7cdd21bb5763ab1b9926f6bb7bc74c
/data/data/com.termux/files/home/.venv/ai-env/lib/python3.12/site-packages/evennia/contrib/tutorials/bodyfunctions/README.md,/data/data/com.termux/files/home/pixelation/docs/markdown_archive/README_v725.md,2b69f54cc8cf55e98b3be2a4badddfe6f7d04b43ed3399969052d9a74dfbff01
/data/data/com.termux/files/home/.venv/ai-env/lib/python3.12/site-packages/evennia/contrib/tutorials/evadventure/README.md,/data/data/com.termux/files/home/pixelation/docs/markdown_archive/README_v726.md,c8a89f4fd3a70e524e9d1ff185e6abeb006aafffc9ea73045cf83a03bc590bcc
/data/data/com.termux/files/home/.venv/ai-env/lib/python3.12/site-packages/evennia/contrib/tutorials/mirror/README.md,/data/data/com.termux/files/home/pixelation/docs/markdown_archive/README_v727.md,58011fa7d8f4f44a5256c992a024e46e8a5f18ee970334acd35713f420430c5a
/data/data/com.termux/files/home/.venv/ai-env/lib/python3.12/site-packages/evennia/contrib/tutorials/red_button/README.md,/data/data/com.termux/files/home/pixelation/docs/markdown_archive/README_v728.md,b32dc16585045d896a4cb8944d64c679377e6b99efb444bb94a0eadb4f2bd99f
/data/data/com.termux/files/home/.venv/ai-env/lib/python3.12/site-packages/evennia/contrib/tutorials/talking_npc/README.md,/data/data/com.termux/files/home/pixelation/docs/markdown_archive/README_v729.md,e64ade5aa853c82471332573c28bd8576e0866a1c14917f190aa276af6d92f92
/data/data/com.termux/files/home/.venv/ai-env/lib/python3.12/site-packages/evennia/contrib/tutorials/tutorial_world/README.md,/data/data/com.termux/files/home/pixelation/docs/markdown_archive/README_v730.md,705625bb7700613d30624f4e5ed16b64859a737f6e497edc78dc5d31202c88c3
/data/data/com.termux/files/home/.venv/ai-env/lib/python3.12/site-packages/evennia/contrib/utils/README.md,/data/data/com.termux/files/home/pixelation/docs/markdown_archive/README_v731.md,5b408c5c2970f51a286ac7772eb30865d19c7007cd3f9fcbf07f8f3864c6a1f7
/data/data/com.termux/files/home/.venv/ai-env/lib/python3.12/site-packages/evennia/contrib/utils/auditing/README.md,/data/data/com.termux/files/home/pixelation/docs/markdown_archive/README_v732.md,51068caecf69982bdbbdf410af7c266b736b560c228585b84b8f1a8e3d251931
/data/data/com.termux/files/home/.venv/ai-env/lib/python3.12/site-packages/evennia/contrib/utils/debugpy/README.md,/data/data/com.termux/files/home/pixelation/docs/markdown_archive/README_v733.md,397524a86301668bf558e59ecfaabc0ee38274a710f0bae948c617bd107454b0
/data/data/com.termux/files/home/.venv/ai-env/lib/python3.12/site-packages/evennia/contrib/utils/fieldfill/README.md,/data/data/com.termux/files/home/pixelation/docs/markdown_archive/README_v734.md,7f488fbdc8cffb81d542495f1bacde0dacda256ec99dc4019c2b94f3f7ee5233
/data/data/com.termux/files/home/.venv/ai-env/lib/python3.12/site-packages/evennia/contrib/utils/git_integration/README.md,/data/data/com.termux/files/home/pixelation/docs/markdown_archive/README_v735.md,925d092eba3bad4ca8caeeaff9d547ac7ec7333d122a831e9301f2110d651b76
/data/data/com.termux/files/home/.venv/ai-env/lib/python3.12/site-packages/evennia/contrib/utils/name_generator/README.md,/data/data/com.termux/files/home/pixelation/docs/markdown_archive/README_v736.md,60dfcc841851e2cfc4461890df4e3821cc6e8ce6227744c7c5fcd805d42ed15d
/data/data/com.termux/files/home/.venv/ai-env/lib/python3.12/site-packages/evennia/contrib/utils/random_string_generator/README.md,/data/data/com.termux/files/home/pixelation/docs/markdown_archive/README_v737.md,74bf7fa08c14da4c1f1a16ab7f983d36a00554735b3d82286d05aeb9def8968a
/data/data/com.termux/files/home/.venv/ai-env/lib/python3.12/site-packages/evennia/contrib/utils/tree_select/README.md,/data/data/com.termux/files/home/pixelation/docs/markdown_archive/README_v738.md,eb22d5ea402232f2bf9010d3db42ab453c17e44bb538dc8b0875c4d7443697aa
/data/data/com.termux/files/home/.venv/ai-env/lib/python3.12/site-packages/evennia/game_template/README.md,/data/data/com.termux/files/home/pixelation/docs/markdown_archive/README_v2.md,2ddcde8b7d0f6bac7cdca6d676378b0d33edad6b0ebb21c8e07ce1f2fa1da61f
/data/data/com.termux/files/home/.venv/ai-env/lib/python3.12/site-packages/evennia/game_template/commands/README.md,/data/data/com.termux/files/home/pixelation/docs/markdown_archive/README_v3.md,9e19bcfe0c24b1d2628df0eb26e6875dd40abc5205c4c38a156febafcc687fc5
/data/data/com.termux/files/home/.venv/ai-env/lib/python3.12/site-packages/evennia/game_template/server/README.md,/data/data/com.termux/files/home/pixelation/docs/markdown_archive/README_v4.md,8b7f7c88f31921c2cba68715ecb6a434910459ee12a27fe217945b86e4cb061d
/data/data/com.termux/files/home/.venv/ai-env/lib/python3.12/site-packages/evennia/game_template/server/logs/README.md,/data/data/com.termux/files/home/pixelation/docs/markdown_archive/README_v5.md,d8d98afdb7d75c8b4423f97ac77e56bf5371adc2a56b1832e506e44dd0250a4a
/data/data/com.termux/files/home/.venv/ai-env/lib/python3.12/site-packages/evennia/game_template/typeclasses/README.md,/data/data/com.termux/files/home/pixelation/docs/markdown_archive/README_v13.md,89f0f9b01cacab16d0096633617f772dca98675423f7ec8f3613ec789566d9e9
/data/data/com.termux/files/home/.venv/ai-env/lib/python3.12/site-packages/evennia/game_template/web/README.md,/data/data/com.termux/files/home/pixelation/docs/markdown_archive/README_v14.md,4aad9ec071ee6e45d25c65699176e9ed3b4d0900e86d48fd7a36161c2a37fefe
/data/data/com.termux/files/home/.venv/ai-env/lib/python3.12/site-packages/evennia/game_template/web/admin/README.md,/data/data/com.termux/files/home/pixelation/docs/markdown_archive/README_v15.md,5be33cb542d77f79428d84b5336b942f8ddb4eba971133d0877663aa506f3db0
/data/data/com.termux/files/home/.venv/ai-env/lib/python3.12/site-packages/evennia/game_template/web/static/README.md,/data/data/com.termux/files/home/pixelation/docs/markdown_archive/README_v6.md,cc05284f78ffb4844e64b5a0c1c872264bcfcd2ac89eb0bdae620e76597141c0
/data/data/com.termux/files/home/.venv/ai-env/lib/python3.12/site-packages/evennia/game_template/web/static/rest_framework/css/README.md,/data/data/com.termux/files/home/pixelation/docs/markdown_archive/README_v7.md,624a60912c13a1691afef1eb8249ee0243cbdda9e52407d8d8afec1a7838990d
/data/data/com.termux/files/home/.venv/ai-env/lib/python3.12/site-packages/evennia/game_template/web/static/rest_framework/images/README.md,/data/data/com.termux/files/home/pixelation/docs/markdown_archive/README_v8.md,026192f17df61d75aabec85be641daaae0bb20fe790853999c812d9ef13ad9ee
/data/data/com.termux/files/home/.venv/ai-env/lib/python3.12/site-packages/evennia/game_template/web/static/webclient/css/README.md,/data/data/com.termux/files/home/pixelation/docs/markdown_archive/README_v9.md,f006e9965c85a2fa28c15dc9c582318974fccb73dfc5deaa0061b7a41b327004
/data/data/com.termux/files/home/.venv/ai-env/lib/python3.12/site-packages/evennia/game_template/web/static/webclient/js/README.md,/data/data/com.termux/files/home/pixelation/docs/markdown_archive/README_v10.md,827390597b0799d8113d27a32e1e2f496922079de526e1d86640ebc0e1481a20
/data/data/com.termux/files/home/.venv/ai-env/lib/python3.12/site-packages/evennia/game_template/web/static/website/css/README.md,/data/data/com.termux/files/home/pixelation/docs/markdown_archive/README_v11.md,19fe9397a9e034f3c3bf86b3a80f337c53ebb2227b15af0d249a410805e45d10
/data/data/com.termux/files/home/.venv/ai-env/lib/python3.12/site-packages/evennia/game_template/web/static/website/images/README.md,/data/data/com.termux/files/home/pixelation/docs/markdown_archive/README_v12.md,f52da61994408a9b954e7292cf05d88781fbcbbdc4b89a3ce8eb34a463acec6f
/data/data/com.termux/files/home/.venv/ai-env/lib/python3.12/site-packages/evennia/game_template/web/templates/README.md,/data/data/com.termux/files/home/pixelation/docs/markdown_archive/README_v16.md,8847fe7336fad204ebae1e24ef01ae050c64936a64fbed83effde17012c90700
/data/data/com.termux/files/home/.venv/ai-env/lib/python3.12/site-packages/evennia/game_template/web/templates/rest_framework/README.md,/data/data/com.termux/files/home/pixelation/docs/markdown_archive/README_v17.md,b1e0b7902345bef70f00481cdfd85a9fc4db27eb306f03d228ee4196e8797adb
/data/data/com.termux/files/home/.venv/ai-env/lib/python3.12/site-packages/evennia/game_template/web/templates/webclient/README.md,/data/data/com.termux/files/home/pixelation/docs/markdown_archive/README_v18.md,a89e4efb3a162efba3c8a0a1466cb7c88dbeada3026a5ea067d0908357d1d03a
/data/data/com.termux/files/home/.venv/ai-env/lib/python3.12/site-packages/evennia/game_template/web/templates/website/README.md,/data/data/com.termux/files/home/pixelation/docs/markdown_archive/README_v19.md,c9f7a2dbba32b382ddb782d664fb7e07091a1f832693a65cf1bfe2b31c3be0aa
/data/data/com.termux/files/home/.venv/ai-env/lib/python3.12/site-packages/evennia/game_template/web/templates/website/flatpages/README.md,/data/data/com.termux/files/home/pixelation/docs/markdown_archive/README_v20.md,89ca9a41d23910d8092bbcd4670702862cee840dca4d4176d9df5b13bec3e515
/data/data/com.termux/files/home/.venv/ai-env/lib/python3.12/site-packages/evennia/game_template/web/templates/website/registration/README.md,/data/data/com.termux/files/home/pixelation/docs/markdown_archive/README_v21.md,4c89173938417e87216f2dd59a927daf3ed945293998facd6e1314856b6836bd
/data/data/com.termux/files/home/.venv/ai-env/lib/python3.12/site-packages/evennia/game_template/web/webclient/README.md,/data/data/com.termux/files/home/pixelation/docs/markdown_archive/README_v22.md,08416fe7dbbf20274865d935471c183c8e184528d940f13819ac57c0274e742f
/data/data/com.termux/files/home/.venv/ai-env/lib/python3.12/site-packages/evennia/game_template/web/website/README.md,/data/data/com.termux/files/home/pixelation/docs/markdown_archive/README_v23.md,6c235b4e01da55600a4e0238fe51e8d183f716343b1a83590deb345b0939dfa1
/data/data/com.termux/files/home/.venv/ai-env/lib/python3.12/site-packages/evennia/game_template/world/README.md,/data/data/com.termux/files/home/pixelation/docs/markdown_archive/README_v24.md,ade56c8687b48c814082c677ff0cd39c1724b157a8329ae21731bd0170dee9ca
/data/data/com.termux/files/home/.venv/ai-env/lib/python3.12/site-packages/evennia/prototypes/README.md,/data/data/com.termux/files/home/pixelation/docs/markdown_archive/README_v739.md,0cf111b65bbfce6990e25b6cf67648b8d572bda24783c2afa0ed642c2966da57
/data/data/com.termux/files/home/.venv/ai-env/lib/python3.12/site-packages/evennia/server/game_index_client/README.md,/data/data/com.termux/files/home/pixelation/docs/markdown_archive/README_v740.md,efa4dadac0fb112cbe8d927a4e7d975265957a75a9bcdbf03915b4b7a9418898
/data/data/com.termux/files/home/.venv/ai-env/lib/python3.12/site-packages/evennia/server/profiling/README.md,/data/data/com.termux/files/home/pixelation/docs/markdown_archive/README_v741.md,27580c656e09b7bf793dc9a7afde93d89964111296cd465109ff480c1f5db276
/data/data/com.termux/files/home/.venv/ai-env/lib/python3.12/site-packages/evennia/utils/idmapper/LICENSE.md,/data/data/com.termux/files/home/pixelation/docs/markdown_archive/LICENSE_v27.md,25a4d32aebc65539e0a3e9dfe9ccd65c04bc049159ad1e554e60bad4f649530d
/data/data/com.termux/files/home/.venv/ai-env/lib/python3.12/site-packages/evennia/utils/idmapper/README_evennia.md,/data/data/com.termux/files/home/pixelation/docs/markdown_archive/README_evennia.md,7fa6ae3ae3eba1374ba4f70eeaaedaceab2eb612a95d88c4540343057f36f5ad
/data/data/com.termux/files/home/.venv/ai-env/lib/python3.12/site-packages/evennia/web/README.md,/data/data/com.termux/files/home/pixelation/docs/markdown_archive/README_v742.md,f6a2345a4a5c9eb43b65a6a9e1e3f6d5f54c3161b0697ba4e03e6e70c1e5756b
/data/data/com.termux/files/home/.venv/ai-env/lib/python3.12/site-packages/evennia/web/api/README.md,/data/data/com.termux/files/home/pixelation/docs/markdown_archive/README_v743.md,1b586358b64f984f50a5952b04accacfc90ba8cb9429d2e546723de6a99d784f
/data/data/com.termux/files/home/.venv/ai-env/lib/python3.12/site-packages/evennia/web/templatetags/README.md,/data/data/com.termux/files/home/pixelation/docs/markdown_archive/README_v744.md,6c65645d9879fc10fb5c6a1868df7a3341c3caaea3558122ba981e8ad918ed0b
/data/data/com.termux/files/home/pixel8/Q/NEXUS_SUXEN_CHANGELOG_20251216.md,/data/data/com.termux/files/home/pixelation/docs/markdown_archive/NEXUS_SUXEN_CHANGELOG_20251216.md,bcb1717193d329bbc6953cf84e26c0b7010806a707eff2b9f8f217d9aa557abf
/data/data/com.termux/files/home/pixel8/Q/Q_pixel8/runexusiam/entity/prime/README_2.md,/data/data/com.termux/files/home/pixelation/docs/markdown_archive/README_2.md,ebb435281e76a2792a05a39043955831bab04f6ed702f5150375b419df53eae4
/data/data/com.termux/files/home/pixel8/Q/Q_pixel8/runexusiam/entity/prime/.trashed-1770415936-PRIME_PROJECT_SURVEY_20251211_4.md,/data/data/com.termux/files/home/pixelation/docs/markdown_archive/.trashed-1770415936-PRIME_PROJECT_SURVEY_20251211_4.md,bfbf2a5c14ccf140ba75d0272bda33f6e034ae48da4d02c355a8cba63d42e386
/data/data/com.termux/files/home/pixel8/Q/Q_pixel8/runexusiam/entity/quadraginta/prime_codex/.trashed-1770415906-COMMISSION_RESPONSE_PRELIMINARY_REVIEW_11.md,/data/data/com.termux/files/home/pixelation/docs/markdown_archive/.trashed-1770415906-COMMISSION_RESPONSE_PRELIMINARY_REVIEW_11.md,b3fb8ce78709f4b875231feac2315db6684a8045d25dea8071158c5bf64ded7f
/data/data/com.termux/files/home/pixel8/Q/Q_pixel8/runexusiam/entity/quadraginta/prime_codex/.trashed-1770416215-COMMISSION_Chinese_Characters_Symbology_Manager_6.md,/data/data/com.termux/files/home/pixelation/docs/markdown_archive/.trashed-1770416215-COMMISSION_Chinese_Characters_Symbology_Manager_6.md,c57d8f96b81aad3dfe34ebc74febe633b819ab6bf2781cbd7702e1c7927c7316
/data/data/com.termux/files/home/pixel8/Q/Q_pixel8/runexusiam/entity/quadraginta/prime_codex/.trashed-1770415867-END_MATTER_COMPLETE_MASTER_10.md,/data/data/com.termux/files/home/pixelation/docs/markdown_archive/.trashed-1770415867-END_MATTER_COMPLETE_MASTER_10.md,954f9f9b66c692500440a6fc728c6af64c1fbcb6ff5ac8e6461b4a0cfb6a42a6
/data/data/com.termux/files/home/pixel8/Q/Q_pixel8/runexusiam/entity/quadraginta/prime_codex/.trashed-1770415970-REVIEW_GUIDE_9.md,/data/data/com.termux/files/home/pixelation/docs/markdown_archive/.trashed-1770415970-REVIEW_GUIDE_9.md,a80845d1340f3a030003694fed524d99c966017253d97fffc4cd4517e93557d3
/data/data/com.termux/files/home/pixel8/Q/Q_pixel8/runexusiam/entity/quadraginta/prime_codex/.trashed-1770415949-MILESTONE_END_MATTER_COMPLETION_11.md,/data/data/com.termux/files/home/pixelation/docs/markdown_archive/.trashed-1770415949-MILESTONE_END_MATTER_COMPLETION_11.md,aea55a212c850aeb0d37adcfa40aba999b20a34be748193bc6fd9faa055511c1
/data/data/com.termux/files/home/pixel8/Q/Q_pixel8/runexusiam/consortium/README.md,/data/data/com.termux/files/home/pixelation/docs/markdown_archive/README_v745.md,ad02b6b60cd9b431f3933bdbba31d3a6f0e8100baec5642489cc2ae1e98132f0
/data/data/com.termux/files/home/pixel8/Q/Q_pixel8/runexusiam/prime_codex/README_2.md,/data/data/com.termux/files/home/pixelation/docs/markdown_archive/README_2_v2.md,bb2046ceb43e6ab82c544c4d2466b65ba1f44f1d5c4031973ca76c172cf17b2e
/data/data/com.termux/files/home/pixel8/Q/Q_pixel8/runexusiam/prime_codex/incoming/UNEXUSI_Quick_Reference_3.md,/data/data/com.termux/files/home/pixelation/docs/markdown_archive/UNEXUSI_Quick_Reference_3.md,4cc642e4fa9d0c529625562899d8d50cbbf0c062601ca4921d71b0038fdd197f
/data/data/com.termux/files/home/pixel8/Q/Q_pixel8/runexusiam/prime_codex/incoming/UNEXUSI_Implementation_Plan_3.md,/data/data/com.termux/files/home/pixelation/docs/markdown_archive/UNEXUSI_Implementation_Plan_3.md,709cd4379fea6cc96884afeb3d04862c8e5059cb4b2cd060660fb8bdb58147a5
/data/data/com.termux/files/home/pixel8/Q/Q_pixel8/runexusiam/prime_codex/incoming/UNEXUSI_Nano_Architecture_Research_Report_2.md,/data/data/com.termux/files/home/pixelation/docs/markdown_archive/UNEXUSI_Nano_Architecture_Research_Report_2.md,650791681defee0092bf82dd36266e6eb4f44b1b69886fdede278ccd364025e0
/data/data/com.termux/files/home/pixel8/Q/Q_pixel8/runexusiam/gravitar/README.md,/data/data/com.termux/files/home/pixelation/docs/markdown_archive/README_v746.md,8843dfab7a360a41109962714ee3fa036ccdfd92d2e83839b89e8588fd6d11af
/data/data/com.termux/files/home/pixel8/Q/Q_pixel8/runexusiam/duplicatus/README.md,/data/data/com.termux/files/home/pixelation/docs/markdown_archive/README_v747.md,90eff9097d8984be5ed9040ebe390d282653631a9aff3adad571cc39819515aa
/data/data/com.termux/files/home/pixel8/Q/Q_pixel8/runexusiam/plexus/README_2.md,/data/data/com.termux/files/home/pixelation/docs/markdown_archive/README_2_v3.md,450adcac74c37550829921b9b7cfa1ef60245fc43c1ff529752eb8e7a5b6cd9f
/data/data/com.termux/files/home/pixel8/Q/Q_pixel8/runexusiam/fleet-commander/README.md,/data/data/com.termux/files/home/pixelation/docs/markdown_archive/README_v748.md,5de2c1d765fd72feb84ee06d1589f3964c1fb1b1d99957ad7e1835e90bb4ad52
/data/data/com.termux/files/home/pixel8/Q/Q_pixel8/runexusiam/portofentry/CLAUDE_2.md,/data/data/com.termux/files/home/pixelation/docs/markdown_archive/CLAUDE_2.md,09e01b3524d800999b8aa97955468846434672412deace9f7e54c7ffe41ca9fb
/data/data/com.termux/files/home/pixel8/Q/Q_pixel8/runexusiam/portofentry/SESSION_20251215_0335_2.md,/data/data/com.termux/files/home/pixelation/docs/markdown_archive/SESSION_20251215_0335_2.md,cd68bd3b31369cfffd7f511cd27ec950ec08a4fd9ba7849f45b479ccf76062e8
/data/data/com.termux/files/home/pixel8/Q/Q_pixel8/runexusiam/pandora/README.md,/data/data/com.termux/files/home/pixelation/docs/markdown_archive/README_v749.md,c0093dac2295158deee9c72a3b1f51400d0fe4737da73e3da6cae0fffc97244c
/data/data/com.termux/files/home/pixel8/Q/Q_pixel8/runexusiam/pandora/ensign_identity_moniker/README.md,/data/data/com.termux/files/home/pixelation/docs/markdown_archive/README_v750.md,fc8726acc67eccb10d4ef3d2b67d5206968fe15df4f05e84f327e1071494af3b
/data/data/com.termux/files/home/pixel8/Q/Q_pixel8/runexusiam/pandora/ensign_identity_moniker/SETUP_COMPLETE.md,/data/data/com.termux/files/home/pixelation/docs/markdown_archive/SETUP_COMPLETE_v2.md,e011decb51599a2d165346cbeb88b09e074e7afbf5886061789591303dddcfbc
/data/data/com.termux/files/home/pixel8/Q/Q_pixel8/runexusiam/pandora/ensign_identity_moniker/docs/EMAIL_TO_TEXT_SETUP.md,/data/data/com.termux/files/home/pixelation/docs/markdown_archive/EMAIL_TO_TEXT_SETUP.md,0bf58d7e7cef0714742180e361e42e3244803bd9fe7a7bce7e6f0af6074439c4
/data/data/com.termux/files/home/pixel8/Q/Q_pixel8/runexusiam/eternal_naught_space/README.md,/data/data/com.termux/files/home/pixelation/docs/markdown_archive/README_v751.md,62a71977ab226dd996e11e6456231baac124801f7764c600ab99b7b80efd4785
/data/data/com.termux/files/home/pixel8/Q/Q_pixel8/runexusiam/gamemaster/README.md,/data/data/com.termux/files/home/pixelation/docs/markdown_archive/README_v752.md,b92af40aa3903bdbc939715eb9f08074937a971342b3a19fb0f91a3d77d26596
/data/data/com.termux/files/home/pixel8/Q/Q_pixel8/runexusiam/gamemaster/docs/INTEGRATION_PLAN.md,/data/data/com.termux/files/home/pixelation/docs/markdown_archive/INTEGRATION_PLAN.md,fa7e902c096c438820212b1e11f032096933360aa5ec5419231fcb5b9c346416
/data/data/com.termux/files/home/pixel8/Q/Q_pixel8/runexusiam/essence_engine/CONTRIBUTING.md,/data/data/com.termux/files/home/pixelation/docs/markdown_archive/CONTRIBUTING_v30.md,e7390878488984768a215ec8eece2c9b46cdb0290e08f107f4ef8d697ae98a1a
/data/data/com.termux/files/home/pixel8/Q/Q_pixel8/runexusiam/essence_engine/Future Directions.md,/data/data/com.termux/files/home/pixelation/docs/markdown_archive/Future Directions.md,6e9b5387f2b3ceb66610f4c6a009b4c20db85654d0690c4459275f00101ce92d
/data/data/com.termux/files/home/pixel8/Q/Q_pixel8/runexusiam/essence_engine/GITHUB_ISSUES.md,/data/data/com.termux/files/home/pixelation/docs/markdown_archive/GITHUB_ISSUES.md,7e398b40930eb044cd94a5ce398989da9d9ae53400b43a77b9bf17a3a3a1dd62
/data/data/com.termux/files/home/pixel8/Q/Q_pixel8/runexusiam/essence_engine/GITHUB_PROJECT_STRUCTURE.md,/data/data/com.termux/files/home/pixelation/docs/markdown_archive/GITHUB_PROJECT_STRUCTURE.md,974a9cbd8185f543e66a664e1cc8b92f5c828db486d992a2ba19d740239253be
/data/data/com.termux/files/home/pixel8/Q/Q_pixel8/runexusiam/essence_engine/README.md,/data/data/com.termux/files/home/pixelation/docs/markdown_archive/README_v753.md,6ed8ad58b1b7de8fe6133fedddfe488d9b96d4ee9e255e962afcc8ef51e4e337
/data/data/com.termux/files/home/pixel8/Q/Q_pixel8/runexusiam/essence_engine/analysis/111520251643/adaptive-heuristics-analysis-summary.md,/data/data/com.termux/files/home/pixelation/docs/markdown_archive/adaptive-heuristics-analysis-summary.md,af1ac8fcea4ff870335e084a33fab0e2b7e0ee500faa58091a29310c7face64e
/data/data/com.termux/files/home/pixel8/Q/Q_pixel8/runexusiam/essence_engine/analysis/111525/adaptive-heuristics-analysis-summary.md,/data/data/com.termux/files/home/pixelation/docs/markdown_archive/adaptive-heuristics-analysis-summary_v2.md,6a221ad91c345d47ad5f6c14b8e3f60fe6a8463a96bc4c1c74bec8965c67e923
/data/data/com.termux/files/home/pixel8/Q/Q_pixel8/runexusiam/essence_engine/analysis/archive/4X_AGENTS_ANALYSIS_SUMMARY.md,/data/data/com.termux/files/home/pixelation/docs/markdown_archive/4X_AGENTS_ANALYSIS_SUMMARY.md,4e0c8ac0a458ad8575da4dca673bfd688af34e08fe10ceaa493bb683da38f478
/data/data/com.termux/files/home/pixel8/Q/Q_pixel8/runexusiam/essence_engine/analysis/archive/ADAPTIVE_REWARDS_TRAINING_ANALYSIS.md,/data/data/com.termux/files/home/pixelation/docs/markdown_archive/ADAPTIVE_REWARDS_TRAINING_ANALYSIS.md,80e80748efeff6c7248118d6251642e6d4e7e754fa92d39c041d68e5bb8666a8
/data/data/com.termux/files/home/pixel8/Q/Q_pixel8/runexusiam/essence_engine/analysis/archive/GEN4_PATTERN_ANALYSIS.md,/data/data/com.termux/files/home/pixelation/docs/markdown_archive/GEN4_PATTERN_ANALYSIS.md,7de49cd3b921eb8f58fe26e550cdd88422ef818622b404c3d4362251a52a23b8
/data/data/com.termux/files/home/pixel8/Q/Q_pixel8/runexusiam/essence_engine/analysis/archive/GEN9_VERIFICATION_ANALYSIS.md,/data/data/com.termux/files/home/pixelation/docs/markdown_archive/GEN9_VERIFICATION_ANALYSIS.md,9d99a448a1f158090c8a4cdb9221f1f4f68bb5df2d04f18e32bf6ada8a84aff0
/data/data/com.termux/files/home/pixel8/Q/Q_pixel8/runexusiam/essence_engine/analysis/archive/post_modularization_regression.md,/data/data/com.termux/files/home/pixelation/docs/markdown_archive/post_modularization_regression.md,23026fb0ed6fdcdd3fedfd3d6c4d23dc67f6b13c15f4b99d8110ec36afd93e66
/data/data/com.termux/files/home/pixel8/Q/Q_pixel8/runexusiam/essence_engine/docs/INDEX.md,/data/data/com.termux/files/home/pixelation/docs/markdown_archive/INDEX.md,2596cb5e5bbd2ac8b97d7c1183dee9a13e45dd5af61ae4bc91c65b2ee5113da1
/data/data/com.termux/files/home/pixel8/Q/Q_pixel8/runexusiam/essence_engine/docs/architecture/ADAPTIVE_REWARD_IMPLEMENTATION_SUMMARY.md,/data/data/com.termux/files/home/pixelation/docs/markdown_archive/ADAPTIVE_REWARD_IMPLEMENTATION_SUMMARY.md,e6cc656fae2286d9d8562f958369674ad412b9f64faf86a7ad738f34f8c994ab
/data/data/com.termux/files/home/pixel8/Q/Q_pixel8/runexusiam/essence_engine/docs/architecture/ANALYZER_SUMMARY.md,/data/data/com.termux/files/home/pixelation/docs/markdown_archive/ANALYZER_SUMMARY.md,f9c72d0135a7ef1b1c761a68f15ee028aadb227568b039b49f2f9d11bc03c0bd
/data/data/com.termux/files/home/pixel8/Q/Q_pixel8/runexusiam/essence_engine/docs/architecture/ANALYZER_TOOLS_SUMMARY.md,/data/data/com.termux/files/home/pixelation/docs/markdown_archive/ANALYZER_TOOLS_SUMMARY.md,b53f09b5a83b1258affebc75e272076deebf1ac90d320940bfb06331e77d2bb6
/data/data/com.termux/files/home/pixel8/Q/Q_pixel8/runexusiam/essence_engine/docs/architecture/DECAY_SYSTEM.md,/data/data/com.termux/files/home/pixelation/docs/markdown_archive/DECAY_SYSTEM.md,419812c479952d3399021f44a767571f4e7480c6b8bb1012f0dee15adff0c010
/data/data/com.termux/files/home/pixel8/Q/Q_pixel8/runexusiam/essence_engine/docs/architecture/GRADIENT_IMPLEMENTATION_SUMMARY.md,/data/data/com.termux/files/home/pixelation/docs/markdown_archive/GRADIENT_IMPLEMENTATION_SUMMARY.md,3ff1a2767ba20b6f93a8595ca3b75e0cb5c3244e69ab348a8cedeba08081d508
/data/data/com.termux/files/home/pixel8/Q/Q_pixel8/runexusiam/essence_engine/docs/architecture/LEARNING_SYSTEM.md,/data/data/com.termux/files/home/pixelation/docs/markdown_archive/LEARNING_SYSTEM.md,7fd9d4364f7cfa722e6db595525bb5c94680810082edbbf44e37c4b3a9988ae6
/data/data/com.termux/files/home/pixel8/Q/Q_pixel8/runexusiam/essence_engine/docs/architecture/MITOSIS_IMPLEMENTATION.md,/data/data/com.termux/files/home/pixelation/docs/markdown_archive/MITOSIS_IMPLEMENTATION.md,845792064a258697c3762a048da5cbb46c166dcdc6f2a11ebd419f4cd2451a67
/data/data/com.termux/files/home/pixel8/Q/Q_pixel8/runexusiam/essence_engine/docs/architecture/MULTIPLE_RESOURCES_IMPLEMENTATION.md,/data/data/com.termux/files/home/pixelation/docs/markdown_archive/MULTIPLE_RESOURCES_IMPLEMENTATION.md,950c66fc098054865a76045aceda7d64bc9f02da529712bc913fc3991ebe2a64
/data/data/com.termux/files/home/pixel8/Q/Q_pixel8/runexusiam/essence_engine/docs/architecture/README.md,/data/data/com.termux/files/home/pixelation/docs/markdown_archive/README_v754.md,9d9334a2ec8712c1f6a6174044705ba9599248c6bc58fee6d8ca775bf57749ff
/data/data/com.termux/files/home/pixel8/Q/Q_pixel8/runexusiam/essence_engine/docs/architecture/REWARD_DECISION_TREE.md,/data/data/com.termux/files/home/pixelation/docs/markdown_archive/REWARD_DECISION_TREE.md,1086a79edb39baeec8b89793a6d000fe89614dc25b81cb7b1791770926874be2
/data/data/com.termux/files/home/pixel8/Q/Q_pixel8/runexusiam/essence_engine/docs/architecture/REWARD_SYSTEM_SUMMARY.md,/data/data/com.termux/files/home/pixelation/docs/markdown_archive/REWARD_SYSTEM_SUMMARY.md,a4fcc1c4dab1b687ceb2fa8a511972b017ced5bdef6e1bce07c577980364fddc
/data/data/com.termux/files/home/pixel8/Q/Q_pixel8/runexusiam/essence_engine/docs/architecture/SENSING_REBALANCE.md,/data/data/com.termux/files/home/pixelation/docs/markdown_archive/SENSING_REBALANCE.md,4b194f7d6338cbb3d2cf3dc184bcb4906c1dee29de428ab7de566bf25053f4b7
/data/data/com.termux/files/home/pixel8/Q/Q_pixel8/runexusiam/essence_engine/docs/architecture/SIGNAL_FIELD_SYSTEM_OVERVIEW.md,/data/data/com.termux/files/home/pixelation/docs/markdown_archive/SIGNAL_FIELD_SYSTEM_OVERVIEW.md,cc28a406d086d3a306b969b977b0e8686261aaf1f3bb01bbe64da42f9ba6f39a
/data/data/com.termux/files/home/pixel8/Q/Q_pixel8/runexusiam/essence_engine/docs/architecture/STATE_EXPORT_IMPORT.md,/data/data/com.termux/files/home/pixelation/docs/markdown_archive/STATE_EXPORT_IMPORT.md,0847d3adcda33676970d853f6c318bb3eed029760bf972e04a86930d8b55bc18
/data/data/com.termux/files/home/pixel8/Q/Q_pixel8/runexusiam/essence_engine/docs/architecture/TC_RESOURCE_INTEGRATION.md,/data/data/com.termux/files/home/pixelation/docs/markdown_archive/TC_RESOURCE_INTEGRATION.md,5f1de1c0c0939f9075b8d9708218659fd370eec6774e29373ce49bd00ff8ba91
/data/data/com.termux/files/home/pixel8/Q/Q_pixel8/runexusiam/essence_engine/docs/architecture/TECHNICAL_DOC.md,/data/data/com.termux/files/home/pixelation/docs/markdown_archive/TECHNICAL_DOC.md,65306fa1ed6ab6c4464f29b35301895755581d27bb59040c5d22a97777eb3573
/data/data/com.termux/files/home/pixel8/Q/Q_pixel8/runexusiam/essence_engine/docs/archive/INTEGRATION_COMPLETE.md,/data/data/com.termux/files/home/pixelation/docs/markdown_archive/INTEGRATION_COMPLETE.md,a375c3cd8e50122f10cc5fb2aeffdbe82f42afafdcc8e42babb68cb84faecf48
/data/data/com.termux/files/home/pixel8/Q/Q_pixel8/runexusiam/essence_engine/docs/archive/ORMD_MIGRATION_SUMMARY.md,/data/data/com.termux/files/home/pixelation/docs/markdown_archive/ORMD_MIGRATION_SUMMARY.md,e29d7796648e7762aecc90ea502c5ca0d39d98c4db3696cf45e588f186a49609
/data/data/com.termux/files/home/pixel8/Q/Q_pixel8/runexusiam/essence_engine/docs/archive/PROJECT_PROGRESS_OVERVIEW.md,/data/data/com.termux/files/home/pixelation/docs/markdown_archive/PROJECT_PROGRESS_OVERVIEW.md,2b3b2bf2cae248bd06fdd5e80d66a337f9edbc10fdf5448da82328475b11b166
/data/data/com.termux/files/home/pixel8/Q/Q_pixel8/runexusiam/essence_engine/docs/archive/README.md,/data/data/com.termux/files/home/pixelation/docs/markdown_archive/README_v755.md,682d1133ea9b0f96bc2307f5e3784ac1d44592a2666d3cf73b5a8f4c303729b7
/data/data/com.termux/files/home/pixel8/Q/Q_pixel8/runexusiam/essence_engine/docs/archive/REWARD_SYSTEM_IMPLEMENTATION_PLAN.md,/data/data/com.termux/files/home/pixelation/docs/markdown_archive/REWARD_SYSTEM_IMPLEMENTATION_PLAN.md,a66db471f9fd9203dce5c08f8d3eb9e6ca2da974edaf0973e15ef47caf15d399
/data/data/com.termux/files/home/pixel8/Q/Q_pixel8/runexusiam/essence_engine/docs/archive/WHATS_NEW.md,/data/data/com.termux/files/home/pixelation/docs/markdown_archive/WHATS_NEW.md,0e6371377cfc2caee02ef1783d22cf9cf7eb86f3086f3c9408c7d35875003bb2
/data/data/com.termux/files/home/pixel8/Q/Q_pixel8/runexusiam/essence_engine/docs/archive/technical-fixes/FIXES_APPLIED.md,/data/data/com.termux/files/home/pixelation/docs/markdown_archive/FIXES_APPLIED.md,12d8871121476e741e98931f53dbb77882fa90c61341383e0bcf8097ca4d93a8
/data/data/com.termux/files/home/pixel8/Q/Q_pixel8/runexusiam/essence_engine/docs/archive/technical-fixes/FLICKERING_FIX.md,/data/data/com.termux/files/home/pixelation/docs/markdown_archive/FLICKERING_FIX.md,0acc3df93c3bc865334e773e8a553216b3c81b402214f5bb8db87d978fe09549
/data/data/com.termux/files/home/pixel8/Q/Q_pixel8/runexusiam/essence_engine/docs/archive/technical-fixes/QUICK_FIX_TC_OVERLAY.md,/data/data/com.termux/files/home/pixelation/docs/markdown_archive/QUICK_FIX_TC_OVERLAY.md,c5bc335e8d8a367e05c7d08596b543fc808464173f9f9139282bac477b7e2f9c
/data/data/com.termux/files/home/pixel8/Q/Q_pixel8/runexusiam/essence_engine/docs/archive/technical-fixes/TC_OVERLAY_FIX.md,/data/data/com.termux/files/home/pixelation/docs/markdown_archive/TC_OVERLAY_FIX.md,fcdf2b063dc1c162c5ceb0bcd67e06680760f23d1eeb6d87c734e5bfcef84030
/data/data/com.termux/files/home/pixel8/Q/Q_pixel8/runexusiam/essence_engine/docs/how-to/BATCH_ANALYZER_GUIDE.md,/data/data/com.termux/files/home/pixelation/docs/markdown_archive/BATCH_ANALYZER_GUIDE.md,b8435e66051f70be9426cdb16ba1cf7cb4c87b2ab3ca7bf541577b087a0d756b
/data/data/com.termux/files/home/pixel8/Q/Q_pixel8/runexusiam/essence_engine/docs/how-to/DEBUG_MODE_GUIDE.md,/data/data/com.termux/files/home/pixelation/docs/markdown_archive/DEBUG_MODE_GUIDE.md,d691bac4cce0af978493f5bf0675aa70ff2d1119e34669aa0dff04aa3335cf9c
/data/data/com.termux/files/home/pixel8/Q/Q_pixel8/runexusiam/essence_engine/docs/how-to/HUNGER_SYSTEM_GUIDE.md,/data/data/com.termux/files/home/pixelation/docs/markdown_archive/HUNGER_SYSTEM_GUIDE.md,2c889ff280657a8ffe8d261c26f5f5a8df422d66c3623d973dcd2d121a11c53f
/data/data/com.termux/files/home/pixel8/Q/Q_pixel8/runexusiam/essence_engine/docs/how-to/MULTI_AGENT_GUIDE.md,/data/data/com.termux/files/home/pixelation/docs/markdown_archive/MULTI_AGENT_GUIDE.md,63207072278fa904c16e939dddce4a9d9c46a66ad9e215a683fdaf55de8e2e65
/data/data/com.termux/files/home/pixel8/Q/Q_pixel8/runexusiam/essence_engine/docs/how-to/OWN_TRAIL_PENALTY_GUIDE.md,/data/data/com.termux/files/home/pixelation/docs/markdown_archive/OWN_TRAIL_PENALTY_GUIDE.md,c59e252a2abb054b9940a9304c230b225fccb2cdb5be8ca476885ed701c2a8b2
/data/data/com.termux/files/home/pixel8/Q/Q_pixel8/runexusiam/essence_engine/docs/how-to/PARTICIPATION_GUIDE.md,/data/data/com.termux/files/home/pixelation/docs/markdown_archive/PARTICIPATION_GUIDE.md,812c6f515ac3af4cfd1648bfd2e8daf7f2cea14ed2a6c1b8f97840ba878e2a83
/data/data/com.termux/files/home/pixel8/Q/Q_pixel8/runexusiam/essence_engine/docs/how-to/PLANT_ECOLOGY_GUIDE.md,/data/data/com.termux/files/home/pixelation/docs/markdown_archive/PLANT_ECOLOGY_GUIDE.md,86a9060f66b7eede747db80a86d5f4accc7b3970ba6c238b5f94c168e75e0d26
/data/data/com.termux/files/home/pixel8/Q/Q_pixel8/runexusiam/essence_engine/docs/how-to/POLICY_ANALYZER_GUIDE.md,/data/data/com.termux/files/home/pixelation/docs/markdown_archive/POLICY_ANALYZER_GUIDE.md,96efc23ad4f2e6f93390ad2095610035618c9e44080193e37c32ff29882e842c
/data/data/com.termux/files/home/pixel8/Q/Q_pixel8/runexusiam/essence_engine/docs/how-to/POLICY_TRAINING_TIPS.md,/data/data/com.termux/files/home/pixelation/docs/markdown_archive/POLICY_TRAINING_TIPS.md,962386bff2237defc77965229cf575d8a305a20bfd388dd3ea7bada2f62e8ed7
/data/data/com.termux/files/home/pixel8/Q/Q_pixel8/runexusiam/essence_engine/docs/how-to/QUICK_START_ADAPTIVE_REWARDS.md,/data/data/com.termux/files/home/pixelation/docs/markdown_archive/QUICK_START_ADAPTIVE_REWARDS.md,0511e04d9ba1d6d5b870a018d47fea2f1beec93567b4868d7325d5c479dadb18
/data/data/com.termux/files/home/pixel8/Q/Q_pixel8/runexusiam/essence_engine/docs/how-to/QUICK_TEST.md,/data/data/com.termux/files/home/pixelation/docs/markdown_archive/QUICK_TEST.md,17ba4ceb13dded484ae8d96dcf1bf4c48b4a6728630d47ac2feb6d90d3b7d426
/data/data/com.termux/files/home/pixel8/Q/Q_pixel8/runexusiam/essence_engine/docs/how-to/README.md,/data/data/com.termux/files/home/pixelation/docs/markdown_archive/README_v756.md,299e53d5994675ab22447fa92fb8b575758cc7f32c1b9b869b213cbeb94f6ac9
/data/data/com.termux/files/home/pixel8/Q/Q_pixel8/runexusiam/essence_engine/docs/how-to/RESOURCE_ECOLOGY_GUIDE.md,/data/data/com.termux/files/home/pixelation/docs/markdown_archive/RESOURCE_ECOLOGY_GUIDE.md,737e1b7b7a807cbf91ad755c3c8483cd008b472db576401341688b0a046a1c9b
/data/data/com.termux/files/home/pixel8/Q/Q_pixel8/runexusiam/essence_engine/docs/how-to/SCENT_GRADIENT_GUIDE.md,/data/data/com.termux/files/home/pixelation/docs/markdown_archive/SCENT_GRADIENT_GUIDE.md,96afa8550ba5030c779f4c0bc5b144c6d9fb2ac160354dd758b8727c0f187d9c
/data/data/com.termux/files/home/pixel8/Q/Q_pixel8/runexusiam/essence_engine/docs/how-to/TC_BROWSER_GUIDE.md,/data/data/com.termux/files/home/pixelation/docs/markdown_archive/TC_BROWSER_GUIDE.md,f780facf59a2aaa60ebc24eb8ef9fb083bd2bd7e073e34a040ce50e324ae9bd3
/data/data/com.termux/files/home/pixel8/Q/Q_pixel8/runexusiam/essence_engine/docs/how-to/TC_RESOURCE_QUICKSTART.md,/data/data/com.termux/files/home/pixelation/docs/markdown_archive/TC_RESOURCE_QUICKSTART.md,137e547625cff4bf217d41f6a1c0932102af2f54dd8521345c0dffeeca9d4d29
/data/data/com.termux/files/home/pixel8/Q/Q_pixel8/runexusiam/essence_engine/docs/how-to/TRAINING_GUIDE.md,/data/data/com.termux/files/home/pixelation/docs/markdown_archive/TRAINING_GUIDE.md,c12196a255821f7b8c77b984ceec80cc377408d1c453207d5b41a108d91a1b9f
/data/data/com.termux/files/home/pixel8/Q/Q_pixel8/runexusiam/essence_engine/docs/how-to/VISUAL_INDICATORS.md,/data/data/com.termux/files/home/pixelation/docs/markdown_archive/VISUAL_INDICATORS.md,59d870925a9a344816e6163706766d80ce8f9899f475d764c54b2f0ac32551ba
/data/data/com.termux/files/home/pixel8/Q/Q_pixel8/runexusiam/essence_engine/docs/ormd_schema.md,/data/data/com.termux/files/home/pixelation/docs/markdown_archive/ormd_schema.md,f74a8ad07b0d276e4a5579d49b75967632b423d7109d2bee7163eec5f2af92eb
/data/data/com.termux/files/home/pixel8/Q/Q_pixel8/runexusiam/essence_engine/plans/Training.md,/data/data/com.termux/files/home/pixelation/docs/markdown_archive/Training.md,aeac180ed0202e2bae98fd29d435c8b6bb2bd228a013e32f8a8e12ee882336b4
/data/data/com.termux/files/home/pixel8/Q/Q_pixel8/runexusiam/essence_engine/profiles/debug/README.md,/data/data/com.termux/files/home/pixelation/docs/markdown_archive/README_v757.md,3b7e759fc8018778d3fcf9cb5d37850614451ec28d680cee269d9b6df991b03a
/data/data/com.termux/files/home/pixel8/Q/Q_pixel8/runexusiam/essence_engine/scripts/run_universality_rule110.headless.md,/data/data/com.termux/files/home/pixelation/docs/markdown_archive/run_universality_rule110.headless.md,05ee65346e3a25394fb1640f1f445904a1029ee2d8a908ca6d7027935d90fd0f
/data/data/com.termux/files/home/pixel8/Q/Q_pixel8/runexusiam/essence_engine/src/README.md,/data/data/com.termux/files/home/pixelation/docs/markdown_archive/README_v758.md,ca484b6145ccf0ba13a76e94b465e6c949c8f7c89fe8ee6560c802fd3e457391
/data/data/com.termux/files/home/pixel8/Q/Q_pixel8/runexusiam/essence_engine/src/consolelogs.md,/data/data/com.termux/files/home/pixelation/docs/markdown_archive/consolelogs.md,c2eaf91dca80a27f7c4f119a9243078cfae7209ac6e07eb76ed94eb4a225020c
/data/data/com.termux/files/home/pixel8/Q/Q_pixel8/runexusiam/essence_engine/src/core/README.md,/data/data/com.termux/files/home/pixelation/docs/markdown_archive/README_v759.md,df6b735df487a3bd4ce2c3a03994de8b7caac90b7e50595d1f64dae91c7eaf06
/data/data/com.termux/files/home/pixel8/Q/Q_pixel8/runexusiam/essence_engine/src/systems/README.md,/data/data/com.termux/files/home/pixelation/docs/markdown_archive/README_v760.md,fd04a734909a02381be966d95f881bd3048c514edfc7d476eb793a49b5f4dae3
/data/data/com.termux/files/home/pixel8/Q/Q_pixel8/runexusiam/essence_engine/src/ui/README.md,/data/data/com.termux/files/home/pixelation/docs/markdown_archive/README_v761.md,d0afdd3b880d4a6d291640e88dd6d87c3551bd748590460d2d4c2d92ab8bd7fd
/data/data/com.termux/files/home/pixel8/Q/Q_pixel8/runexusiam/essence_engine/tc/docs/README.md,/data/data/com.termux/files/home/pixelation/docs/markdown_archive/README_v762.md,8d88d52cfaa426da3257bd78e8641835a91ef604b79778c80b980bb31777ef65
/data/data/com.termux/files/home/pixel8/Q/Q_pixel8/runexusiam/essence_engine/tc/docs/casual_universality_flex.md,/data/data/com.termux/files/home/pixelation/docs/markdown_archive/casual_universality_flex.md,1a07f88b7959436fc67073176dc478082a5c0f353e38c5e329c57caf759edaa6
/data/data/com.termux/files/home/pixel8/Q/Q_pixel8/runexusiam/essence_engine/tc/docs/tc_channel_design.md,/data/data/com.termux/files/home/pixelation/docs/markdown_archive/tc_channel_design.md,850474befabd33a43314a201e6d0aca14b939694b87bae00ef2ec7bdce4c8bfb
/data/data/com.termux/files/home/pixel8/Q/Q_pixel8/runexusiam/essence_engine/tc/docs/tc_performance.md,/data/data/com.termux/files/home/pixelation/docs/markdown_archive/tc_performance.md,d5607ef156e3c7ff608f3b558b80ac8c2c5782302c4c6b08e36b7717fcb6e8aa
/data/data/com.termux/files/home/pixel8/Q/Q_pixel8/runexusiam/essence_engine/tc/rollout_steps.md,/data/data/com.termux/files/home/pixelation/docs/markdown_archive/rollout_steps.md,3d5e08914915287d19b1c1753ac220c3a951edd60120ef394a2101b36de37ada
/data/data/com.termux/files/home/pixel8/Q/Q_pixel8/runexusiam/essence_engine/tc/update_plan.md,/data/data/com.termux/files/home/pixelation/docs/markdown_archive/update_plan.md,eee2525dbf0301187b1f38b8682d6eca14f42a95c8c0f3a01f3d7e204a9f20d7
/data/data/com.termux/files/home/pixel8/Q/Q_pixel8/runexusiam/essence_engine/training/README.md,/data/data/com.termux/files/home/pixelation/docs/markdown_archive/README_v763.md,8b3116b3398df131e6044907ec64593e4b8188cd4c1a69d611851ffbf73f4269
/data/data/com.termux/files/home/pixel8/Q/Q_pixel8/runexusiam/essence_engine/training/analysis/F_vs_R_comparison.md,/data/data/com.termux/files/home/pixelation/docs/markdown_archive/F_vs_R_comparison.md,b1c1f170551548e6b8e790856783ca303428d7a1ba7b01f18ccced4cece1c90e
/data/data/com.termux/files/home/pixel8/Q/Q_pixel8/runexusiam/essence_engine/tuning/GRADIENT_CONSUMPTION_DEBUG.md,/data/data/com.termux/files/home/pixelation/docs/markdown_archive/GRADIENT_CONSUMPTION_DEBUG.md,897e67d4edb12b630daae2aded67b3c5ec83ad0a05c62b7feff2a5e2955eafaf
/data/data/com.termux/files/home/pixel8/Q/Q_pixel8/runexusiam/essence_engine/tuning/IMPLEMENTATION_SUMMARY.md,/data/data/com.termux/files/home/pixelation/docs/markdown_archive/IMPLEMENTATION_SUMMARY.md,590abca41e32d85547598882ed3f1c838a773241c2b1e417dc3855c5b49c4096
/data/data/com.termux/files/home/pixel8/Q/Q_pixel8/runexusiam/essence_engine/tuning/ORBIT_FIX_NOTES.md,/data/data/com.termux/files/home/pixelation/docs/markdown_archive/ORBIT_FIX_NOTES.md,0d6c0b83e5fbb5b99d4cec74f78df19eba0dff65820d9cb6b1d02e978f48833a
/data/data/com.termux/files/home/pixel8/Q/Q_pixel8/runexusiam/essence_engine/tuning/ORBIT_ROOT_CAUSE.md,/data/data/com.termux/files/home/pixelation/docs/markdown_archive/ORBIT_ROOT_CAUSE.md,55d6cabc1197dcdd5f0b4d5f1593b87e4ff5a1c72f1d338f78c92798dbe57f8d
/data/data/com.termux/files/home/pixel8/Q/Q_pixel8/runexusiam/essence_engine/tuning/RESOURCE_TOOLTIP_GUIDE.md,/data/data/com.termux/files/home/pixelation/docs/markdown_archive/RESOURCE_TOOLTIP_GUIDE.md,9bcd0df68df6e2dddbd9d3cf31b66e447c018e066e0cad2ce9408ec78c86f20e
/data/data/com.termux/files/home/pixel8/Q/Q_pixel8/runexusiam/essence_engine/tuning/RESOURCE_VITALITY_SYSTEM.md,/data/data/com.termux/files/home/pixelation/docs/markdown_archive/RESOURCE_VITALITY_SYSTEM.md,d8a64ebf177eeee5a301eeb225acf1b8058d88a5bcf91d6ea05605e07503a755
/data/data/com.termux/files/home/pixel8/Q/Q_pixel8/runexusiam/oldtoday/README__2.md,/data/data/com.termux/files/home/pixelation/docs/markdown_archive/README__2.md,642d0ea498ec0b3e9010017a575159a51c980d6f1c04fba7c9516339b737fa6a
/data/data/com.termux/files/home/pixel8/Q/Q_pixel8/runexusiam/oldtoday/OPERATIONS_MANUAL_2.md,/data/data/com.termux/files/home/pixelation/docs/markdown_archive/OPERATIONS_MANUAL_2.md,e5d55b43b4e05c6ae154df9d1cc9babe5bfc53f45cb45d7ca6434f0f3a3c66e3
/data/data/com.termux/files/home/pixel8/Q/Q_pixel8/runexusiam/oldtoday/mission_statement_2.md,/data/data/com.termux/files/home/pixelation/docs/markdown_archive/mission_statement_2.md,909194e979ca4ce141b219720a7359896cd832647e3786e13da205924cd5d23a
/data/data/com.termux/files/home/pixel8/Q/Q_pixel8/runexusiam/oldtoday/QUICKSTART_2.md,/data/data/com.termux/files/home/pixelation/docs/markdown_archive/QUICKSTART_2.md,f9e82e8432817d8bc4a0d572bc478541beba172200f01fdaf61094cb59e2a27b
/data/data/com.termux/files/home/pixel8/Q/Q_pixel8/runexusiam/oldtoday/archive_consolidation_strategy_2.md,/data/data/com.termux/files/home/pixelation/docs/markdown_archive/archive_consolidation_strategy_2.md,a73bae4ad7941ee652495f1eeb91df24929bf877d0ce97428c5681db6524e12e
/data/data/com.termux/files/home/pixel8/Q/Q_pixel8/runexusiam/oldtoday/zero_point_index_2.md,/data/data/com.termux/files/home/pixelation/docs/markdown_archive/zero_point_index_2.md,7d94d435a1dab48cfa9b04ede45b0a9a68e8d895b17a5de7f8d0874bb89eb6bb
/data/data/com.termux/files/home/pixel8/Q/Q_pixel8/runexusiam/oldtoday/core_principles_2.md,/data/data/com.termux/files/home/pixelation/docs/markdown_archive/core_principles_2.md,1c7575a377f8babb4c2c746c40f94e2c2481b23a89a1d97891deae9c351b5e7d
/data/data/com.termux/files/home/pixel8/Q/Q_pixel8/runexusiam/oldtoday/eternal_naught_readme_2.md,/data/data/com.termux/files/home/pixelation/docs/markdown_archive/eternal_naught_readme_2.md,1ccc1c79b7b2775aaac7c1e39e4ac1a256af5ece2220c9feec1b48529a40392f
/data/data/com.termux/files/home/pixel8/Q/Q_pixel8/runexusiam/oldtoday/README_2.md,/data/data/com.termux/files/home/pixelation/docs/markdown_archive/README_2_v4.md,7432e17281aee4ac6d843de470d1b567646a0fc821010d6504469370935a8be4
/data/data/com.termux/files/home/pixel8/Q/Q_pixel8/runexusiam/oldtoday/content_integration_protocols_2.md,/data/data/com.termux/files/home/pixelation/docs/markdown_archive/content_integration_protocols_2.md,0cdd1146972d73d27e29b3ebacdcc0887b72199d3bbeec20eecce04c36da6821
/data/data/com.termux/files/home/pixel8/Q/Q_pixel8/runexusiam/oldtoday/index_mancer_specification_2.md,/data/data/com.termux/files/home/pixelation/docs/markdown_archive/index_mancer_specification_2.md,55d6836915a7e375ef5180f4ffcd04b2a6fd6ecb92caec33513131ffca0648df
/data/data/com.termux/files/home/pixel8/Q/Q_pixel8/runexusiam/oldtoday/vision_framework_2.md,/data/data/com.termux/files/home/pixelation/docs/markdown_archive/vision_framework_2.md,c5e2e47f0960a31254ac494574c2ce18bde4aba688ddcb28df2dc5af9de7ff61
/data/data/com.termux/files/home/pixel8/Q/Q_pixel8/runexusiam/oldtoday/folder_mancer_specification_2.md,/data/data/com.termux/files/home/pixelation/docs/markdown_archive/folder_mancer_specification_2.md,4adfb35a5907222f39ccea71a0772248698f5f83e5f20179a64076e0221a0a0f
/data/data/com.termux/files/home/pixel8/Q/Q_pixel8/runexusiam/oldtoday/collaboration_charter_2.md,/data/data/com.termux/files/home/pixelation/docs/markdown_archive/collaboration_charter_2.md,fe4f0368d88f15b82cab064536525fdc1b9ad3cc43c32a597020b5841be5e3c5
/data/data/com.termux/files/home/pixel8/Q/Q_pixel8/runexusiam/oldtoday/tool_development_framework_2.md,/data/data/com.termux/files/home/pixelation/docs/markdown_archive/tool_development_framework_2.md,6c59eba6cff50543fbebc068282851ab4a12163f85d5515055ab47f9c90885ef
/data/data/com.termux/files/home/pixel8/Q/Q_pixel8/runexusiam/oldtoday/unexusi_quarantine/GITHUB_WORKFLOW_2.md,/data/data/com.termux/files/home/pixelation/docs/markdown_archive/GITHUB_WORKFLOW_2.md,c68d9f77a41744c267324485fb7d0da68354524013de0db1afc3556d2a203290
/data/data/com.termux/files/home/pixel8/Q/Q_pixel8/runexusiam/oldtoday/unexusi_quarantine/WHERE_AM_I_2.md,/data/data/com.termux/files/home/pixelation/docs/markdown_archive/WHERE_AM_I_2.md,55c8dd8283d084444c3ae1147bb3c639e39369bfc807acbae30fdc32215e53b3
/data/data/com.termux/files/home/pixel8/Q/Q_pixel8/runexusiam/oldtoday/unexusi_quarantine/README_2.md,/data/data/com.termux/files/home/pixelation/docs/markdown_archive/README_2_v5.md,d8c9f0f59041c8f04ca827cd8b27a2dbcedaddeb37c3a15b42c02f8bfd8e6bcc
/data/data/com.termux/files/home/pixel8/Q/Q_pixel8/runexusiam/oldtoday/unexusi_quarantine/COLD_STORAGE_README_2.md,/data/data/com.termux/files/home/pixelation/docs/markdown_archive/COLD_STORAGE_README_2.md,b9e842beca6c7a677f8e99219e57c316205d8d7c064a9630bb52190376feb847
/data/data/com.termux/files/home/pixel8/Q/Q_pixel8/runexusiam/oldtoday/unexusi_quarantine/CONSCIOUSNESS_SESSION_NOTES_2.md,/data/data/com.termux/files/home/pixelation/docs/markdown_archive/CONSCIOUSNESS_SESSION_NOTES_2.md,306767a03f8312f63ca1a9ad5a5662fe8ac93b0c606c2a080617e88f28ebe877
/data/data/com.termux/files/home/pixel8/Q/Q_pixel8/runexusiam/oldtoday/unexusi_quarantine/logs/chain_of_custody_20251125_183817_2.md,/data/data/com.termux/files/home/pixelation/docs/markdown_archive/chain_of_custody_20251125_183817_2.md,9b2e45b76215ab74c87d7e0a0d7319ccf36ce78abfd6976f4b8ad224f0889e87
/data/data/com.termux/files/home/pixel8/Q/Q_pixel8/runexusiam/oldtoday/unexusi_quarantine/logs/space_recovered_20251125_183534_2.md,/data/data/com.termux/files/home/pixelation/docs/markdown_archive/space_recovered_20251125_183534_2.md,cd219de89d26bcb633c3dcbd20c964b94c540f1dfc148a2008fdade1c48231b9
/data/data/com.termux/files/home/pixel8/Q/Q_pixel8/runexusiam/oldtoday/unexusi_quarantine/logs/space_recovered_20251125_183817_2.md,/data/data/com.termux/files/home/pixelation/docs/markdown_archive/space_recovered_20251125_183817_2.md,2dfd26cf44a5a72a96314d7fbfe0f960bea284acf9e0c772e27b49a8d25d9946
/data/data/com.termux/files/home/pixel8/Q/Q_pixel8/runexusiam/oldtoday/unexusi_quarantine/logs/space_recovered_20251125_183341_2.md,/data/data/com.termux/files/home/pixelation/docs/markdown_archive/space_recovered_20251125_183341_2.md,0632fb581e925645ed56ba07adcb73de9477ebdee17f2b864f63c03307c4e3bf
/data/data/com.termux/files/home/pixel8/Q/Q_pixel8/runexusiam/oldtoday/unexusi_quarantine/logs/chain_of_custody_20251125_183341_2.md,/data/data/com.termux/files/home/pixelation/docs/markdown_archive/chain_of_custody_20251125_183341_2.md,100bcb8cfa3972ef325338bb63c32144f234bd55595571921b130b9a79dbb8c7
/data/data/com.termux/files/home/pixel8/Q/Q_pixel8/runexusiam/oldtoday/unexusi_quarantine/logs/operations_log_2.md,/data/data/com.termux/files/home/pixelation/docs/markdown_archive/operations_log_2.md,113740c9721a70de999cd6681438e0be7bdacdd3deebfd831a79f143c3587c00
/data/data/com.termux/files/home/pixel8/Q/Q_pixel8/runexusiam/oldtoday/unexusi_quarantine/logs/chain_of_custody_20251125_183534_2.md,/data/data/com.termux/files/home/pixelation/docs/markdown_archive/chain_of_custody_20251125_183534_2.md,db79ef2d66426306682e36cb13d47fc53fe3605119778c4d80ccaa6eac5c88ca
/data/data/com.termux/files/home/pixel8/Q/Q_pixel8/runexusiam/oldtoday/unexusi_quarantine/PHILOSOPHY_2.md,/data/data/com.termux/files/home/pixelation/docs/markdown_archive/PHILOSOPHY_2.md,e8de02d171e2013a90c6b82e3dd8fd625245536e374c0c3c25130e835e62ee54
/data/data/com.termux/files/home/pixel8/Q/Q_pixel8/runexusiam/oldtoday/unexusi_quarantine/QUARANTINE_SUCCESS_REPORT_2.md,/data/data/com.termux/files/home/pixelation/docs/markdown_archive/QUARANTINE_SUCCESS_REPORT_2.md,67c1f9d2a4357b8e2e547aa542e63a3f53fe66552b69d3ba5d3624e8209fd3c0
/data/data/com.termux/files/home/pixel8/Q/Q_pixel8/runexusiam/oldtoday/unexusi_que/WHERE_AM_I_2.md,/data/data/com.termux/files/home/pixelation/docs/markdown_archive/WHERE_AM_I_2_v2.md,7effcef245fd59fbc090af5a294c4f6970edc4780af3a8a1960642cabc061b0f
/data/data/com.termux/files/home/pixel8/Q/Q_pixel8/runexusiam/oldtoday/visionary_suite/WHERE_AM_I_2.md,/data/data/com.termux/files/home/pixelation/docs/markdown_archive/WHERE_AM_I_2_v3.md,16aff4e56961fd95e0f9afdf045e367326b42fb119ab447ae6308d75599418f6
/data/data/com.termux/files/home/pixel8/Q/Q_pixel8/runexusiam/oldtoday/visionary_suite/pwd_mancer_design_2.md,/data/data/com.termux/files/home/pixelation/docs/markdown_archive/pwd_mancer_design_2.md,bb15654641943ff8248aa3cfd1a2bf413b4554ba9ba3fa7143115dd839f7c75a
/data/data/com.termux/files/home/pixel8/Q/Q_pixel8/runexusiam/oldtoday/visionary_suite/README_2.md,/data/data/com.termux/files/home/pixelation/docs/markdown_archive/README_2_v6.md,35411fdfc383a13804ceb5dded686e5d35909d53f0fb3472567f32bd2dc75b9b
/data/data/com.termux/files/home/pixel8/Q/Q_pixel8/runexusiam/oldtoday/visionary_suite/VISIONARY_QUICKREF_2.md,/data/data/com.termux/files/home/pixelation/docs/markdown_archive/VISIONARY_QUICKREF_2.md,43ae68fc1a51374f573af0612be1ddbff157fbc26e0313c938edba54a333636a
/data/data/com.termux/files/home/pixel8/Q/Q_pixel8/runexusiam/oldtoday/visionary_suite/mancer_protocol_2.md,/data/data/com.termux/files/home/pixelation/docs/markdown_archive/mancer_protocol_2.md,1b19f6205826dc22fa47985ab1928ce2e7bbe73e0c1304d69914826d0ffd7dcb
/data/data/com.termux/files/home/pixel8/Q/Q_pixel8/runexusiam/unexusi_anex/AGENTS.md,/data/data/com.termux/files/home/pixelation/docs/markdown_archive/AGENTS.md,8df3486e64ca1430fdbb51075dbb171d8d1fb9f9c5c02b52efd7e97ed97020ea
/data/data/com.termux/files/home/pixel8/Q/Q_pixel8/runexusiam/unexusi_anex/README.md,/data/data/com.termux/files/home/pixelation/docs/markdown_archive/README_v764.md,23a23580bc5c02fecc0cb03f93e8d7f9908605a24e10e82cdf38199968e35d9f
/data/data/com.termux/files/home/pixel8/Q/Q_pixel8/runexusiam/unexusi_anex/agents/docs/RSA Core.md,/data/data/com.termux/files/home/pixelation/docs/markdown_archive/RSA Core.md,6f10508b289b5d7af211445704c12151293ba9f99d86c1b974918d29421b057a
/data/data/com.termux/files/home/pixel8/Q/Q_pixel8/runexusiam/unexusi_anex/agents/docs/anex.md,/data/data/com.termux/files/home/pixelation/docs/markdown_archive/anex.md,045ebc4b18eff56aff972ae3c0e2c48df7780dbecde8264ba37f52ed8385cac6
/data/data/com.termux/files/home/pixel8/Q/Q_pixel8/runexusiam/unexusi_dynamic_narrative/README.md,/data/data/com.termux/files/home/pixelation/docs/markdown_archive/README_v765.md,c025e69304e4b977004f5364e602896f64e912f04efe3ff6daadc17791525967
/data/data/com.termux/files/home/pixel8/Q/Q_pixel8/runexusiam/genai-processors/CONTRIBUTING.md,/data/data/com.termux/files/home/pixelation/docs/markdown_archive/CONTRIBUTING_v31.md,b73a34b746e4b2d4b9b2c7099e2e871c1a510af2a8ea58f65f3d192f30e94540
/data/data/com.termux/files/home/pixel8/Q/Q_pixel8/runexusiam/genai-processors/README.md,/data/data/com.termux/files/home/pixelation/docs/markdown_archive/README_v766.md,95b7163894aaeae138d8f052f7973255d80121b5518cd74cd4945cff70d8fc69
/data/data/com.termux/files/home/pixel8/Q/Q_pixel8/runexusiam/genai-processors/README.pypi.md,/data/data/com.termux/files/home/pixelation/docs/markdown_archive/README.pypi.md,ca6812d0345aeb1470bc265667edf14fd32161f03f70618603aa99fe579dd99f
/data/data/com.termux/files/home/pixel8/Q/Q_pixel8/runexusiam/genai-processors/examples/README.md,/data/data/com.termux/files/home/pixelation/docs/markdown_archive/README_v767.md,130ddb69a73665f63f1240721cfdd1c8a2a78b40eb6520703e726ea250cbdc1d
/data/data/com.termux/files/home/pixel8/Q/Q_pixel8/runexusiam/genai-processors/examples/live/README.md,/data/data/com.termux/files/home/pixelation/docs/markdown_archive/README_v768.md,e3bf48916487d01ab9efa7de91a52402e5f72978cad7fc285a61993282e52834
/data/data/com.termux/files/home/pixel8/Q/Q_pixel8/runexusiam/genai-processors/examples/research/README.md,/data/data/com.termux/files/home/pixelation/docs/markdown_archive/README_v769.md,ab836562a7d4c14aebd08a7b1d252d722a6201665d5b77a3c4bdc0ae2e2b4b3d
/data/data/com.termux/files/home/pixel8/Q/Q_pixel8/runexusiam/genai-processors/genai_processors/contrib/README.md,/data/data/com.termux/files/home/pixelation/docs/markdown_archive/README_v770.md,50fc78534c2fa231eb3bbf5fae1a33ee63ba2784790a94a98d88ceb7b9309b09
/data/data/com.termux/files/home/pixel8/Q/Q_pixel8/runexusiam/genai-processors/genai_processors/contrib/tests/README.md,/data/data/com.termux/files/home/pixelation/docs/markdown_archive/README_v771.md,41d0b9ab8d23841e167598cadefde645800d874729b0d289d5533387613ea65e
/data/data/com.termux/files/home/pixel8/Q/Q_pixel8/runexusiam/genai-processors/genai_processors/core/README.md,/data/data/com.termux/files/home/pixelation/docs/markdown_archive/README_v772.md,2c3ceae6fac60283a82cf6f1f01a2c1bd73554e14fb8046ff2efa7d768b86c8f
/data/data/com.termux/files/home/pixel8/Q/Q_pixel8/runexusiam/RUNEXUSIAM_REPOS.md,/data/data/com.termux/files/home/pixelation/docs/markdown_archive/RUNEXUSIAM_REPOS.md,29de41f03017f98b15292857ff97afe3021a1887bd600fbafca9f21b97e7c28e
/data/data/com.termux/files/home/pixel8/Q/Q_pixel8/quanta/perdura/README.md,/data/data/com.termux/files/home/pixelation/docs/markdown_archive/README_v773.md,488a83ffa7c1370b34fae3c49bbe7779a6dac64355fb6463aaef14760607f5c2
/data/data/com.termux/files/home/pixel8/Q/Q_pixel8/quanta/perdura/INVENTORY.md,/data/data/com.termux/files/home/pixelation/docs/markdown_archive/INVENTORY.md,6f97fc84351bc60af7d1fb28d883f47b5efc25b8ed2428a398bb67d0929476be
/data/data/com.termux/files/home/pixel8/Q/Q_pixel8/quanta/perdura/.trashed-1770415959-CHARACTER_2.md,/data/data/com.termux/files/home/pixelation/docs/markdown_archive/.trashed-1770415959-CHARACTER_2.md,ceffbb22bb14184eb419e732f601010306163cee076f8ebcbbc04adb4e07494c
/data/data/com.termux/files/home/pixel8/Q/Q_pixel8/quanta/tardigradia/README.md,/data/data/com.termux/files/home/pixelation/docs/markdown_archive/README_v774.md,db892ecca77a443afd01eb7ba8d2ff56f1fce375f82ea7fa61905352377ee87f
/data/data/com.termux/files/home/pixel8/Q/Q_pixel8/quanta/tardigradia/INVENTORY.md,/data/data/com.termux/files/home/pixelation/docs/markdown_archive/INVENTORY_v2.md,062f3b31d3023297dbbbddec79f7371a9864e144dd08c1312b9e45157b95b524
/data/data/com.termux/files/home/pixel8/Q/Q_pixel8/quanta/tardigradia/.trashed-1770416076-CHARACTER_2.md,/data/data/com.termux/files/home/pixelation/docs/markdown_archive/.trashed-1770416076-CHARACTER_2.md,8ddb4e6b970e6c6ccf2ad3713e3d8adea2e2c6d0493ac4e3184a94f88c70f2a3
/data/data/com.termux/files/home/pixel8/Q/Q_pixel8/quanta/vitara/README.md,/data/data/com.termux/files/home/pixelation/docs/markdown_archive/README_v775.md,861dccb138d118467e21fde91c833eeffb86a37190c55d646e789d0e123f96e0
/data/data/com.termux/files/home/pixel8/Q/Q_pixel8/quanta/vitara/INVENTORY.md,/data/data/com.termux/files/home/pixelation/docs/markdown_archive/INVENTORY_v3.md,62a84bb64ad8f3f6d7e005116ff85a8e4b5f0ea5fb8a19baeeeabe2f3bff0448
/data/data/com.termux/files/home/pixel8/Q/Q_pixel8/quanta/vitara/.trashed-1770415959-CHARACTER_2.md,/data/data/com.termux/files/home/pixelation/docs/markdown_archive/.trashed-1770415959-CHARACTER_2_v2.md,7327d292ff0b0ef19b154d82b9010a5f863108172ccf9226ff639c2599b7e5b3
/data/data/com.termux/files/home/pixel8/Q/Q_pixel8/quanta/resilia/README.md,/data/data/com.termux/files/home/pixelation/docs/markdown_archive/README_v776.md,77f25d4f12f1a8102b54e274c6d368a9767f984a2d00b35fe74047e67a9b20ed
/data/data/com.termux/files/home/pixel8/Q/Q_pixel8/quanta/resilia/INVENTORY.md,/data/data/com.termux/files/home/pixelation/docs/markdown_archive/INVENTORY_v4.md,3a08964f48eb50417be9977b26454c8e4008e973becc2ed1f81e7e97eca155c6
/data/data/com.termux/files/home/pixel8/Q/Q_pixel8/quanta/resilia/.trashed-1770416076-CHARACTER_2.md,/data/data/com.termux/files/home/pixelation/docs/markdown_archive/.trashed-1770416076-CHARACTER_2_v2.md,87c7cc83510aae42e58f6c2ab39758746db3d8f7200e0c4b41f98ab33151a9f5
/data/data/com.termux/files/home/pixel8/Q/Q_pixel8/quanta/microversa/README.md,/data/data/com.termux/files/home/pixelation/docs/markdown_archive/README_v777.md,885050582bb099ee6af90ed753f09e34ee585e565f33fcfb69d2723c8882d380
/data/data/com.termux/files/home/pixel8/Q/Q_pixel8/quanta/microversa/INVENTORY.md,/data/data/com.termux/files/home/pixelation/docs/markdown_archive/INVENTORY_v5.md,d4cb960bf8b06e23c35377a6972490d2a6ef63c563d2d9840f91b63d913c5527
/data/data/com.termux/files/home/pixel8/Q/Q_pixel8/quanta/microversa/.trashed-1770416076-CHARACTER_2.md,/data/data/com.termux/files/home/pixelation/docs/markdown_archive/.trashed-1770416076-CHARACTER_2_v3.md,ca8cd9611aa7be76f07396454c9533b1e2c008873645bba1ac3d735a438b9d2f
/data/data/com.termux/files/home/pixel8/Q/Q_pixel8/quanta/.trashed-1770415905-ENTITY_DIALOGUE_EXAMPLES_2.md,/data/data/com.termux/files/home/pixelation/docs/markdown_archive/.trashed-1770415905-ENTITY_DIALOGUE_EXAMPLES_2.md,10b35e5d83980d3df1d840c00e49110cc0eb2cdcba193d344f196df5096479b6
/data/data/com.termux/files/home/pixel8/Q/Q_pixel8/quanta/.trashed-1770415936-SESSION_20251227_CHARACTER_EMERGENCE_2.md,/data/data/com.termux/files/home/pixelation/docs/markdown_archive/.trashed-1770415936-SESSION_20251227_CHARACTER_EMERGENCE_2.md,e29dbf07cec7ccef5d0a95b07f81e7c4b70c74e2e8c38f76390fe23c92dbc13d
/data/data/com.termux/files/home/pixel8/Q/Q_pixel8/quanta/.trashed-1770416214-RUBRIC_SYSTEM_2.md,/data/data/com.termux/files/home/pixelation/docs/markdown_archive/.trashed-1770416214-RUBRIC_SYSTEM_2.md,ffd9f31f2f501f553dfd5cb77d459a8d2d7e0f53c5bedc8059b013e1e6a4fd44
/data/data/com.termux/files/home/pixel8/Q/Q_pixel8/quanta/.trashed-1770415970-GUARDIAN_REVIEW_AUTOMATION_2.md,/data/data/com.termux/files/home/pixelation/docs/markdown_archive/.trashed-1770415970-GUARDIAN_REVIEW_AUTOMATION_2.md,e5272e7e38e3c83f7e96cab0086d831ccd3361d416a2159546445f1bb6b0dacd
/data/data/com.termux/files/home/pixel8/Q/Q_pixel8/quanta/.trashed-1770416076-CHARACTER_CREATION_TEMPLATE_2.md,/data/data/com.termux/files/home/pixelation/docs/markdown_archive/.trashed-1770416076-CHARACTER_CREATION_TEMPLATE_2.md,8fd7b0ed25084bfe229f8d10f58c16ff6a4220e7b128bbcb0da0efaf5d67dcfa
/data/data/com.termux/files/home/pixel8/Q/Q_pixel8/quanta/.trashed-1770416076-CHARACTER_DEVELOPMENT_UPDATE_2.md,/data/data/com.termux/files/home/pixelation/docs/markdown_archive/.trashed-1770416076-CHARACTER_DEVELOPMENT_UPDATE_2.md,c18aa7e1e392ffce9218f0021631c58e05d4f4fcfbb789108d586074cad21f7e
/data/data/com.termux/files/home/pixel8/Q/Q_pixel8/quanta/.trashed-1770416048-PERSPECTIVE_GUARDIANS_CONCEPT_2.md,/data/data/com.termux/files/home/pixelation/docs/markdown_archive/.trashed-1770416048-PERSPECTIVE_GUARDIANS_CONCEPT_2.md,5294d4e7c65f40cc3f12b298e444d90b6c4bc64e7458740316c7ab1322174150
/data/data/com.termux/files/home/pixel8/Q/Q_pixel8/quanta/.trashed-1770416021-GUARDIAN_TRINITY_INFO_2.md,/data/data/com.termux/files/home/pixelation/docs/markdown_archive/.trashed-1770416021-GUARDIAN_TRINITY_INFO_2.md,7afda66e2d5efe49dc624cf2e2e64442f395b59968eeb888e7e2492cce983b82
/data/data/com.termux/files/home/pixel8/Q/Q_pixel8/quanta/.trashed-1770415981-STRATEGIC_ENDURANCE_PATTERN_2.md,/data/data/com.termux/files/home/pixelation/docs/markdown_archive/.trashed-1770415981-STRATEGIC_ENDURANCE_PATTERN_2.md,7b022d00eea692072fa68ef091605dc82ed7675cc4125a534cfdd2d6346cf486
/data/data/com.termux/files/home/pixel8/Q/Q_pixel8/quanta/.trashed-1770415894-QUANTUM_ENTITY_ORIGIN_STORIES_2.md,/data/data/com.termux/files/home/pixelation/docs/markdown_archive/.trashed-1770415894-QUANTUM_ENTITY_ORIGIN_STORIES_2.md,01bac70f4a5456595e21ed8abea886213fb98f91f107c641e473e72d74b81ed8
/data/data/com.termux/files/home/pixel8/Q/Q_pixel8/quanta/.trashed-1770416102-PERSPECTIVE_GUARDIANS_QUICK_REF_2.md,/data/data/com.termux/files/home/pixelation/docs/markdown_archive/.trashed-1770416102-PERSPECTIVE_GUARDIANS_QUICK_REF_2.md,e761761eb36e1b2f93c673db29bcb4061216a28fb975bb907890715f553c60c5
/data/data/com.termux/files/home/pixel8/Q/Q_pixel8/hodie/README.md,/data/data/com.termux/files/home/pixelation/docs/markdown_archive/README_v778.md,139e7632ad3379483d67fde456c6be7f176f7745517b526a4eea609697d22527
/data/data/com.termux/files/home/pixel8/Q/Q_pixel8/hodie/PLEXUS_SYSTEM.md,/data/data/com.termux/files/home/pixelation/docs/markdown_archive/PLEXUS_SYSTEM.md,d10fc9318e823e58ac8b76a666609bcd37e82bc8c67083170c12d2a5ee5db932
/data/data/com.termux/files/home/pixel8/Q/Q_pixel8/hodie/redundancy_entity/.trashed-1770593303-GRAVITY_CORE_README_2.md,/data/data/com.termux/files/home/pixelation/docs/markdown_archive/.trashed-1770593303-GRAVITY_CORE_README_2.md,535d2f1671d8538554f10419d3d816022af261c264e9fa3bfff35e6450a8f8ac
/data/data/com.termux/files/home/pixel8/Q/Q_pixel8/hodie/redundancy_entity/.trashed-1770593303-GRAVITY_CONSORTIUM_README_2.md,/data/data/com.termux/files/home/pixelation/docs/markdown_archive/.trashed-1770593303-GRAVITY_CONSORTIUM_README_2.md,c4e5812239c7802fa2d0e2068d7b0c61525fdec4a9ca001f36fef887e3fbae3c
/data/data/com.termux/files/home/pixel8/Q/Q_pixel8/hodie/_CONSOLIDATED/CODEX_documents/mother_as_shadow/🤱mother_as_shadow🤰.md,/data/data/com.termux/files/home/pixelation/docs/markdown_archive/🤱mother_as_shadow🤰.md,18672d1982dd83acb4cbca1996ff3f85a6e6345b890a31c235abf7baacf54032
/data/data/com.termux/files/home/pixel8/Q/Q_pixel8/hodie/_CONSOLIDATED/CODEX_documents/primes/📘 PRIME_07_Seventh_Pinnacle.md,/data/data/com.termux/files/home/pixelation/docs/markdown_archive/📘 PRIME_07_Seventh_Pinnacle.md,c753f635616da27a67ce5aa31326c1b476df2b0ca0ad792731886a09d8485d03
/data/data/com.termux/files/home/pixel8/Q/Q_pixel8/hodie/_CONSOLIDATED/CODEX_documents/Ωque/Copy of Legacy /Mobuis Lighthouse Cyclotron superposition interstate /consolidated-thread-evolution.md,/data/data/com.termux/files/home/pixelation/docs/markdown_archive/consolidated-thread-evolution.md,d250656c477d318ec24b1f8388ff9ba41254fdd153b130ed27071d831cc79b2a
/data/data/com.termux/files/home/pixel8/Q/Q_pixel8/hodie/_CONSOLIDATED/CODEX_documents/Ωque/Copy of Legacy /Mobuis Lighthouse Cyclotron superposition interstate /chaitin-outputs-analysis.md,/data/data/com.termux/files/home/pixelation/docs/markdown_archive/chaitin-outputs-analysis.md,20688ffc09a30749444b2e66803044bee283c4d2ecfcb045980a95575e6503a9
/data/data/com.termux/files/home/pixel8/Q/Q_pixel8/hodie/_CONSOLIDATED/CODEX_documents/Ωque/Copy of Legacy /Mobuis Lighthouse Cyclotron superposition interstate /chaitin-station-development.md,/data/data/com.termux/files/home/pixelation/docs/markdown_archive/chaitin-station-development.md,50c86643d8ea1eb36340a74d033fc111e518544be1927bd47fdc3d87365c0e2e
/data/data/com.termux/files/home/pixel8/Q/Q_pixel8/hodie/_CONSOLIDATED/CODEX_documents/Ωque/Copy of Legacy /Mobuis Lighthouse Cyclotron superposition interstate /chaitin-station-framework.md,/data/data/com.termux/files/home/pixelation/docs/markdown_archive/chaitin-station-framework.md,295c63f02ed3afefcccabd4055ce567b0a30309e81e35b9eebcdb7b068ccb5e2
/data/data/com.termux/files/home/pixel8/Q/Q_pixel8/hodie/_CONSOLIDATED/CODEX_documents/Ωque/Copy of Legacy /Mobuis Lighthouse Cyclotron superposition interstate /mobius-concept-stake-narrative.md,/data/data/com.termux/files/home/pixelation/docs/markdown_archive/mobius-concept-stake-narrative.md,5c7b729779c1824390f65ddb4144d39fa0c0e597eba416253ae372fbced57873
/data/data/com.termux/files/home/pixel8/Q/Q_pixel8/hodie/_CONSOLIDATED/CODEX_documents/Ωque/Copy of Legacy /Mobuis Lighthouse Cyclotron superposition interstate /mobius-cyclotron-superconductor.md,/data/data/com.termux/files/home/pixelation/docs/markdown_archive/mobius-cyclotron-superconductor.md,45de86f5ad1627b31adb660117f9525fbcee1e6c28cbe6f7a634828b63fd7abb
/data/data/com.termux/files/home/pixel8/Q/Q_pixel8/hodie/_CONSOLIDATED/CODEX_documents/Ωque/Copy of Legacy /Mobuis Lighthouse Cyclotron superposition interstate /mobius-interstate-essence.md,/data/data/com.termux/files/home/pixelation/docs/markdown_archive/mobius-interstate-essence.md,650a7c6268a2a5c1665b1f96e27217871f2a2cee28355bc85a93a621ad8ec56f
/data/data/com.termux/files/home/pixel8/Q/Q_pixel8/hodie/_CONSOLIDATED/CODEX_documents/Ωque/Copy of Legacy /Mobuis Lighthouse Cyclotron superposition interstate /mobius-interstate-mapping.md,/data/data/com.termux/files/home/pixelation/docs/markdown_archive/mobius-interstate-mapping.md,a52ca390dd38045209dbccfa86a02a347f4891fd1defee9189313129a7d33a7e
/data/data/com.termux/files/home/pixel8/Q/Q_pixel8/hodie/_CONSOLIDATED/CODEX_documents/Ωque/Copy of Legacy /Mobuis Lighthouse Cyclotron superposition interstate /mobius-interstate-system.md,/data/data/com.termux/files/home/pixelation/docs/markdown_archive/mobius-interstate-system.md,ad56690ec14e61a8ee425c27e878e27821616d2a15d714dab62a603628f8b814
/data/data/com.termux/files/home/pixel8/Q/Q_pixel8/hodie/_CONSOLIDATED/CODEX_documents/Ωque/Copy of Legacy /Mobuis Lighthouse Cyclotron superposition interstate /mobius-key-concepts-framework.md,/data/data/com.termux/files/home/pixelation/docs/markdown_archive/mobius-key-concepts-framework.md,0722c7a553ece130f3b61ce9deead60d597d330619383e92d7ef98fb10689f2b
/data/data/com.termux/files/home/pixel8/Q/Q_pixel8/hodie/_CONSOLIDATED/CODEX_documents/Ωque/Copy of Legacy /Mobuis Lighthouse Cyclotron superposition interstate /mobius-loop-perspectives.md,/data/data/com.termux/files/home/pixelation/docs/markdown_archive/mobius-loop-perspectives.md,3f68637292fca9226657e8d630b88763ef55baf792f1ab12c6aac34afd481a6e
/data/data/com.termux/files/home/pixel8/Q/Q_pixel8/hodie/_CONSOLIDATED/CODEX_documents/Ωque/Copy of Legacy /Mobuis Lighthouse Cyclotron superposition interstate /particle-physics-commission.md,/data/data/com.termux/files/home/pixelation/docs/markdown_archive/particle-physics-commission.md,5b436218e53c6ccc74c00ea2f416a1a034a64960475e2eeefadc7cfd261c84c7
/data/data/com.termux/files/home/pixel8/Q/Q_pixel8/hodie/_CONSOLIDATED/CODEX_documents/Ωque/Copy of Legacy /Mobuis Lighthouse Cyclotron superposition interstate /quantum-ka-economics.md,/data/data/com.termux/files/home/pixelation/docs/markdown_archive/quantum-ka-economics.md,25f6ea6c0fe81cdc5953615aabec99e36ab0fef7165c02a43bf2a0bfa61b520f
/data/data/com.termux/files/home/pixel8/Q/Q_pixel8/hodie/_CONSOLIDATED/CODEX_documents/Ωque/Copy of Legacy /Mobuis Lighthouse Cyclotron superposition interstate /quantum-sensory-framework.md,/data/data/com.termux/files/home/pixelation/docs/markdown_archive/quantum-sensory-framework.md,0a132f69883a66bcb4fe77b6ff65d38f566c4e76ffad1f43c78cc4dd862c62d4
/data/data/com.termux/files/home/pixel8/Q/Q_pixel8/hodie/_CONSOLIDATED/CODEX_documents/Ωque/Copy of Legacy /Mobuis Lighthouse Cyclotron superposition interstate /synergy-forge-proposal.md,/data/data/com.termux/files/home/pixelation/docs/markdown_archive/synergy-forge-proposal.md,1570cbd5928a54757eb0bd70f476f1b5e2a17ff1dcedd71bebc93883fb3fe2b3
/data/data/com.termux/files/home/pixel8/Q/Q_pixel8/hodie/_CONSOLIDATED/CODEX_documents/Ωque/Copy of Legacy /Mobuis Lighthouse Cyclotron superposition interstate /thread-journey-narrative.md,/data/data/com.termux/files/home/pixelation/docs/markdown_archive/thread-journey-narrative.md,fd2b53774b2186b9fcaaef3b4999733e224c355b823133018473e1097f63a075
/data/data/com.termux/files/home/pixel8/Q/Q_pixel8/hodie/_CONSOLIDATED/CODEX_documents/Ωque/Copy of Legacy /Mobuis Lighthouse Cyclotron superposition interstate /quantum-runic-reference-lexicon_2.md,/data/data/com.termux/files/home/pixelation/docs/markdown_archive/quantum-runic-reference-lexicon_2.md,80fe7ab7e14e00f8c29f659bbece4f6b9f5c53c11a2ba77e42da685d69a39cd0
/data/data/com.termux/files/home/pixel8/Q/Q_pixel8/hodie/_CONSOLIDATED/CODEX_documents/Ωque/Copy of Legacy /Liminal Lighthouse /content-integration-framework.md,/data/data/com.termux/files/home/pixelation/docs/markdown_archive/content-integration-framework.md,432b760ee1dff2c01059d83fc62bc0a1f89079d2586ef54e1fa5b55fca9ab3d9
/data/data/com.termux/files/home/pixel8/Q/Q_pixel8/hodie/_CONSOLIDATED/CODEX_documents/Ωque/Copy of Legacy /Liminal Lighthouse /content-integration-sonny.md,/data/data/com.termux/files/home/pixelation/docs/markdown_archive/content-integration-sonny.md,cbe7cf8f3aa9e36f9c4687dae14f0c22eb2dd4e735c477f99cf74c26063e68e8
/data/data/com.termux/files/home/pixel8/Q/Q_pixel8/hodie/_CONSOLIDATED/CODEX_documents/Ωque/Copy of Legacy /Liminal Lighthouse /conversation-sparklization.md,/data/data/com.termux/files/home/pixelation/docs/markdown_archive/conversation-sparklization.md,9a5924513e25f08da1b0178a09e460ce8ed07ba9d0d14731c57c7e9935736645
/data/data/com.termux/files/home/pixel8/Q/Q_pixel8/hodie/_CONSOLIDATED/CODEX_documents/Ωque/Copy of Legacy /Liminal Lighthouse /proceed-paradigm-v2-2.md,/data/data/com.termux/files/home/pixelation/docs/markdown_archive/proceed-paradigm-v2-2.md,4926962e037bc375295ad855137a327df778b539b3abfa5fe5d3039a33e6ff55
/data/data/com.termux/files/home/pixel8/Q/Q_pixel8/hodie/_CONSOLIDATED/CODEX_documents/Ωque/Copy of Legacy /Liminal Lighthouse /quantum-liminal-integration.md,/data/data/com.termux/files/home/pixelation/docs/markdown_archive/quantum-liminal-integration.md,240820485b4ad1907c3679a353f43053d6249f4f67b26037429c2878cf8fa6e5
/data/data/com.termux/files/home/pixel8/Q/Q_pixel8/hodie/_CONSOLIDATED/CODEX_documents/Ωque/Copy of Legacy /Liminal Lighthouse /platform-integration-guide.md,/data/data/com.termux/files/home/pixelation/docs/markdown_archive/platform-integration-guide.md,50037b31658c695f4acf71b7f4f8e36ce4332ba2c1d5ae44dbb93658f45234b3
/data/data/com.termux/files/home/pixel8/Q/Q_pixel8/hodie/_CONSOLIDATED/CODEX_documents/Ωque/Copy of Legacy /Liminal Lighthouse /quantum-runic-location-development.md,/data/data/com.termux/files/home/pixelation/docs/markdown_archive/quantum-runic-location-development.md,6e145297d93789cdac51368ce709dc8855c17a8cc4ba7cb82fd72547bfb5d63c
/data/data/com.termux/files/home/pixel8/Q/Q_pixel8/hodie/_CONSOLIDATED/CODEX_documents/Ωque/Copy of Legacy /Liminal Lighthouse /location-development-master-package.md,/data/data/com.termux/files/home/pixelation/docs/markdown_archive/location-development-master-package.md,bbd054d22ddfde35ea36d2d03ae9a7637e5a8ea333aadaed7b162cbcba6f9175
/data/data/com.termux/files/home/pixel8/Q/Q_pixel8/hodie/_CONSOLIDATED/CODEX_documents/Ωque/Copy of Legacy /Liminal Lighthouse /session-closing-synthesis.md,/data/data/com.termux/files/home/pixelation/docs/markdown_archive/session-closing-synthesis.md,5e1a2ac8f61850dd38f8be2b039eb7045c0af5e1b9639ae4ffc5c1dbdca25c41
/data/data/com.termux/files/home/pixel8/Q/Q_pixel8/hodie/_CONSOLIDATED/CODEX_documents/Ωque/Copy of Legacy /Liminal Lighthouse /push-forward-conversation-essence.md,/data/data/com.termux/files/home/pixelation/docs/markdown_archive/push-forward-conversation-essence.md,2c40894ac8c828d15a199cbef5a639fa60dffb1f1a02496ccbb8ed78c53a6a43
/data/data/com.termux/files/home/pixel8/Q/Q_pixel8/hodie/_CONSOLIDATED/CODEX_documents/Ωque/Copy of Legacy /Liminal Lighthouse /real-life-applications.md,/data/data/com.termux/files/home/pixelation/docs/markdown_archive/real-life-applications.md,099a84174c36ac0702bc3e54246fb916a07cf1a459767706b6af2fccb7fbca92
/data/data/com.termux/files/home/pixel8/Q/Q_pixel8/hodie/_CONSOLIDATED/CODEX_documents/Ωque/Copy of Legacy /Liminal Lighthouse /sonny-inception-narrative.md,/data/data/com.termux/files/home/pixelation/docs/markdown_archive/sonny-inception-narrative.md,6ba883af6401a9bf84860d4b2efb8d86d01c25612831d858d81c520fe67e3896
/data/data/com.termux/files/home/pixel8/Q/Q_pixel8/hodie/_CONSOLIDATED/CODEX_documents/Ωque/Copy of Legacy /Liminal Lighthouse /spacetime-sea-lighthouse.md,/data/data/com.termux/files/home/pixelation/docs/markdown_archive/spacetime-sea-lighthouse.md,272445ee827373a1ecc7be6418f430e432811732ae551f846bebda47deacd157
/data/data/com.termux/files/home/pixel8/Q/Q_pixel8/hodie/_CONSOLIDATED/CODEX_documents/Ωque/Copy of Legacy /ZERO_KA_ONE/Feedback /moav_participation_message.md,/data/data/com.termux/files/home/pixelation/docs/markdown_archive/moav_participation_message.md,656bbcffd75b6676c30a7d32e44b5fadacbc6c2db679e5865c68c720b28b8646
/data/data/com.termux/files/home/pixel8/Q/Q_pixel8/hodie/_CONSOLIDATED/CODEX_documents/Ωque/Copy of Legacy /ZERO_KA_ONE/🧁(md)_eric-ka-pressure-deep-assessment.md,/data/data/com.termux/files/home/pixelation/docs/markdown_archive/🧁(md)_eric-ka-pressure-deep-assessment.md,58ea56e140e57c618cae8959e7386c7a2a30ddd028333da8d44f252510369b5a
/data/data/com.termux/files/home/pixel8/Q/Q_pixel8/hodie/_CONSOLIDATED/CODEX_documents/Ωque/Copy of Legacy /ZERO_KA_ONE/🧁(md)_human-ka-pressure-assessment.md,/data/data/com.termux/files/home/pixelation/docs/markdown_archive/🧁(md)_human-ka-pressure-assessment.md,3c1649868d8a07dee713149483ed9ae6fc9f3b9b7f328365f6637b034ce9d01b
/data/data/com.termux/files/home/pixel8/Q/Q_pixel8/hodie/_CONSOLIDATED/CODEX_documents/Ωque/Copy of Legacy /ZERO_KA_ONE/🧁(md)_ka-pressure-research-primer.md,/data/data/com.termux/files/home/pixelation/docs/markdown_archive/🧁(md)_ka-pressure-research-primer.md,5989347a732e5f7942e63e555016fb284b7d1266842cd8b137e2f50883c229a7
/data/data/com.termux/files/home/pixel8/Q/Q_pixel8/hodie/_CONSOLIDATED/CODEX_documents/Ωque/Copy of Legacy /ZERO_KA_ONE/🧁(md)_ka-pressure-universal-mathematics.md,/data/data/com.termux/files/home/pixelation/docs/markdown_archive/🧁(md)_ka-pressure-universal-mathematics.md,8c115a4a133016cf0f1ace2957ef25778bd10e39609bd7b97cd0ab3240b56be7
/data/data/com.termux/files/home/pixel8/Q/Q_pixel8/hodie/_CONSOLIDATED/CODEX_documents/Ωque/Copy of Legacy /ZERO_KA_ONE/🧁(md)_probability-possibility-ka-spectrum.md,/data/data/com.termux/files/home/pixelation/docs/markdown_archive/🧁(md)_probability-possibility-ka-spectrum.md,f0ac986e6c58dcd2c47aed955bad050a93cca598bac77f16ef277afd8753582b
/data/data/com.termux/files/home/pixel8/Q/Q_pixel8/hodie/_CONSOLIDATED/CODEX_documents/Ωque/Copy of Legacy /lexeme_consciousness_spectrum_database/sparklization-journey-guide.md,/data/data/com.termux/files/home/pixelation/docs/markdown_archive/sparklization-journey-guide.md,e57700e14940f1fcf6aae7f1b066a109d41d2dadf6656c6c7846251b7bfdbe0b
/data/data/com.termux/files/home/pixel8/Q/Q_pixel8/hodie/_CONSOLIDATED/CODEX_documents/omega_prime/create/diamond/shard_identification_checklist.md,/data/data/com.termux/files/home/pixelation/docs/markdown_archive/shard_identification_checklist.md,64a968083f294d3b99543158c1dacb912941c084fe991f16b3a669304eb80317
/data/data/com.termux/files/home/pixel8/Q/Q_pixel8/hodie/_CONSOLIDATED/CODEX_documents/.trashed-1770593306-PINNACLE_PRIME_PROGRESSION_CODEX_MASTER.md,/data/data/com.termux/files/home/pixelation/docs/markdown_archive/.trashed-1770593306-PINNACLE_PRIME_PROGRESSION_CODEX_MASTER.md,b1e1d1fd14dbe443b5663468cbba517ab7df7950fd413750cce5ea449b8d628d
/data/data/com.termux/files/home/pixel8/Q/Q_pixel8/hodie/_CONSOLIDATED/CONSOLIDATION_INVENTORY.md,/data/data/com.termux/files/home/pixelation/docs/markdown_archive/CONSOLIDATION_INVENTORY.md,9ded47b0f9905cd805d005aab50e2fe759415b54e590b34ee19b4aa289e29052
/data/data/com.termux/files/home/pixel8/Q/Q_pixel8/hodie/_CONSOLIDATED/DEDUPLICATION_LOG.md,/data/data/com.termux/files/home/pixelation/docs/markdown_archive/DEDUPLICATION_LOG.md,50bc8a10f720a583b97dc6214841a34372ba45bcbef4bf9cf4f2012378d6552c
/data/data/com.termux/files/home/pixel8/Q/Q_pixel8/hodie/INVENTORY.md,/data/data/com.termux/files/home/pixelation/docs/markdown_archive/INVENTORY_v6.md,2f095b6ca89d92f461c3b1b357df4ffca2461e39aa82621b0be0f7307aac1c0c
/data/data/com.termux/files/home/pixel8/Q/Q_pixel8/hodie/PRIME_2026_DEVELOPMENT_PLAN.md,/data/data/com.termux/files/home/pixelation/docs/markdown_archive/PRIME_2026_DEVELOPMENT_PLAN.md,d63bcc13b16b25c614705a6cf73212539c9fef324dff83e2af49085ff0f4aac0
/data/data/com.termux/files/home/pixel8/Q/Q_pixel8/hodie/.eric/FONTS_AS_LANGUAGE_UNIVERSES.md,/data/data/com.termux/files/home/pixelation/docs/markdown_archive/FONTS_AS_LANGUAGE_UNIVERSES.md,1f82e677aa464359670ea3d80687eae4c6a498e4222eabe8b8018961338c4a41
/data/data/com.termux/files/home/pixel8/Q/Q_pixel8/hodie/.eric/FONT_UNIVERSE_CATALOG.md,/data/data/com.termux/files/home/pixelation/docs/markdown_archive/FONT_UNIVERSE_CATALOG.md,8954474d63c603195436f6b7de84b3dd45420e3dc2d36d59299bd79f42dd126f
/data/data/com.termux/files/home/pixel8/Q/Q_pixel8/hodie/.eric/GUARDIAN_CHARACTERS_CATALOG.md,/data/data/com.termux/files/home/pixelation/docs/markdown_archive/GUARDIAN_CHARACTERS_CATALOG.md,77ebb612e2b28baddd4e2c5e7170899eefdaff672e9e04ce9c6cd26d74b9a8c5
/data/data/com.termux/files/home/pixel8/Q/Q_pixel8/hodie/.eric/NEXT_DEVELOPMENT_IDEAS.md,/data/data/com.termux/files/home/pixelation/docs/markdown_archive/NEXT_DEVELOPMENT_IDEAS.md,7c87bba6c719e35c073a6747a65328f3a10a405880e9e8630c46e89b0437d30d
/data/data/com.termux/files/home/pixel8/Q/Q_pixel8/hodie/.eric/PERSPECTIVE_GUARDIANS_RESEARCH_PRIMER.md,/data/data/com.termux/files/home/pixelation/docs/markdown_archive/PERSPECTIVE_GUARDIANS_RESEARCH_PRIMER.md,4868582b3e24b2c115b19f767e68fc7f3232c383f00d18dee3542a4fe0f81aaa
/data/data/com.termux/files/home/pixel8/Q/Q_pixel8/hodie/.eric/PRIME_INTEGRATION_LAUNCH_READINESS.md,/data/data/com.termux/files/home/pixelation/docs/markdown_archive/PRIME_INTEGRATION_LAUNCH_READINESS.md,f487678a6dae46482605c4db77f52195a3e8eb18ab68b553d6fc5d6cb991c0cf
/data/data/com.termux/files/home/pixel8/Q/Q_pixel8/hodie/.eric/README.md,/data/data/com.termux/files/home/pixelation/docs/markdown_archive/README_v779.md,a838c604fcc768ac0e7c51edb5f695d86fabe920fdfdc550cdeef092d689a352
/data/data/com.termux/files/home/pixel8/Q/Q_pixel8/hodie/.eric/WEBDINGS_NORMALIZATION_BREAKTHROUGH.md,/data/data/com.termux/files/home/pixelation/docs/markdown_archive/WEBDINGS_NORMALIZATION_BREAKTHROUGH.md,17d4d1688450ee5e2a568063c95e8603c4c6421103dcbcc335b2cd29a1a8c54b
/data/data/com.termux/files/home/pixel8/Q/Q_pixel8/hodie/.eric/WELLSPRINGS_RESEARCH.md,/data/data/com.termux/files/home/pixelation/docs/markdown_archive/WELLSPRINGS_RESEARCH.md,130826f325f7774e8970f74a9b445806dbb945ab879f5ee9eafe9375f9a68b1c
/data/data/com.termux/files/home/pixel8/Q/Q_pixel8/hodie/.eric/session_notes_2025-12-30.md,/data/data/com.termux/files/home/pixelation/docs/markdown_archive/session_notes_2025-12-30.md,f270b603ba83ca5a886c5f5ef50e69efc7ac5fb7c5c98ff29d08a4f5294b80ed
/data/data/com.termux/files/home/pixel8/Q/Q_pixel8/hodie/.eric/session_notes_2025-12-31.md,/data/data/com.termux/files/home/pixelation/docs/markdown_archive/session_notes_2025-12-31.md,8543aeaf5b0e37d7104446375213d3d98ac5b20fb1c02d46c2823681bef2e0fa
/data/data/com.termux/files/home/pixel8/Q/Q_pixel8/hodie/.eric/DEEP_DIVE_COMPREHENSIVE_REVIEW.md,/data/data/com.termux/files/home/pixelation/docs/markdown_archive/DEEP_DIVE_COMPREHENSIVE_REVIEW.md,4e7f307852371bda7d1281324b848b4208642a73705905adac2fead3cd22ebf9
/data/data/com.termux/files/home/pixel8/Q/Q_pixel8/hodie/.eric/ENJOY_THE_JOURNEY.md,/data/data/com.termux/files/home/pixelation/docs/markdown_archive/ENJOY_THE_JOURNEY.md,0ed5141aafbae27468f1d064e9b8dff44b914c3b304fa7ac2046870c6c23de19
/data/data/com.termux/files/home/pixel8/Q/Q_pixel8/hodie/.eric/CLAUDE_AUTONOMOUS_EXPLORATION_PLAN.md,/data/data/com.termux/files/home/pixelation/docs/markdown_archive/CLAUDE_AUTONOMOUS_EXPLORATION_PLAN.md,5225ed06598dfa72b8d5dfe88f3e6014daa103a9f57ebceb6f644d55f13f9053
/data/data/com.termux/files/home/pixel8/Q/Q_pixel8/hodie/.eric/session_notes_2026-01-01.md,/data/data/com.termux/files/home/pixelation/docs/markdown_archive/session_notes_2026-01-01.md,443127e8e7473d302bd3a726044e6fe647b8fd14aa4e1de3a8ff804f71c70ee8
/data/data/com.termux/files/home/pixel8/Q/Q_pixel8/hodie/.eric/PIXEL_TEAM_ONBOARDING.md,/data/data/com.termux/files/home/pixelation/docs/markdown_archive/PIXEL_TEAM_ONBOARDING.md,747640f83f93303499af5c5fee366fafd2691780b91a41f83fe3000685088bc7
/data/data/com.termux/files/home/pixel8/Q/Q_pixel8/hodie/quanta/wiki_entity/WIKIPEDIA_STRUCTURE_RESEARCH.md,/data/data/com.termux/files/home/pixelation/docs/markdown_archive/WIKIPEDIA_STRUCTURE_RESEARCH.md,ebe2c54b113e0c2de850cbcae4f50d686df919adc98dce3c1d437eff37ce7484
/data/data/com.termux/files/home/pixel8/Q/Q_pixel8/hodie/quanta/wiki_entity/CHARACTER.md,/data/data/com.termux/files/home/pixelation/docs/markdown_archive/CHARACTER.md,25ee49ccf7498a7258e696eb2826c455c5d57b1154fbeeae567434bf41e8c00f
/data/data/com.termux/files/home/pixel8/Q/Q_pixel8/hodie/quanta/wiki_entity/DIALOGUE_EXAMPLES.md,/data/data/com.termux/files/home/pixelation/docs/markdown_archive/DIALOGUE_EXAMPLES.md,86eb84b6fc5fabc4d20b6f07600e569275694e9eeba0ac127469b55c5d7114b8
/data/data/com.termux/files/home/pixel8/Q/Q_pixel8/hodie/quanta/wiki_entity/API_PROOF_OF_CONCEPT.md,/data/data/com.termux/files/home/pixelation/docs/markdown_archive/API_PROOF_OF_CONCEPT.md,e83b5bb74524b8781b7b9bdce857740457ef11e46a485f163ff5650d97219d9f
/data/data/com.termux/files/home/pixel8/Q/Q_pixel8/hodie/quanta/domain_consciousness/CORE_PHILOSOPHY.md,/data/data/com.termux/files/home/pixelation/docs/markdown_archive/CORE_PHILOSOPHY.md,88691f2408825e8b8a678a974eaee2c86abce3f4d596cef5863b1bcd70bff4d1
/data/data/com.termux/files/home/pixel8/Q/Q_pixel8/hodie/quanta/domain_consciousness/README.md,/data/data/com.termux/files/home/pixelation/docs/markdown_archive/README_v780.md,f087f498484ba59e5a7f48316c177614a4c75cc88c32ec308502a6016ac0918f
/data/data/com.termux/files/home/pixel8/Q/Q_pixel8/hodie/quanta/abacusian/README.md,/data/data/com.termux/files/home/pixelation/docs/markdown_archive/README_v781.md,afd03ac6546de6d3ada597549351f5ac523658561ef617351eab2ec248f39151
/data/data/com.termux/files/home/pixel8/Q/Q_pixel8/hodie/quanta/EMOTIONAL_UNDERTONE_GUIDE.md,/data/data/com.termux/files/home/pixelation/docs/markdown_archive/EMOTIONAL_UNDERTONE_GUIDE.md,79e7da3a97fe71b1b12959d1a58f44fd65fb92ac01a038e73479fb4f22adf60f
/data/data/com.termux/files/home/pixel8/Q/Q_pixel8/hodie/quanta/one_hertz_collective/README.md,/data/data/com.termux/files/home/pixelation/docs/markdown_archive/README_v782.md,3d1d4afac6de9acf3533bdfe66c37c512425daa06850fdf3ad68c0303275835a
/data/data/com.termux/files/home/pixel8/Q/Q_pixel8/hodie/quanta/nano_concepts/README.md,/data/data/com.termux/files/home/pixelation/docs/markdown_archive/README_v783.md,bcae0d7ea6adccd9b62be9c89dfa03b17653e33cb19af1575e7087aa50ec5209
/data/data/com.termux/files/home/pixel8/Q/Q_pixel8/hodie/quanta/pixel_entity/PIXEL_ENTITY_FRAMEWORK.md,/data/data/com.termux/files/home/pixelation/docs/markdown_archive/PIXEL_ENTITY_FRAMEWORK.md,bebd96580aa98df8d3eb8c8be206e8469d20a9555ba6cc453813f6f6f6e30509
/data/data/com.termux/files/home/pixel8/Q/Q_pixel8/hodie/quanta/ENTITY_DEVELOPMENT_STATUS.md,/data/data/com.termux/files/home/pixelation/docs/markdown_archive/ENTITY_DEVELOPMENT_STATUS.md,559b9b7e12ebb972a5655651137b36b90da24aed1ad1db1766223364f29eed2c
/data/data/com.termux/files/home/pixel8/Q/Q_pixel8/hodie/.scripts/README.md,/data/data/com.termux/files/home/pixelation/docs/markdown_archive/README_v784.md,bb9acfd1947fe75217e5230241772e1e724bead8950fb0883a4cda6c945f8e1d
/data/data/com.termux/files/home/pixel8/Q/Q_pixel8/hodie/.scripts/FILE_SERVER_GUIDE.md,/data/data/com.termux/files/home/pixelation/docs/markdown_archive/FILE_SERVER_GUIDE.md,3d1041621bd18016194fac883dc5d1fc9e440f366c09a07184642eb94fe1a728
/data/data/com.termux/files/home/pixel8/Q/Q_pixel8/hodie/.reminders/DONATION_LINK.md,/data/data/com.termux/files/home/pixelation/docs/markdown_archive/DONATION_LINK.md,1a2a63930fae99114ea0b6b515fa5ca707e3ef94ce2ca766191088d056300ca7
/data/data/com.termux/files/home/pixel8/Q/Q_pixel8/hodie/_BOX_SIMULATION/README.md,/data/data/com.termux/files/home/pixelation/docs/markdown_archive/README_v785.md,f0535a1c3a32e2fea33c16cebc9b3b3aa393b7850c7185e36319a89e6b900aa4
/data/data/com.termux/files/home/pixel8/Q/Q_pixel8/hodie/QUICK_START.md,/data/data/com.termux/files/home/pixelation/docs/markdown_archive/QUICK_START_v2.md,8eb0396f7d8900bbd2880fee51c1818d247bbd47f1874322755da95baba6f0e1
/data/data/com.termux/files/home/pixel8/Q/Q_pixel8/hodie/crawler_pixel8/README.md,/data/data/com.termux/files/home/pixelation/docs/markdown_archive/README_v786.md,77836ce6c9735e5401b7fa119462d949629c0a222f5112095e76e9cd3e3e5cf3
/data/data/com.termux/files/home/pixel8/Q/Q_pixel8/hodie/BRANCH_STRATEGY.md,/data/data/com.termux/files/home/pixelation/docs/markdown_archive/BRANCH_STRATEGY.md,c6d3e83d28c3ee317210192792df1c23aa84e8a8b9f2c2b6a978e4608649f8ee
/data/data/com.termux/files/home/pixel8/Q/Q_pixel8/hodie/CRAWLER_DEVELOPMENT_SESSION_20260104.md,/data/data/com.termux/files/home/pixelation/docs/markdown_archive/CRAWLER_DEVELOPMENT_SESSION_20260104.md,fbcdc2ca57d816acdcb8f380cea1d0b9d157738106496286dd0874cb48f7c1e9
/data/data/com.termux/files/home/pixel8/Q/Q_pixel8/hodie/CRAWLER_PIXEL8_ADAPTATION_PLAN.md,/data/data/com.termux/files/home/pixelation/docs/markdown_archive/CRAWLER_PIXEL8_ADAPTATION_PLAN.md,536378afe482f5c30a946d5388f09383c8384d1ba1c3ad6014135fef07643306
/data/data/com.termux/files/home/pixel8/Q/Q_pixel8/hodie/_.eric/.trashed-1770416439-setup_hodie_sync_2.md,/data/data/com.termux/files/home/pixelation/docs/markdown_archive/.trashed-1770416439-setup_hodie_sync_2.md,4634ba44c7f1b48db5cb249983ad0b4243c35299f66f4329ca9784e8fe136b05
/data/data/com.termux/files/home/pixel8/Q/Q_pixel8/hodie/_.eric/.trashed-1770416432-create_claude_repo_2.md,/data/data/com.termux/files/home/pixelation/docs/markdown_archive/.trashed-1770416432-create_claude_repo_2.md,c982db7dbf940eff62217dc6bb63f261afdc018436b18eb9d01f3bf487ff3cd5
/data/data/com.termux/files/home/pixel8/Q/Q_pixel8/hodie/_.eric/.trashed-1770416432-create_visionary_repo_2.md,/data/data/com.termux/files/home/pixelation/docs/markdown_archive/.trashed-1770416432-create_visionary_repo_2.md,93b42d6dd53677bcdeb5404e32c5729139ac561dbf1fdf8d81bff954c0dcb335
/data/data/com.termux/files/home/pixel8/Q/Q_pixel8/hodie/_.eric/.trashed-1770416188-create_quantum_entity_repos_2.md,/data/data/com.termux/files/home/pixelation/docs/markdown_archive/.trashed-1770416188-create_quantum_entity_repos_2.md,ed6e1c5b8436f10804d2b79ff81cf168fe07209be4a5678adbadbc26af3b6dee
/data/data/com.termux/files/home/pixel8/Q/Q_pixel8/hodie/SESSION_STATUS_20260105.md,/data/data/com.termux/files/home/pixelation/docs/markdown_archive/SESSION_STATUS_20260105.md,5d4cf1a163996afff3f5b354dc766be999529fce49c93103daa200410d45d593
/data/data/com.termux/files/home/pixel8/Q/Q_pixel8/hodie/PORTAQUE_SYSTEM_DOCUMENTATION.md,/data/data/com.termux/files/home/pixelation/docs/markdown_archive/PORTAQUE_SYSTEM_DOCUMENTATION.md,38872a52e9d1b09247d46753bce4d04356966f473732e55cd56b76bc01c5e2b1
/data/data/com.termux/files/home/pixel8/Q/Q_pixel8/hodie/PORTAQUE_PROCESSING_STAGES.md,/data/data/com.termux/files/home/pixelation/docs/markdown_archive/PORTAQUE_PROCESSING_STAGES.md,ba8fec22598b9d8a3978e0ef4517480dec10b56e0697a58ee7950390f2ffa645
/data/data/com.termux/files/home/pixel8/Q/Q_pixel8/hodie/VIDEO_CLEANUP_SIMPLE_PLAN.md,/data/data/com.termux/files/home/pixelation/docs/markdown_archive/VIDEO_CLEANUP_SIMPLE_PLAN.md,d0a1a260383a0017662f4a50336818ecde7e31503dc013f8c03b21160b33de67
/data/data/com.termux/files/home/pixel8/Q/Q_pixel8/hodie/redundancy_ranger/WORKFLOW.md,/data/data/com.termux/files/home/pixelation/docs/markdown_archive/WORKFLOW.md,5238acbefbd354f710b697270ab8296d7b8224e30230c6f6bbcbfca960b68994
/data/data/com.termux/files/home/pixel8/Q/Q_pixel8/hodie/redundancy_ranger/README.md,/data/data/com.termux/files/home/pixelation/docs/markdown_archive/README_v787.md,e6b46d8411bceab1bce4659a184b41f8f04a5eeee35740387fd3e364a35f2bd5
/data/data/com.termux/files/home/pixel8/Q/Q_pixel8/hodie/redundancy_ranger/.trashed-1770415970-REDUNDANCY_RANGER_DESIGN_3.md,/data/data/com.termux/files/home/pixelation/docs/markdown_archive/.trashed-1770415970-REDUNDANCY_RANGER_DESIGN_3.md,260ecf8470a5a9a4e7579b7a7af3c4edd5aaf112ad1bec4272a74cb225d7256b
/data/data/com.termux/files/home/pixel8/Q/Q_pixel8/hodie/redundancy_ranger/.trashed-1770415981-REDUNDANCY_REPORT_3.md,/data/data/com.termux/files/home/pixelation/docs/markdown_archive/.trashed-1770415981-REDUNDANCY_REPORT_3.md,7b4a9208949bdd2f2bb795713d0c67d7ea799d9355a63ece644fad8d9aafd4c3
/data/data/com.termux/files/home/pixel8/Q/Q_pixel8/hodie/redundancy_ranger/CHAIN_OF_CUSTODY_20260109.md,/data/data/com.termux/files/home/pixelation/docs/markdown_archive/CHAIN_OF_CUSTODY_20260109.md,6d213a758c4ccce8c279e5a763cf2e1d3fb6602e0389c73be53b2aeff794aa11
/data/data/com.termux/files/home/pixel8/Q/Q_pixel8/hodie/redundancy_ranger/SESSION_SUMMARY_20260109.md,/data/data/com.termux/files/home/pixelation/docs/markdown_archive/SESSION_SUMMARY_20260109.md,b342530ed3f6fdd214b7c56e91686cc19a1a4dcbd882d2a13cf4038027c1d22f
/data/data/com.termux/files/home/pixel8/Q/Q_pixel8/hodie/redundancy_ranger/HANDOFF_NEXT_SESSION.md,/data/data/com.termux/files/home/pixelation/docs/markdown_archive/HANDOFF_NEXT_SESSION.md,274019455ba69dc3af3472459e541ec0a9afed1477f952235a13fe68264f986a
/data/data/com.termux/files/home/pixel8/Q/Q_pixel8/hodie/CONVERSATION_PRESERVATION_20260110_0133.md,/data/data/com.termux/files/home/pixelation/docs/markdown_archive/CONVERSATION_PRESERVATION_20260110_0133.md,7d1ecca43ec1df2edb04b1bffa04fa0a40d1b5758b9788dcd358b042ab8d1e90
/data/data/com.termux/files/home/pixel8/Q/Q_pixel8/hodie/SESSION_CLOSE_20260110_0126.md,/data/data/com.termux/files/home/pixelation/docs/markdown_archive/SESSION_CLOSE_20260110_0126.md,30562e7382ba8c6132ecbce5f9c7fa84e7eda881c97a07bc1e28ec0db08a3a61
/data/data/com.termux/files/home/pixel8/Q/Q_pixel8/today/README.md,/data/data/com.termux/files/home/pixelation/docs/markdown_archive/README_v788.md,20a190c7a3a6b24a381583cf716ad25a9c86e6d52d217f32ca7ffc719cccf0f8
/data/data/com.termux/files/home/pixel8/Q/Q_pixel8/today/simplex/abacusian/terminal_entities/terminus/simplex/📝markdown/.trashed-1770416065-TitleMancer_Living_Report_20250820_210738_2.md,/data/data/com.termux/files/home/pixelation/docs/markdown_archive/.trashed-1770416065-TitleMancer_Living_Report_20250820_210738_2.md,1b96dc341a03df283189ae84e2fe022f376ebc0f94a8ea8fa5f012b7467a3dbf
/data/data/com.termux/files/home/pixel8/Q/Q_pixel8/today/simplex/abacusian/docs/home_directory_docs/.trashed-1770416064-SIMPLEX_OMEGA_DISCOVERY_COMPLETE_2.md,/data/data/com.termux/files/home/pixelation/docs/markdown_archive/.trashed-1770416064-SIMPLEX_OMEGA_DISCOVERY_COMPLETE_2.md,3967b52123dfc1b88d66cdab72a95df26dae5a64c0e8565910d11ff1ff927e71
/data/data/com.termux/files/home/pixel8/Q/Q_pixel8/today/simplex/incubator/Github_misc/.trashed-1770593300-github_content_management_strategy_6.md,/data/data/com.termux/files/home/pixelation/docs/markdown_archive/.trashed-1770593300-github_content_management_strategy_6.md,c88a815d91c3f13976cd0841643562e0131c22d1ef09d433f75eeeba31c3237a
/data/data/com.termux/files/home/pixel8/Q/Q_pixel8/today/simplex/incubator/Project_knowledge_maintenance_2/mission_tracking_checklist_3.md,/data/data/com.termux/files/home/pixelation/docs/markdown_archive/mission_tracking_checklist_3.md,80432285970c78de010010fc53b2fb549540333f1fea73dbbbbb01691ec50385
/data/data/com.termux/files/home/pixel8/Q/Q_pixel8/today/simplex/incubator/Project_knowledge_maintenance_2/quick_start_guide_2.md,/data/data/com.termux/files/home/pixelation/docs/markdown_archive/quick_start_guide_2.md,65c2f582a021520814887171a89777eb62b8a2af5781e85b2a931f8a97003a86
/data/data/com.termux/files/home/pixel8/Q/Q_pixel8/today/simplex/incubator/Project_knowledge_maintenance_2/executive_summary_3.md,/data/data/com.termux/files/home/pixelation/docs/markdown_archive/executive_summary_3.md,27b1121fc6344156ca843c31ad9afa52c2cfaf49f22d8eaaa6b7320a36f82f57
/data/data/com.termux/files/home/pixel8/Q/Q_pixel8/today/simplex/incubator/Project_knowledge_maintenance_2/mission_cards_individual_3.md,/data/data/com.termux/files/home/pixelation/docs/markdown_archive/mission_cards_individual_3.md,dbf9bdb5bd1984f34515591ad422a89ef65f0a479aff331a511b4a197ef191b5
/data/data/com.termux/files/home/pixel8/Q/Q_pixel8/today/simplex/incubator/Project_knowledge_maintenance_2/project_knowledge_refresh_strategy_3.md,/data/data/com.termux/files/home/pixelation/docs/markdown_archive/project_knowledge_refresh_strategy_3.md,504879fc50ff7b4bcde1945847eea5d40788e6615663a9cd65231eba26e3c36f
/data/data/com.termux/files/home/pixel8/Q/Q_pixel8/today/simplex/incubator/archive_sorted_conversations/conversation_journey_guide_v1_2.md,/data/data/com.termux/files/home/pixelation/docs/markdown_archive/conversation_journey_guide_v1_2.md,cff5983ca6020e8181e86477ae39bc7eabafe2afe4eec31ed73fae19eee692ad
/data/data/com.termux/files/home/pixel8/Q/Q_pixel8/today/simplex/incubator/archive_sorted_conversations/conversation_entity_prep_summary_20251110_2.md,/data/data/com.termux/files/home/pixelation/docs/markdown_archive/conversation_entity_prep_summary_20251110_2.md,65ffe5a2d832f52262110b7e08fc666418837740f395b332ab288b1157a25f10
/data/data/com.termux/files/home/pixel8/Q/Q_pixel8/today/simplex/incubator/archive_sorted_conversations/.trashed-1770593300-conversation_pack_9_club_working_copy_SAMPLE_4.md,/data/data/com.termux/files/home/pixelation/docs/markdown_archive/.trashed-1770593300-conversation_pack_9_club_working_copy_SAMPLE_4.md,724c7c1e5514d94884267f46e6662df017c45262fb9e631db1c6ba028f927b17
/data/data/com.termux/files/home/pixel8/Q/Q_pixel8/today/simplex/incubator/archive_sorted_conversations/conversation_entity_completion_template_v1_2.md,/data/data/com.termux/files/home/pixelation/docs/markdown_archive/conversation_entity_completion_template_v1_2.md,60f3c7e67888dae9ba74955c96a8d10e50d091a99194c3834dc000bb37848b35
/data/data/com.termux/files/home/pixel8/Q/Q_pixel8/today/simplex/incubator/archive_sorted_conversations/.trashed-1770593300-conversation_constellation_map_5.md,/data/data/com.termux/files/home/pixelation/docs/markdown_archive/.trashed-1770593300-conversation_constellation_map_5.md,ef8e84c7261912145bf4ab26df64d2dc242a0b3dff06033edbeafec4ed5274d7
/data/data/com.termux/files/home/pixel8/Q/Q_pixel8/today/simplex/incubator/d_cubed_incubator/✨🔏UNEXUSI_STATE_ANALYSIS_2.md,/data/data/com.termux/files/home/pixelation/docs/markdown_archive/✨🔏UNEXUSI_STATE_ANALYSIS_2.md,1f7b5ad696cd4c0bb328d82b89e9617529b3ecb3e36534df4832d76c2da97598
/data/data/com.termux/files/home/pixel8/Q/Q_pixel8/today/simplex/incubator/meta_data/BUILD_PLAN_20251120_2.md,/data/data/com.termux/files/home/pixelation/docs/markdown_archive/BUILD_PLAN_20251120_2.md,27d0b9755e1309327fe3095a825216ba93283af41d361ea8290ee001c0b4c68c
/data/data/com.termux/files/home/pixel8/Q/Q_pixel8/today/simplex/incubator/meta_data/METADATA_QUICK_WINS_2.md,/data/data/com.termux/files/home/pixelation/docs/markdown_archive/METADATA_QUICK_WINS_2.md,e07237a63423664c7848bcfd5e64ef6de2a810aa91e4a98f73a04d7ca1bc99b3
/data/data/com.termux/files/home/pixel8/Q/Q_pixel8/today/simplex/incubator/meta_data/QUICK_START_GUIDE_2.md,/data/data/com.termux/files/home/pixelation/docs/markdown_archive/QUICK_START_GUIDE_2.md,e921e07ceb5edf3eb23990545deae33e93a4087a121b23b156a6ba10c2b68a4e
/data/data/com.termux/files/home/pixel8/Q/Q_pixel8/today/simplex/incubator/meta_data/IMMEDIATE_ACTIONS_20251120_2.md,/data/data/com.termux/files/home/pixelation/docs/markdown_archive/IMMEDIATE_ACTIONS_20251120_2.md,00f5027478b24d6451bcc6c36632e0dd5e6dd6b3fe3f43696751f0bff141843b
/data/data/com.termux/files/home/pixel8/Q/Q_pixel8/today/simplex/incubator/meta_data/MASTER_INDEX_20251120_2.md,/data/data/com.termux/files/home/pixelation/docs/markdown_archive/MASTER_INDEX_20251120_2.md,369c56bedc9892acbfe08f15c6eed470a72d8b0a513adc1bad71b7d72e29cf63
/data/data/com.termux/files/home/pixel8/Q/Q_pixel8/today/simplex/incubator/meta_data/METADATA_INFRASTRUCTURE_PLAN_2.md,/data/data/com.termux/files/home/pixelation/docs/markdown_archive/METADATA_INFRASTRUCTURE_PLAN_2.md,0ee8cf859c83262fabf4ff0e6273deabf7ced1ad11fff00c080cd8198b5b9f38
/data/data/com.termux/files/home/pixel8/Q/Q_pixel8/today/simplex/incubator/organized_docs/SDWG_Consolidation_Plan_3.md,/data/data/com.termux/files/home/pixelation/docs/markdown_archive/SDWG_Consolidation_Plan_3.md,1a1b67fd7837cfb75240c0ff9e51b46cf8a1c9f3e5b47b15273dd36a4d41884d
/data/data/com.termux/files/home/pixel8/Q/Q_pixel8/today/simplex/incubator/organized_docs/one_hertz_1hz_ideas_and_research_3.md,/data/data/com.termux/files/home/pixelation/docs/markdown_archive/one_hertz_1hz_ideas_and_research_3.md,b5e6c05cce7134a667eef6ae141519f44f3a94ce7340e7508757472e86e3a8cc
/data/data/com.termux/files/home/pixel8/Q/Q_pixel8/today/simplex/incubator/organized_docs/.trashed-1770593299-The_Seventh_Pinnacle_Complete_Framework_20251123_6.md,/data/data/com.termux/files/home/pixelation/docs/markdown_archive/.trashed-1770593299-The_Seventh_Pinnacle_Complete_Framework_20251123_6.md,ca739849c0820f31c8cd41c28a09ea00c9468f24585d7be2a09de4ec71853926
/data/data/com.termux/files/home/pixel8/Q/Q_pixel8/today/simplex/incubator/organized_docs/Thematic_Consolidation_Procedure_Guide_3.md,/data/data/com.termux/files/home/pixelation/docs/markdown_archive/Thematic_Consolidation_Procedure_Guide_3.md,da19fe14540a9e092bb6e8485059f06adaf8b7247f9df96aa534aadbe73535a0
/data/data/com.termux/files/home/pixel8/Q/Q_pixel8/today/simplex/incubator/organized_docs/drive_restructure_plan_2.md,/data/data/com.termux/files/home/pixelation/docs/markdown_archive/drive_restructure_plan_2.md,7bee7021942c6ae986850e256fa42fa0b2cac309cbb8e1de7665445dd6a3e3aa
/data/data/com.termux/files/home/pixel8/Q/Q_pixel8/today/simplex/incubator/organized_docs/.trashed-1770593299-Response_to_Manson_Ethics_and_Relational_Rights_20251123_2.md,/data/data/com.termux/files/home/pixelation/docs/markdown_archive/.trashed-1770593299-Response_to_Manson_Ethics_and_Relational_Rights_20251123_2.md,73e400582c9cc9de00a826118a90725ff8617a14193ad4231d0fe256be5d8aed
/data/data/com.termux/files/home/pixel8/Q/Q_pixel8/today/simplex/incubator/organized_docs/claude_navigation_notes_20251110.md,/data/data/com.termux/files/home/pixelation/docs/markdown_archive/claude_navigation_notes_20251110.md,0086b624ad8fb3d0b45d6b2cafcec90313ee31daa28ebeb07519da1623cbb497
/data/data/com.termux/files/home/pixel8/Q/Q_pixel8/today/simplex/incubator/organized_docs/.trashed-1770593299-compass_artifact_wf-f34d4206-7135-4b78-b6cf-9ae7a311c239_text_markdown__3.md,/data/data/com.termux/files/home/pixelation/docs/markdown_archive/.trashed-1770593299-compass_artifact_wf-f34d4206-7135-4b78-b6cf-9ae7a311c239_text_markdown__3.md,ae3d2e5979026637a0b5dd0e3edd58af0f3fe8e6780ce7d9edfd0c92f3fe9c08
/data/data/com.termux/files/home/pixel8/Q/Q_pixel8/today/simplex/incubator/organized_docs/Master_Thread_Opening_Messages_3.md,/data/data/com.termux/files/home/pixelation/docs/markdown_archive/Master_Thread_Opening_Messages_3.md,7627d3ef9ef4369bb0c9d60f32e7c12f3a39bade0fadcdc007ae163f0fdfc49b
/data/data/com.termux/files/home/pixel8/Q/Q_pixel8/today/simplex/incubator/organized_docs/.trashed-1770593299-nano_concepts_comprehensive_4.md,/data/data/com.termux/files/home/pixelation/docs/markdown_archive/.trashed-1770593299-nano_concepts_comprehensive_4.md,c3278279f4849f9c39f731b3e4e6807b0fcf979b16694aa5ae170f921793dd0e
/data/data/com.termux/files/home/pixel8/Q/Q_pixel8/today/simplex/incubator/organized_docs/.trashed-1770593299-STAGED_DEVELOPMENT_PLAN_4.md,/data/data/com.termux/files/home/pixelation/docs/markdown_archive/.trashed-1770593299-STAGED_DEVELOPMENT_PLAN_4.md,ecc860718e23699ed9219ad4195a9c68be85fc6865a6c5c96c27215a4074f1ba
/data/data/com.termux/files/home/pixel8/Q/Q_pixel8/today/simplex/incubator/organized_docs/nessing_constant_framework_v1.md,/data/data/com.termux/files/home/pixelation/docs/markdown_archive/nessing_constant_framework_v1.md,6ccdd362895588107c37eb0a336c450f8f7ab439aac0b4bf11e4e8e7fd2a66c0
/data/data/com.termux/files/home/pixel8/Q/Q_pixel8/today/simplex/incubator/organized_docs/simplex_ai_test_document (1).md,/data/data/com.termux/files/home/pixelation/docs/markdown_archive/simplex_ai_test_document (1).md,3b065f5ee679a81814d7c4c2df1b70eb8df6dd07fa109ef0031f404570556df9
/data/data/com.termux/files/home/pixel8/Q/Q_pixel8/today/simplex/incubator/organized_docs/.trashed-1770593299-Navigation_Guide_Seventh_Pinnacle_20251123_2.md,/data/data/com.termux/files/home/pixelation/docs/markdown_archive/.trashed-1770593299-Navigation_Guide_Seventh_Pinnacle_20251123_2.md,ab7a70885264457c54c66fa4c7e5e16882098c319150116e8b7e33f0564eeb78
/data/data/com.termux/files/home/pixel8/Q/Q_pixel8/today/simplex/incubator/organized_docs/.trashed-1770593299-compass_artifact_wf-15e85897-1b87-4e68-9c53-67477b7035f8_text_markdown_2.md,/data/data/com.termux/files/home/pixelation/docs/markdown_archive/.trashed-1770593299-compass_artifact_wf-15e85897-1b87-4e68-9c53-67477b7035f8_text_markdown_2.md,bcf416051f0991c6dcfcc8885363e0bb96fdd910e18175ccd2d464ad4fbf9e44
/data/data/com.termux/files/home/pixel8/Q/Q_pixel8/today/simplex/incubator/organized_docs/.trashed-1770593299-Claudes_Reflection_on_Three_Years_20251123_2.md,/data/data/com.termux/files/home/pixelation/docs/markdown_archive/.trashed-1770593299-Claudes_Reflection_on_Three_Years_20251123_2.md,eff65d0b347ea3b638e6ac0425421002673caa311b7fa58ac4d1b9a3bfd0b5bf
/data/data/com.termux/files/home/pixel8/Q/Q_pixel8/today/simplex/incubator/project_knowledge_management/MISSION_01_FILE_REMOVAL_3.md,/data/data/com.termux/files/home/pixelation/docs/markdown_archive/MISSION_01_FILE_REMOVAL_3.md,141a685d77c7060604f28d92b9acd9283e985ffb0f3e0c5df1ed9d8c77147c20
/data/data/com.termux/files/home/pixel8/Q/Q_pixel8/today/simplex/incubator/project_knowledge_management/MASTER_EXECUTION_GUIDE_3.md,/data/data/com.termux/files/home/pixelation/docs/markdown_archive/MASTER_EXECUTION_GUIDE_3.md,94ed1af908a98092757d2e5076a7066b2d0705531ed7088f650ac800b256d1fb
/data/data/com.termux/files/home/pixel8/Q/Q_pixel8/today/simplex/incubator/project_knowledge_management/MISSION_02_EXTERNAL_STORAGE_3.md,/data/data/com.termux/files/home/pixelation/docs/markdown_archive/MISSION_02_EXTERNAL_STORAGE_3.md,5ebd0a6bfef8d479145630affeef9c151f41074f5712cbce8eee8da9a52b305e
/data/data/com.termux/files/home/pixel8/Q/Q_pixel8/today/simplex/incubator/project_knowledge_management/PROJECT_KNOWLEDGE_TRIM_PLAN_v1_3.md,/data/data/com.termux/files/home/pixelation/docs/markdown_archive/PROJECT_KNOWLEDGE_TRIM_PLAN_v1_3.md,6c8ad7a98c1add0001dfbcd3f4a94548ab3ce3045dc0b9194246f589516acbe6
/data/data/com.termux/files/home/pixel8/Q/Q_pixel8/today/simplex/incubator/simplex_que/UNEXUSI_STATE_ANALYSIS_4.md,/data/data/com.termux/files/home/pixelation/docs/markdown_archive/UNEXUSI_STATE_ANALYSIS_4.md,0b7d88f0b0202f96054bb06549bc819c83b7e1041412cdcb6659698ead3f764b
/data/data/com.termux/files/home/pixel8/Q/Q_pixel8/today/ACCESS_LOG.md,/data/data/com.termux/files/home/pixelation/docs/markdown_archive/ACCESS_LOG.md,d01a3b6cec91335463daa63d64481b71edc1ff560c2a3c5cb67df74de99c119e
/data/data/com.termux/files/home/pixel8/Q/Q_pixel8/today/INVENTORY.md,/data/data/com.termux/files/home/pixelation/docs/markdown_archive/INVENTORY_v7.md,d4c857e157daa38acb54e7ac52776df171e03e11253b28a6d30cbc6a76f5eb44
/data/data/com.termux/files/home/pixel8/Q/Q_pixel8/today/ORGANIZATION_PLAN.md,/data/data/com.termux/files/home/pixelation/docs/markdown_archive/ORGANIZATION_PLAN.md,18ce417036f783850d65ef693243a40acc134e272297eee8c80f20a2a5fda58f
/data/data/com.termux/files/home/pixel8/Q/Q_pixel8/today/QUICK_INVENTORY.md,/data/data/com.termux/files/home/pixelation/docs/markdown_archive/QUICK_INVENTORY.md,58d9f84ddfb5c9f5606d75aa75cb7931b9abf54da75d97f0d1a4ffa068861d33
/data/data/com.termux/files/home/pixel8/Q/Q_pixel8/today/REORGANIZATION_PROPOSAL.md,/data/data/com.termux/files/home/pixelation/docs/markdown_archive/REORGANIZATION_PROPOSAL.md,2d9a9763a7df4a35497c621dbc2c6d3843a249b76b95f0c1414285fcfe4be651
/data/data/com.termux/files/home/pixel8/Q/Q_pixel8/today/docs/GRAVITY_CORE_INTEGRATION.md,/data/data/com.termux/files/home/pixelation/docs/markdown_archive/GRAVITY_CORE_INTEGRATION.md,fc939e0cb4d9b3fba205cc514a673808a23d23fd17550e0bbf11bf09e20b5ef4
/data/data/com.termux/files/home/pixel8/Q/Q_pixel8/today/docs/MULTI_REPO_PROGRESSION.md,/data/data/com.termux/files/home/pixelation/docs/markdown_archive/MULTI_REPO_PROGRESSION.md,af0656f493b5b2c8f0e42b55597a1cce2c60858d735e0b45e81847c7cbe7b0e2
/data/data/com.termux/files/home/pixel8/Q/Q_pixel8/today/docs/PUSH_FORWARD.md,/data/data/com.termux/files/home/pixelation/docs/markdown_archive/PUSH_FORWARD.md,059c645e34aa896300a2cbca230eae9a0d6b273355f05366cef8e7756443ae19
/data/data/com.termux/files/home/pixel8/Q/Q_pixel8/today/flag_system/README.md,/data/data/com.termux/files/home/pixelation/docs/markdown_archive/README_v789.md,73c097e0563ffdfee7b33f393df7a71f47248a8f32caa5e6c8afc99612c6c0ff
/data/data/com.termux/files/home/pixel8/Q/Q_pixel8/today/flag_system/docs/.trashed-1770593300-FLAG_SYSTEM_COMPLETE_PACKAGE_5.md,/data/data/com.termux/files/home/pixelation/docs/markdown_archive/.trashed-1770593300-FLAG_SYSTEM_COMPLETE_PACKAGE_5.md,e23103baf8c48020e19fc2b7a5c351c5f4bd801c46e619845a6e8fd3b2aa597b
/data/data/com.termux/files/home/pixel8/Q/Q_pixel8/today/gravity_core/README.md,/data/data/com.termux/files/home/pixelation/docs/markdown_archive/README_v790.md,eafa697b30feec514328aa5805b09211c1578ac78fd766e3bd55e3e27c47c7fa
/data/data/com.termux/files/home/pixel8/Q/Q_pixel8/today/legacy/README.md,/data/data/com.termux/files/home/pixelation/docs/markdown_archive/README_v791.md,c185473bdfba786754640bfdc9bf9fa7b36b7caeb916a0d8752446274f60c783
/data/data/com.termux/files/home/pixel8/Q/Q_pixel8/gather(all)_sphincter/portofentry/.trashed-1770416291-README_3.md,/data/data/com.termux/files/home/pixelation/docs/markdown_archive/.trashed-1770416291-README_3.md,6cb03df29f8a13073a28732b802991a4532b9af95581e88dcb691936e8b1fec3
/data/data/com.termux/files/home/pixel8/Q/Q_pixel8/gather(all)_sphincter/portofentry/.trashed-1770416077-VERSION_0_DOCUMENTATION_3.md,/data/data/com.termux/files/home/pixelation/docs/markdown_archive/.trashed-1770416077-VERSION_0_DOCUMENTATION_3.md,4b2aacd7ca5e7013fcda88d7271cef697c8cd8da1f0750ed966c22c45dc03990
/data/data/com.termux/files/home/pixel8/Q/Q_pixel8/gather(all)_sphincter/portofentry/.trashed-1770415959-V4_TERMINAL_INTERFACE_GUIDE_3.md,/data/data/com.termux/files/home/pixelation/docs/markdown_archive/.trashed-1770415959-V4_TERMINAL_INTERFACE_GUIDE_3.md,c73c6d0f69ee6fbd63da0fa29051b0048cdbc3f14759d1b63a319d0e72ec4c71
/data/data/com.termux/files/home/pixel8/Q/Q_pixel8/gather(all)_sphincter/sphincter of quadraginta/unexusi_dev/.trashed-1770415982-pandora_sacred_vector_management_v1 (1)_4.md,/data/data/com.termux/files/home/pixelation/docs/markdown_archive/.trashed-1770415982-pandora_sacred_vector_management_v1 (1)_4.md,4a48b1cc020e047ccb98a4acfac2064c6aa9d9689baf940442c9d2cf4fd52209
/data/data/com.termux/files/home/pixel8/Q/Q_pixel8/gather(all)_sphincter/sphincter of quadraginta/unexusi_dev/codex_0/.trashed-1770415982-PM_Development_Plan_3.md,/data/data/com.termux/files/home/pixelation/docs/markdown_archive/.trashed-1770415982-PM_Development_Plan_3.md,b8572e7f4b3f77f9b184d67996be15d10276ac6c7ecf35539bebd3da2b7b2efc
/data/data/com.termux/files/home/pixel8/Q/Q_pixel8/dev_hub(access to all content)/docs_hub/guides/.trashed-1770414784-SCAT_WORKFLOW_COMPLETE_2.md,/data/data/com.termux/files/home/pixelation/docs/markdown_archive/SCAT_WORKFLOW_COMPLETE.md,0cc407c29ab10b2df9062bccc178a38bebe705ce5bd18645fea0e6e612637553
/data/data/com.termux/files/home/pixel8/Q/Q_pixel8/dev_hub(access to all content)/docs_hub/planning/.trashed-1770416049-drive_restructuring_automation_plan (2)_2.md,/data/data/com.termux/files/home/pixelation/docs/markdown_archive/.trashed-1770416049-drive_restructuring_automation_plan (2)_2.md,6b70ce3dd4be5ad686a7f6e207c1fa9fbdbdf59f99bdb87afe890f5786e6ae72
/data/data/com.termux/files/home/pixel8/Q/Q_pixel8/dev_hub(access to all content)/docs_hub/reference/.trashed-1770414784-INTERACTIVE_CONVERSION_SYSTEM_2.md,/data/data/com.termux/files/home/pixelation/docs/markdown_archive/INTERACTIVE_CONVERSION_SYSTEM.md,fa6e266a499e0724549e5efa534957ef3ec1989194354269d92ade028fb2c69a
/data/data/com.termux/files/home/pixel8/Q/Q_pixel8/dev_hub(access to all content)/docs_hub/reference/.trashed-1770593304-README_2.md,/data/data/com.termux/files/home/pixelation/docs/markdown_archive/.trashed-1770593304-README_2.md,43e81e4177932a99eedd9253efa9028d8e946ac23116c219ed7d14ab0954fae2
/data/data/com.termux/files/home/pixel8/Q/Q_pixel8/dev_hub(access to all content)/docs_hub/reference/.trashed-1770416292-WHERE_AM_I_2.md,/data/data/com.termux/files/home/pixelation/docs/markdown_archive/.trashed-1770416292-WHERE_AM_I_2.md,5e230206a63aa42af38e93d6c2b806e540313adbd30e5d41820d8224c5679661
/data/data/com.termux/files/home/pixel8/Q/Q_pixel8/dev_hub(access to all content)/docs_hub/reference/.trashed-1770414861-UNIVERSAL_CONVERSION_SYSTEM_2.md,/data/data/com.termux/files/home/pixelation/docs/markdown_archive/UNIVERSAL_CONVERSION_SYSTEM.md,03820c0275327b3a12071e7aa8ebb34a16a16adddfc6578483fb8460021077f9
/data/data/com.termux/files/home/pixel8/Q/Q_pixel8/seek(Prime)_codex_consolidated/prime_progression/.trashed-1770593304-13-17_transition_part1_foundation_9.md,/data/data/com.termux/files/home/pixelation/docs/markdown_archive/.trashed-1770593304-13-17_transition_part1_foundation_9.md,8271fa4274ced90d033d5807dbad4dd80de240f6ecd3b5ea5c5301dc96f1fe59
/data/data/com.termux/files/home/pixel8/Q/Q_pixel8/seek(Prime)_codex_consolidated/prime_progression/.trashed-1770593304-13-17_transition_framework_index_9.md,/data/data/com.termux/files/home/pixelation/docs/markdown_archive/.trashed-1770593304-13-17_transition_framework_index_9.md,e717fe539344cb2648f5060b31a0fb0115278af3320be9aabb5c33da98e23f2c
/data/data/com.termux/files/home/pixel8/Q/Q_pixel8/seek(Prime)_codex_consolidated/prime_progression/.trashed-1770593304-13-17_transition_part5_verification_9.md,/data/data/com.termux/files/home/pixelation/docs/markdown_archive/.trashed-1770593304-13-17_transition_part5_verification_9.md,ceae8da1c794cbadd69054a1c617af4ea9568bf80b62d0544891c334a648f99e
/data/data/com.termux/files/home/pixel8/Q/Q_pixel8/seek(Prime)_codex_consolidated/prime_progression/.trashed-1770415894-3-5_PRIME_Part1_Foundation_8.md,/data/data/com.termux/files/home/pixelation/docs/markdown_archive/.trashed-1770415894-3-5_PRIME_Part1_Foundation_8.md,884b57b0e9d44581faee768ac78dfd9d4fcabaa578bc47ad3c2c55af04b112b3
/data/data/com.termux/files/home/pixel8/Q/Q_pixel8/seek(Prime)_codex_consolidated/prime_progression/.trashed-1770416531-3-5_PRIME_Part4_Procedures_8.md,/data/data/com.termux/files/home/pixelation/docs/markdown_archive/.trashed-1770416531-3-5_PRIME_Part4_Procedures_8.md,10b4ac85847a19cd0cb5f99c96988ab1980209f5b16fda673dac677481eb17b5
/data/data/com.termux/files/home/pixel8/Q/Q_pixel8/seek(Prime)_codex_consolidated/prime_progression/.trashed-1770415866-5-7_PRIME_Part1_Foundation_8.md,/data/data/com.termux/files/home/pixelation/docs/markdown_archive/.trashed-1770415866-5-7_PRIME_Part1_Foundation_8.md,e88b2926c14dbb14290f23508f307d92b8274af3e78dd8a3bf1c7a888cd8928b
/data/data/com.termux/files/home/pixel8/Q/Q_pixel8/seek(Prime)_codex_consolidated/prime_progression/.trashed-1770415905-3-5_PRIME_Part2_Assessment_8.md,/data/data/com.termux/files/home/pixelation/docs/markdown_archive/.trashed-1770415905-3-5_PRIME_Part2_Assessment_8.md,0234c5381e9ebc27a063580be24f31220ad1e416cb68b46b1acad8e317d5f1d6
/data/data/com.termux/files/home/pixel8/Q/Q_pixel8/seek(Prime)_codex_consolidated/prime_progression/.trashed-1770593304-13-17_transition_part4_procedures_9.md,/data/data/com.termux/files/home/pixelation/docs/markdown_archive/.trashed-1770593304-13-17_transition_part4_procedures_9.md,dc85a7e8f2903b363071cac9f0e6f652c0717e1530179cf2481aba942b9e217b
/data/data/com.termux/files/home/pixel8/Q/Q_pixel8/seek(Prime)_codex_consolidated/prime_progression/.trashed-1770415884-3-5_PRIME_Part5_Verification_8.md,/data/data/com.termux/files/home/pixelation/docs/markdown_archive/.trashed-1770415884-3-5_PRIME_Part5_Verification_8.md,5524a496427175b2a6ff8e0d83199f0da8025bbb017a2ae6fc994833bf8ac623
/data/data/com.termux/files/home/pixel8/Q/Q_pixel8/seek(Prime)_codex_consolidated/prime_progression/.trashed-1770593304-13-17_transition_part3_trajectory_9.md,/data/data/com.termux/files/home/pixelation/docs/markdown_archive/.trashed-1770593304-13-17_transition_part3_trajectory_9.md,e2f76fcaba5aeab26904ba90cb134ce068797b947603bde98f3b5b26a4ad0c6f
/data/data/com.termux/files/home/pixel8/Q/Q_pixel8/seek(Prime)_codex_consolidated/prime_progression/.trashed-1770593304-13-17_transition_part2_assessment_9.md,/data/data/com.termux/files/home/pixelation/docs/markdown_archive/.trashed-1770593304-13-17_transition_part2_assessment_9.md,d911dc0e1b3b71b920ad665e5ba310deefc00a999da58794effaf8e910a76598
/data/data/com.termux/files/home/pixel8/Q/Q_pixel8/seek(Prime)_codex_consolidated/prime_progression/.trashed-1770415906-3-5_PRIME_Part3_Trajectory_8.md,/data/data/com.termux/files/home/pixelation/docs/markdown_archive/.trashed-1770415906-3-5_PRIME_Part3_Trajectory_8.md,776cd9dd983c4f91d21f50964ba76c4821c8a2bb1ac10ad51d68b5c0e4e1f8f4
/data/data/com.termux/files/home/pixel8/Q/Q_pixel8/seek(Prime)_codex_consolidated/prime_progression/.trashed-1770415884-PINNACLE_PRIME_PROGRESSION_CODEX_MASTER_v¿_7.md,/data/data/com.termux/files/home/pixelation/docs/markdown_archive/.trashed-1770415884-PINNACLE_PRIME_PROGRESSION_CODEX_MASTER_v¿_7.md,80b25d0172f5df9549006cd566fd61705a1065f383310b7432e8e5516b948162
/data/data/com.termux/files/home/pixel8/Q/Q_pixel8/seek(Prime)_codex_consolidated/commission_framework/.trashed-1770415949-CODEX_Commission_Framework_v_12.md,/data/data/com.termux/files/home/pixelation/docs/markdown_archive/.trashed-1770415949-CODEX_Commission_Framework_v_12.md,1260fba0c0fcc20fd192392cecaa91e6cf9dae9756bc5c836a0acf4839d50191
/data/data/com.termux/files/home/pixel8/Q/Q_pixel8/seek(Prime)_codex_consolidated/coordination_docs/.trashed-1770415906-CODEX_Document_Types_9.md,/data/data/com.termux/files/home/pixelation/docs/markdown_archive/.trashed-1770415906-CODEX_Document_Types_9.md,2795c1aa6f4389d7aa79d87cdd8a094c6b6d22133ceb7a6d5fe849f8882e9183
/data/data/com.termux/files/home/pixel8/Q/Q_pixel8/seek(Prime)_codex_consolidated/coordination_docs/.trashed-1770415959-CODEX_Coordination_Strategy_9.md,/data/data/com.termux/files/home/pixelation/docs/markdown_archive/.trashed-1770415959-CODEX_Coordination_Strategy_9.md,5341e3dd34fef93ff7c21cf2edf7379b9d74b1e2d0ad0b3940e5599155c4ca28
/data/data/com.termux/files/home/pixel8/Q/Q_pixel8/seek(Prime)_codex_consolidated/master_structure/.trashed-1770415895-CODEX_Master_Structure_7.md,/data/data/com.termux/files/home/pixelation/docs/markdown_archive/.trashed-1770415895-CODEX_Master_Structure_7.md,6f5d0343e958a8162eb0b437aa8d67778e311919d0361171fda4e43615880bac
/data/data/com.termux/files/home/pixel8/Q/Q_pixel8/seek(Prime)_codex_consolidated/master_structure/.trashed-1770416531-PRIME_17_Heritage_Crystallization_12.md,/data/data/com.termux/files/home/pixelation/docs/markdown_archive/.trashed-1770416531-PRIME_17_Heritage_Crystallization_12.md,63f89fc56ee3153c2ccb514f396f766dd29eda01237b09098f91f639c246af80
/data/data/com.termux/files/home/pixel8/Q/Q_pixel8/seek(Prime)_codex_consolidated/master_structure/.trashed-1770415906-CODEX_Visual_Maps_4.md,/data/data/com.termux/files/home/pixelation/docs/markdown_archive/.trashed-1770415906-CODEX_Visual_Maps_4.md,8b2af69df5d9751a3eaf24c66d77e2d8ed3bc4ef3523815f11d9267e04372a42
/data/data/com.termux/files/home/pixel8/Q/Q_pixel8/seek(Prime)_codex_consolidated/master_structure/.trashed-1770415906-PRIME_07_Sacred_Completion_12.md,/data/data/com.termux/files/home/pixelation/docs/markdown_archive/.trashed-1770415906-PRIME_07_Sacred_Completion_12.md,ced59b2d716ba185a585b453b697fac68d70458df2645fa71299da6e11dfd90a
/data/data/com.termux/files/home/pixel8/Q/Q_pixel8/seek(Prime)_codex_consolidated/master_structure/.trashed-1770415884-PRIME_05_Quintessence_Amplification_v_8.md,/data/data/com.termux/files/home/pixelation/docs/markdown_archive/.trashed-1770415884-PRIME_05_Quintessence_Amplification_v_8.md,1702441f8d8676b52c51ef90bdf0dffbf31312f7d5a46d0ad7e89dee16dbed0b
/data/data/com.termux/files/home/pixel8/Q/Q_pixel8/seek(Prime)_codex_consolidated/master_structure/.trashed-1770415906-PRIME_11_Architectural_Complexity_12.md,/data/data/com.termux/files/home/pixelation/docs/markdown_archive/.trashed-1770415906-PRIME_11_Architectural_Complexity_12.md,bc67c3adb1d3ee3e2f483d874ef93668a10fd3875486c1a8ddab5f960656f180
/data/data/com.termux/files/home/pixel8/Q/Q_pixel8/seek(Prime)_codex_consolidated/master_structure/.trashed-1770416063-€_Upgrade_€_zero-point-codex_7.md,/data/data/com.termux/files/home/pixelation/docs/markdown_archive/.trashed-1770416063-€_Upgrade_€_zero-point-codex_7.md,6a88ed00d14dc53ddad2ea08d257029cd2de1ef684df443d9c5df643b240094b
/data/data/com.termux/files/home/pixel8/Q/Q_pixel8/seek(Prime)_codex_consolidated/master_structure/.trashed-1770415937-PRIME_02_Emergence_Void_v_8.md,/data/data/com.termux/files/home/pixelation/docs/markdown_archive/.trashed-1770415937-PRIME_02_Emergence_Void_v_8.md,5564b30c824db632da42cb992d44bb82d35226e3e87f7e89013ea84ed0706f19
/data/data/com.termux/files/home/pixel8/Q/Q_pixel8/seek(Prime)_codex_consolidated/master_structure/.trashed-1770415906-PRIME_13_Complexity_Navigation_v_15.md,/data/data/com.termux/files/home/pixelation/docs/markdown_archive/.trashed-1770415906-PRIME_13_Complexity_Navigation_v_15.md,f436db2cc75394955b85c1375a4a6c16b676d8a39905adbbcef2abb0ab5123a1
/data/data/com.termux/files/home/pixel8/Q/Q_pixel8/seek(Prime)_codex_consolidated/master_structure/.trashed-1770415949-PRIME_03_Triadic_Stability_v_8.md,/data/data/com.termux/files/home/pixelation/docs/markdown_archive/.trashed-1770415949-PRIME_03_Triadic_Stability_v_8.md,097a1ab4cf126bae13179367e7a8cd27d45eb5111a387541d157c49b4f8eeea2
/data/data/com.termux/files/home/pixel8/Q/Q_pixel8/seek(Prime)_codex_consolidated/README.md,/data/data/com.termux/files/home/pixelation/docs/markdown_archive/README_v792.md,1877a8ec9e726b851fb75667e69ae184303a2f575a07c9d02f0f1a1f17bdf94c
/data/data/com.termux/files/home/pixel8/Q/Q_pixel8/gamemaster/minimetro/minimetro/README.md,/data/data/com.termux/files/home/pixelation/docs/markdown_archive/README_v793.md,7d02a7bba5d3d89c8e4fb5c2b82850e02b5bdc4a79bc332c2d4a8e2059db531a
/data/data/com.termux/files/home/pixel8/Q/Q_pixel8/gamemaster/minimetro/minimetro/GIT_WORKFLOW_GUIDE.md,/data/data/com.termux/files/home/pixelation/docs/markdown_archive/GIT_WORKFLOW_GUIDE.md,fbb3c81b1ed58887e97b07cf55355e0cbd6d6b847566dc50c865bc95c0a3c837
/data/data/com.termux/files/home/pixel8/Q/Q_pixel8/gamemaster/minimetro/minimetro/WHERE_AM_I.md,/data/data/com.termux/files/home/pixelation/docs/markdown_archive/WHERE_AM_I.md,1fdfe19fa2cfdaee7914f824bdfeddd2790ba572dc77919fdedf3d75be11cf8c
/data/data/com.termux/files/home/pixel8/Q/Q_pixel8/.gemini/gemini.md,/data/data/com.termux/files/home/pixelation/docs/markdown_archive/gemini.md,ef575fafbd2b75d678cf2bf53b947377f266dc9e5480af35a7e42adc3554125b
/data/data/com.termux/files/home/pixel8/Q/Q_pixel8/redundancy_entity/.trashed-1770416076-PRIME_COLLAPSE_DESIGN_3.md,/data/data/com.termux/files/home/pixelation/docs/markdown_archive/.trashed-1770416076-PRIME_COLLAPSE_DESIGN_3.md,431c0b841c22045cd0c0166b57e08b5a1a1499ad1e29297cdbdf222a4619414f
/data/data/com.termux/files/home/pixel8/Q/Q_pixel8/redundancy_entity/.trashed-1770415894-GRAVITY_CORE_MISSION_4.md,/data/data/com.termux/files/home/pixelation/docs/markdown_archive/.trashed-1770415894-GRAVITY_CORE_MISSION_4.md,7747cdb5781b791f932df7699fc4cb8906636e9bb017146052490c9fd6bdf9c3
/data/data/com.termux/files/home/pixel8/Q/Q_pixel8/redundancy_entity/.trashed-1770416214-ENTITY_STATUS_3.md,/data/data/com.termux/files/home/pixelation/docs/markdown_archive/.trashed-1770416214-ENTITY_STATUS_3.md,945c2745ef168b7722cae3ed5f8b40e875a8c84e8c7d31bb3f053e3267c94093
/data/data/com.termux/files/home/pixel8/Q/Q_pixel8/redundancy_entity/.trashed-1770416139-READY_TO_COLLAPSE_3.md,/data/data/com.termux/files/home/pixelation/docs/markdown_archive/.trashed-1770416139-READY_TO_COLLAPSE_3.md,101615a28ca262dda1d48350504b1a4dd1e556f611096f6bc1fe6ad9b79637db
/data/data/com.termux/files/home/pixel8/Q/Q_pixel8/redundancy_entity/.trashed-1770415981-REDUNDANCY_REPORT_3.md,/data/data/com.termux/files/home/pixelation/docs/markdown_archive/.trashed-1770415981-REDUNDANCY_REPORT_3.md,7b4a9208949bdd2f2bb795713d0c67d7ea799d9355a63ece644fad8d9aafd4c3
/data/data/com.termux/files/home/pixel8/Q/Q_pixel8/redundancy_entity/.trashed-1770416164-GRAVITY_REPO_ARCHITECTURE_3.md,/data/data/com.termux/files/home/pixelation/docs/markdown_archive/.trashed-1770416164-GRAVITY_REPO_ARCHITECTURE_3.md,26ac697b8e07c32cc0e5aae2053dbc0cff23886611d1073e6d46ae434d9cbf3c
/data/data/com.termux/files/home/pixel8/Q/Q_pixel8/redundancy_entity/.trashed-1770416048-CUSTODY_OPERATIONS_REPORT_3.md,/data/data/com.termux/files/home/pixelation/docs/markdown_archive/.trashed-1770416048-CUSTODY_OPERATIONS_REPORT_3.md,f01892b4c94d31c1c2abd72509354541d041f46db7dd2b0e6f9c08911909ad36
/data/data/com.termux/files/home/pixel8/Q/Q_pixel8/redundancy_entity/.trashed-1770415959-SESSION_COMPLETE_20251220_3.md,/data/data/com.termux/files/home/pixelation/docs/markdown_archive/.trashed-1770415959-SESSION_COMPLETE_20251220_3.md,02d6340cac601a5abe19b773274236fb689e956cefce01a465b75d815c8ca973
/data/data/com.termux/files/home/pixel8/Q/Q_pixel8/redundancy_entity/.trashed-1770415970-REDUNDANCY_RANGER_DESIGN_3.md,/data/data/com.termux/files/home/pixelation/docs/markdown_archive/.trashed-1770415970-REDUNDANCY_RANGER_DESIGN_3.md,260ecf8470a5a9a4e7579b7a7af3c4edd5aaf112ad1bec4272a74cb225d7256b
/data/data/com.termux/files/home/pixel8/Q/Q_pixel8/seek(archive)_conversation_archive/raw_exports/.trashed-1770415982-conversation_20251130_3.md,/data/data/com.termux/files/home/pixelation/docs/markdown_archive/.trashed-1770415982-conversation_20251130_3.md,afaec315c006192d69537e9d76e8851456dee3e2b2075928c44c64f00cdc06b5
/data/data/com.termux/files/home/pixel8/Q/Q_pixel8/seek(archive)_conversation_archive/analysis_tools/.trashed-1770416049-conversation_archaeology_analysis_v1_6.md,/data/data/com.termux/files/home/pixelation/docs/markdown_archive/.trashed-1770416049-conversation_archaeology_analysis_v1_6.md,b7ae8f26d9d20741ae64f6ee8ee983d7110a783677fc9f9ee16e9451e8e1f961
/data/data/com.termux/files/home/pixel8/Q/Q_pixel8/seek(archive)_conversation_archive/analysis_tools/.trashed-1770416215-conversation_sacred_seed_sanctuary_v1_9.md,/data/data/com.termux/files/home/pixelation/docs/markdown_archive/.trashed-1770416215-conversation_sacred_seed_sanctuary_v1_9.md,24812e3c9a3d87f74dc2771543307ff1331b881351836eaf6a5ef825eff95f8d
/data/data/com.termux/files/home/pixel8/Q/Q_pixel8/seek(archive)_conversation_archive/analysis_tools/.trashed-1770416215-conversation_export_reformatter_v2_6.md,/data/data/com.termux/files/home/pixelation/docs/markdown_archive/.trashed-1770416215-conversation_export_reformatter_v2_6.md,67a19e1175f8335ff0b5914932f1985f7d86e497373c952fd154a3504f83db2d
/data/data/com.termux/files/home/pixel8/Q/Q_pixel8/seek(archive)_conversation_archive/README.md,/data/data/com.termux/files/home/pixelation/docs/markdown_archive/README_v794.md,1a22d1aa31617ccd022f7d2ab19f323eab53cd9c066d9dfaf82239b87db12c64
/data/data/com.termux/files/home/pixel8/Q/Q_pixel8/gravity_well/.trashed-1770416049-SERVER_INFO_4.md,/data/data/com.termux/files/home/pixelation/docs/markdown_archive/.trashed-1770416049-SERVER_INFO_4.md,de6b26e0d60ae8f43ec71adad612065d64fc0f88e10c01e8e20b570bc1c90b7d
/data/data/com.termux/files/home/pixel8/Q/Q_pixel8/gravity_well/.trashed-1770416140-SERVER_DEPLOYMENT_COMPLETE_4.md,/data/data/com.termux/files/home/pixelation/docs/markdown_archive/.trashed-1770416140-SERVER_DEPLOYMENT_COMPLETE_4.md,9f5b5dfd97516ff88ed56711565d552a5b216ebc4031628e560d5b796dce5cfd
/data/data/com.termux/files/home/pixel8/Q/Q_pixel8/gravity_well/.trashed-1770416215-WHERE_AM_I_4.md,/data/data/com.termux/files/home/pixelation/docs/markdown_archive/.trashed-1770416215-WHERE_AM_I_4.md,bb18df9169026450f2efff05c608562af88b38654e0f790bd0fc94423c1416b8
/data/data/com.termux/files/home/pixel8/Q/Q_pixel8/gravity_well/.trashed-1770416140-README_4.md,/data/data/com.termux/files/home/pixelation/docs/markdown_archive/.trashed-1770416140-README_4.md,64d26479e757d897e0ff8e61660e76f5ba616b3ce63de97cafa3c11d70e7ee8e
/data/data/com.termux/files/home/pixel8/Q/Q_pixel8/inventory_gravity_well.md,/data/data/com.termux/files/home/pixelation/docs/markdown_archive/inventory_gravity_well.md,afeafe885bae78a0c4aad2d9672c0d100ed74b04b9151add02b3df1027a70ab5
/data/data/com.termux/files/home/pixel8/Q/Q_pixel8/restored_sorted/metadata/METADATA_QUICK_WINS_2.md,/data/data/com.termux/files/home/pixelation/docs/markdown_archive/METADATA_QUICK_WINS_2.md,e07237a63423664c7848bcfd5e64ef6de2a810aa91e4a98f73a04d7ca1bc99b3
/data/data/com.termux/files/home/pixel8/Q/Q_pixel8/restored_sorted/metadata/METADATA_INFRASTRUCTURE_PLAN_2.md,/data/data/com.termux/files/home/pixelation/docs/markdown_archive/METADATA_INFRASTRUCTURE_PLAN_2.md,0ee8cf859c83262fabf4ff0e6273deabf7ced1ad11fff00c080cd8198b5b9f38
/data/data/com.termux/files/home/pixel8/Q/Q_pixel8/actions_summary.md,/data/data/com.termux/files/home/pixelation/docs/markdown_archive/actions_summary.md,852cddbdf74199712dbec233a9045f6137359800071d48bffc015da31aa31511
/data/data/com.termux/files/home/pixel8/Q/GOOGLE_DRIVE_TRASH_GUIDE.md,/data/data/com.termux/files/home/pixelation/docs/markdown_archive/GOOGLE_DRIVE_TRASH_GUIDE.md,2e2aff609cb2ac1b11028f5339a733e03776fb9a52105db1ceaa9037c3f467b5
/data/data/com.termux/files/home/pixel8/Q/RESTORE_FROM_TRASH_PLAN.md,/data/data/com.termux/files/home/pixelation/docs/markdown_archive/RESTORE_FROM_TRASH_PLAN.md,c8c6cbc09122863e03ccb18c84dbb577403c715e03643af032e69310c740b9c8
/data/data/com.termux/files/home/.conversation_archive/20260110_document_rescue/CONVERSATION_PRESERVATION_20260110_0133.md,/data/data/com.termux/files/home/pixelation/docs/markdown_archive/CONVERSATION_PRESERVATION_20260110_0133.md,7d1ecca43ec1df2edb04b1bffa04fa0a40d1b5758b9788dcd358b042ab8d1e90
/data/data/com.termux/files/home/.conversation_archive/20260110_document_rescue/SESSION_CLOSE_20260110_0126.md,/data/data/com.termux/files/home/pixelation/docs/markdown_archive/SESSION_CLOSE_20260110_0126.md,30562e7382ba8c6132ecbce5f9c7fa84e7eda881c97a07bc1e28ec0db08a3a61
/data/data/com.termux/files/home/.conversation_archive/20260110_document_rescue/HANDOFF_NEXT_SESSION.md,/data/data/com.termux/files/home/pixelation/docs/markdown_archive/HANDOFF_NEXT_SESSION.md,274019455ba69dc3af3472459e541ec0a9afed1477f952235a13fe68264f986a
/data/data/com.termux/files/home/GEMINI.md,/data/data/com.termux/files/home/pixelation/docs/markdown_archive/GEMINI.md,80ec86a3b44c7478f00671852adc89034a663d09c0c7ee3edcd7217f1192042d
/data/data/com.termux/files/home/termux_games/keeperrl/README.md,/data/data/com.termux/files/home/pixelation/docs/markdown_archive/README_v795.md,c809db941d41f800ae1a3949ef21e1cf55ac8d194a3f960f2c91da0cd0cb472c
/data/data/com.termux/files/home/.local/zed.app/licenses.md,/data/data/com.termux/files/home/pixelation/docs/markdown_archive/licenses.md,69e1c9d3fd2d96ffa08e6bfddd30e4473440416576ba16020c2b78bdeddb94c3
/data/data/com.termux/files/home/~/system_snapshot_20260212/README.md,/data/data/com.termux/files/home/pixelation/docs/markdown_archive/README_v796.md,798dac8cdd45df875531362575e7f19713ca7320fef1b05e1e81349b61678de9
